Employee_ID,Monthly_Salary,Annual_Salary,Salary_Band,Bonus,Salary_Hike_Percent,Overtime_Pay,Benefits_Value
EMP0001,116400.0,1396800.0,Band C (Senior),112911.2,12.2,25160.66,12716.03
EMP0002,86600.0,1039200.0,Band C (Senior),85548.78,12.29,23517.4,11484.64
EMP0003,38000.0,456000.0,Band A (Entry),67297.65,17.86,19161.99,4046.14
EMP0004,96300.0,1155600.0,Band C (Senior),120341.43,10.7,19174.25,9850.55
EMP0005,37600.0,451200.0,Band A (Entry),51931.47,11.19,19046.43,5964.75
EMP0006,143700.0,1724400.0,Band D (Manager),263579.23,16.71,43761.66,22465.46
EMP0007,45800.0,549600.0,Band B (Mid),37811.08,15.14,11936.34,4686.23
EMP0008,42800.0,513600.0,Band A (Entry),46827.72,12.77,16112.18,6518.23
EMP0009,51900.0,622800.0,Band B (Mid),65971.45,11.37,17088.53,7992.09
EMP0010,112800.0,1353600.0,Band C (Senior),90457.05,9.0,34756.48,14383.05
EMP0011,33000.0,396000.0,Band A (Entry),53786.02,15.38,13048.4,4077.28
EMP0012,169200.0,2030400.0,Band D (Manager),182593.38,9.25,30359.99,20029.67
EMP0013,100900.0,1210800.0,Band C (Senior),129771.5,11.42,25242.6,14955.04
EMP0014,120200.0,1442400.0,Band C (Senior),151270.97,7.66,25638.69,13302.39
EMP0015,38700.0,464400.0,Band A (Entry),69249.77,17.07,18720.5,5567.73
EMP0016,146000.0,1752000.0,Band D (Manager),199705.3,13.76,30358.95,19341.6
EMP0017,263600.0,3163200.0,Band E (Director),387044.13,12.34,29057.43,37165.6
EMP0018,50600.0,607200.0,Band B (Mid),33695.99,5.22,24399.15,8131.38
EMP0019,33500.0,402000.0,Band A (Entry),43782.3,12.89,17842.7,3953.87
EMP0020,41500.0,498000.0,Band A (Entry),33132.87,11.21,16179.76,5188.72
EMP0021,49700.0,596400.0,Band B (Mid),80313.12,12.53,15132.43,6884.81
EMP0022,87300.0,1047600.0,Band C (Senior),154607.73,12.14,18228.49,11002.23
EMP0023,63400.0,760800.0,Band B (Mid),90649.56,13.75,19963.26,9801.94
EMP0024,45300.0,543600.0,Band B (Mid),81393.78,16.02,13097.18,5045.91
EMP0025,25700.0,308400.0,Band A (Entry),39047.01,10.27,10948.38,4453.81
EMP0026,44000.0,528000.0,Band A (Entry),67601.86,13.82,19474.36,7718.88
EMP0027,37900.0,454800.0,Band A (Entry),54224.67,11.98,14539.13,4172.45
EMP0028,305200.0,3662400.0,Band E (Director),443648.82,11.91,78926.24,42401.43
EMP0029,88900.0,1066800.0,Band C (Senior),157659.58,14.96,25423.77,11348.58
EMP0030,64000.0,768000.0,Band B (Mid),88514.37,17.18,20211.3,8163.15
EMP0031,108000.0,1296000.0,Band C (Senior),124306.59,8.42,22077.42,12529.23
EMP0032,28800.0,345600.0,Band A (Entry),46064.01,14.87,15913.78,4119.86
EMP0033,28100.0,337200.0,Band A (Entry),41193.16,13.8,9527.54,4613.97
EMP0034,31300.0,375600.0,Band A (Entry),57249.62,17.33,13178.64,3723.43
EMP0035,350200.0,4202400.0,Band E (Director),510956.13,16.18,17445.26,56981.48
EMP0036,132400.0,1588800.0,Band C (Senior),108915.3,10.67,29322.97,21165.89
EMP0037,74700.0,896400.0,Band B (Mid),64991.01,10.71,24299.87,11238.3
EMP0038,22600.0,271200.0,Band A (Entry),43347.58,12.17,11655.08,3864.69
EMP0039,43300.0,519600.0,Band A (Entry),67462.11,11.81,14052.74,6416.08
EMP0040,49700.0,596400.0,Band B (Mid),55925.22,7.79,14499.78,8150.27
EMP0041,49900.0,598800.0,Band B (Mid),71289.95,14.23,17989.93,8804.06
EMP0042,218600.0,2623200.0,Band D (Manager),258593.08,8.33,34057.82,36796.31
EMP0043,120000.0,1440000.0,Band C (Senior),121672.27,9.91,22546.67,17528.99
EMP0044,83100.0,997200.0,Band C (Senior),53040.4,6.32,19467.27,10247.26
EMP0045,137400.0,1648800.0,Band C (Senior),148138.5,6.73,34298.98,20380.2
EMP0046,357400.0,4288800.0,Band E (Director),528001.72,14.15,30542.51,56360.49
EMP0047,49400.0,592800.0,Band B (Mid),68847.93,12.23,16528.51,7783.75
EMP0048,126900.0,1522800.0,Band C (Senior),159003.71,10.5,36431.37,16728.58
EMP0049,188000.0,2256000.0,Band D (Manager),279150.08,14.83,31649.38,30073.87
EMP0050,54100.0,649200.0,Band B (Mid),79932.97,13.81,28668.1,6847.53
EMP0051,227900.0,2734800.0,Band E (Director),148990.39,3.35,42293.78,25124.68
EMP0052,49300.0,591600.0,Band B (Mid),62365.31,10.75,18332.06,8708.85
EMP0053,85800.0,1029600.0,Band C (Senior),88822.13,9.99,18026.23,14884.17
EMP0054,100800.0,1209600.0,Band C (Senior),103194.13,6.71,30546.98,13498.19
EMP0055,52200.0,626400.0,Band B (Mid),63031.11,13.64,17165.51,7517.44
EMP0056,55800.0,669600.0,Band B (Mid),72082.28,10.29,15167.77,5649.05
EMP0057,80200.0,962400.0,Band C (Senior),100835.78,15.54,31914.77,14130.41
EMP0058,38000.0,456000.0,Band A (Entry),34877.93,10.21,16539.15,4876.37
EMP0059,54300.0,651600.0,Band B (Mid),78622.45,9.69,22450.49,8085.81
EMP0060,46300.0,555600.0,Band B (Mid),90384.89,19.48,17017.98,5129.53
EMP0061,59500.0,714000.0,Band B (Mid),59499.66,12.14,18831.4,6609.01
EMP0062,66400.0,796800.0,Band B (Mid),54830.84,7.14,20493.23,9757.47
EMP0063,44900.0,538800.0,Band A (Entry),68640.05,11.44,14617.52,6908.92
EMP0064,148200.0,1778400.0,Band D (Manager),223661.22,14.95,27543.4,26426.22
EMP0065,58100.0,697200.0,Band B (Mid),85590.35,18.26,13688.03,9062.34
EMP0066,64400.0,772800.0,Band B (Mid),64302.52,6.35,19008.5,9588.31
EMP0067,70800.0,849600.0,Band B (Mid),118871.92,17.19,20637.27,10504.33
EMP0068,27800.0,333600.0,Band A (Entry),33417.95,10.7,10965.87,3391.44
EMP0069,180900.0,2170800.0,Band D (Manager),195813.0,9.09,46045.07,23441.67
EMP0070,56000.0,672000.0,Band B (Mid),56054.34,10.35,15137.51,8402.77
EMP0071,47900.0,574800.0,Band B (Mid),57248.29,11.84,14027.18,5311.82
EMP0072,355800.0,4269600.0,Band E (Director),448270.63,17.26,44471.62,44186.1
EMP0073,112800.0,1353600.0,Band C (Senior),183785.1,15.93,26093.4,12795.53
EMP0074,160000.0,1920000.0,Band D (Manager),239695.26,10.94,41443.2,16461.44
EMP0075,222600.0,2671200.0,Band E (Director),404045.48,19.2,33655.18,30298.21
EMP0076,254900.0,3058800.0,Band E (Director),363071.78,10.79,54043.65,33100.24
EMP0077,44100.0,529200.0,Band A (Entry),77393.07,16.96,14415.19,6384.4
EMP0078,74700.0,896400.0,Band B (Mid),70268.65,8.8,25869.98,9850.39
EMP0079,77900.0,934800.0,Band B (Mid),69224.37,10.38,30830.12,8244.69
EMP0080,31100.0,373200.0,Band A (Entry),43238.88,15.9,10174.81,5252.3
EMP0081,25900.0,310800.0,Band A (Entry),22048.21,10.55,12390.98,2671.27
EMP0082,50400.0,604800.0,Band B (Mid),60990.78,11.99,19717.36,5127.09
EMP0083,129000.0,1548000.0,Band C (Senior),184889.77,14.44,40519.52,13131.02
EMP0084,111500.0,1338000.0,Band C (Senior),160341.34,12.28,31499.74,18191.63
EMP0085,145600.0,1747200.0,Band D (Manager),172229.19,15.89,46956.43,18851.4
EMP0086,45100.0,541200.0,Band B (Mid),82523.35,16.05,17785.26,7923.76
EMP0087,36200.0,434400.0,Band A (Entry),23247.47,7.23,17695.31,4537.7
EMP0088,68700.0,824400.0,Band B (Mid),104721.72,16.57,29900.1,9116.57
EMP0089,76800.0,921600.0,Band B (Mid),140596.48,20.5,24018.06,11974.1
EMP0090,205200.0,2462400.0,Band D (Manager),261586.49,11.81,47950.38,36075.91
EMP0091,166000.0,1992000.0,Band D (Manager),197997.52,13.84,27363.75,28723.73
EMP0092,203200.0,2438400.0,Band D (Manager),312355.45,12.25,41411.68,26425.81
EMP0093,190800.0,2289600.0,Band D (Manager),361384.26,16.06,40056.55,29468.53
EMP0094,388700.0,4664400.0,Band E (Director),391544.15,10.77,33181.1,40774.26
EMP0095,57300.0,687600.0,Band B (Mid),79465.1,10.29,18960.65,8352.09
EMP0096,37000.0,444000.0,Band A (Entry),51093.83,15.37,11857.08,5611.79
EMP0097,28200.0,338400.0,Band A (Entry),40080.01,14.2,11789.65,3445.32
EMP0098,76000.0,912000.0,Band B (Mid),115017.37,13.9,29656.92,11588.31
EMP0099,30400.0,364800.0,Band A (Entry),41786.22,15.35,14573.89,3783.93
EMP0100,26000.0,312000.0,Band A (Entry),32405.55,12.44,12898.31,4194.52
EMP0101,395400.0,4744800.0,Band E (Director),558088.66,12.39,18998.05,41812.66
EMP0102,38600.0,463200.0,Band A (Entry),40915.22,9.96,14380.79,5470.04
EMP0103,382200.0,4586400.0,Band E (Director),368341.02,10.45,30794.57,67270.04
EMP0104,119100.0,1429200.0,Band C (Senior),166657.88,14.6,30598.53,17902.36
EMP0105,145400.0,1744800.0,Band D (Manager),180599.2,14.77,44051.47,25476.61
EMP0106,94200.0,1130400.0,Band C (Senior),105733.99,11.9,26740.42,16558.96
EMP0107,33600.0,403200.0,Band A (Entry),64472.53,18.63,10476.5,5410.97
EMP0108,144400.0,1732800.0,Band D (Manager),190904.31,12.1,33688.9,23729.35
EMP0109,36400.0,436800.0,Band A (Entry),34381.96,5.09,18298.16,5779.29
EMP0110,177900.0,2134800.0,Band D (Manager),323601.39,17.84,25544.39,25053.64
EMP0111,45000.0,540000.0,Band B (Mid),53991.78,12.38,15602.34,7342.55
EMP0112,45800.0,549600.0,Band B (Mid),65080.09,13.95,20215.48,7469.24
EMP0113,97600.0,1171200.0,Band C (Senior),135158.1,14.57,33304.88,16491.61
EMP0114,159100.0,1909200.0,Band D (Manager),241042.05,16.43,32555.79,15999.54
EMP0115,53300.0,639600.0,Band B (Mid),76271.01,13.59,14846.13,5486.43
EMP0116,68500.0,822000.0,Band B (Mid),83528.5,13.27,25349.49,9392.28
EMP0117,36500.0,438000.0,Band A (Entry),49168.41,13.57,16237.4,5745.5
EMP0118,96500.0,1158000.0,Band C (Senior),187069.27,15.78,28003.49,12885.64
EMP0119,37300.0,447600.0,Band A (Entry),21664.82,4.81,11859.43,4869.13
EMP0120,37400.0,448800.0,Band A (Entry),44638.92,12.13,15815.36,3800.76
EMP0121,25700.0,308400.0,Band A (Entry),41771.55,15.36,7546.33,3817.44
EMP0122,34700.0,416400.0,Band A (Entry),34512.02,8.08,12786.07,6121.46
EMP0123,51900.0,622800.0,Band B (Mid),50409.83,7.58,24413.11,7746.8
EMP0124,64300.0,771600.0,Band B (Mid),116720.88,17.78,26446.82,7690.86
EMP0125,45600.0,547200.0,Band B (Mid),57348.42,11.53,16127.24,6879.23
EMP0126,34600.0,415200.0,Band A (Entry),65594.56,19.84,10929.53,4484.49
EMP0127,58700.0,704400.0,Band B (Mid),110790.01,16.7,24872.01,7588.96
EMP0128,37600.0,451200.0,Band A (Entry),48315.78,15.0,19544.8,3928.67
EMP0129,123900.0,1486800.0,Band C (Senior),170404.86,14.63,32555.9,19466.86
EMP0130,182400.0,2188800.0,Band D (Manager),300108.48,15.24,42986.22,18250.64
EMP0131,100400.0,1204800.0,Band C (Senior),184389.09,16.77,34203.59,16789.5
EMP0132,177100.0,2125200.0,Band D (Manager),219437.48,14.53,27771.48,17801.6
EMP0133,29400.0,352800.0,Band A (Entry),42250.81,16.5,8049.54,4770.94
EMP0134,30500.0,366000.0,Band A (Entry),46103.09,8.43,11499.3,3902.93
EMP0135,141700.0,1700400.0,Band D (Manager),226228.84,16.65,33208.84,18128.2
EMP0136,129900.0,1558800.0,Band C (Senior),220605.23,16.28,29885.7,18084.3
EMP0137,177700.0,2132400.0,Band D (Manager),179066.34,12.06,54004.36,20392.92
EMP0138,38300.0,459600.0,Band A (Entry),41267.15,8.97,19684.99,4464.1
EMP0139,127000.0,1524000.0,Band C (Senior),178657.66,14.55,27672.04,19953.79
EMP0140,98700.0,1184400.0,Band C (Senior),112667.43,12.88,34000.21,17044.63
EMP0141,46900.0,562800.0,Band B (Mid),50311.3,10.71,16581.55,5217.56
EMP0142,42300.0,507600.0,Band A (Entry),56579.4,5.99,15279.6,5161.28
EMP0143,327500.0,3930000.0,Band E (Director),401603.03,11.33,25814.02,58459.41
EMP0144,40500.0,486000.0,Band A (Entry),56761.15,11.9,13139.26,6276.09
EMP0145,113800.0,1365600.0,Band C (Senior),200340.82,17.41,33138.51,19727.87
EMP0146,83400.0,1000800.0,Band C (Senior),113083.57,11.25,27997.46,10912.44
EMP0147,96100.0,1153200.0,Band C (Senior),206964.91,23.27,24321.34,15516.34
EMP0148,120200.0,1442400.0,Band C (Senior),155141.19,12.79,22548.91,18849.56
EMP0149,214300.0,2571600.0,Band D (Manager),445414.09,18.54,37755.59,34190.42
EMP0150,55900.0,670800.0,Band B (Mid),93333.85,15.1,21689.96,7720.58
EMP0151,32700.0,392400.0,Band A (Entry),49390.44,12.12,15408.47,4037.11
EMP0152,62800.0,753600.0,Band B (Mid),76221.08,12.38,21449.15,8110.98
EMP0153,92500.0,1110000.0,Band C (Senior),47369.12,6.94,30511.1,10311.0
EMP0154,43700.0,524400.0,Band A (Entry),66526.25,12.07,17200.71,4645.1
EMP0155,43500.0,522000.0,Band A (Entry),57656.12,15.25,21642.74,5672.91
EMP0156,42800.0,513600.0,Band A (Entry),78983.76,16.92,13864.08,7214.14
EMP0157,32100.0,385200.0,Band A (Entry),29004.61,9.07,11992.69,4059.79
EMP0158,33200.0,398400.0,Band A (Entry),65686.32,23.41,12884.35,4809.29
EMP0159,160100.0,1921200.0,Band D (Manager),212664.46,9.24,34043.57,26560.75
EMP0160,25100.0,301200.0,Band A (Entry),42317.11,17.67,8955.22,2720.98
EMP0161,324200.0,3890400.0,Band E (Director),145527.55,7.2,7802.56,42027.66
EMP0162,347300.0,4167600.0,Band E (Director),499214.03,9.64,25257.07,45009.91
EMP0163,47800.0,573600.0,Band B (Mid),60205.61,9.19,19284.96,7502.15
EMP0164,123300.0,1479600.0,Band C (Senior),189933.29,13.25,39647.22,21248.07
EMP0165,77500.0,930000.0,Band B (Mid),110517.74,15.34,21390.17,7797.14
EMP0166,113700.0,1364400.0,Band C (Senior),90286.54,8.5,35001.54,16322.62
EMP0167,38500.0,462000.0,Band A (Entry),65104.96,15.77,18764.6,3859.34
EMP0168,42600.0,511200.0,Band A (Entry),67807.59,16.62,21222.35,5284.96
EMP0169,34400.0,412800.0,Band A (Entry),46869.37,14.99,8142.16,4540.88
EMP0170,76500.0,918000.0,Band B (Mid),126011.04,16.55,25653.31,9369.09
EMP0171,344500.0,4134000.0,Band E (Director),649361.84,15.91,30171.7,45824.64
EMP0172,144200.0,1730400.0,Band D (Manager),190106.18,15.2,46290.97,18589.59
EMP0173,143800.0,1725600.0,Band D (Manager),145970.42,6.9,31946.32,20119.35
EMP0174,279200.0,3350400.0,Band E (Director),256221.21,11.8,21170.48,33504.8
EMP0175,105000.0,1260000.0,Band C (Senior),172826.73,16.33,37253.93,13777.3
EMP0176,40500.0,486000.0,Band A (Entry),59332.78,13.61,11966.65,4760.71
EMP0177,236200.0,2834400.0,Band E (Director),321057.76,14.69,34201.96,31561.17
EMP0178,80700.0,968400.0,Band C (Senior),112431.45,12.5,28046.52,12642.32
EMP0179,37200.0,446400.0,Band A (Entry),54372.67,8.99,17274.12,3810.94
EMP0180,49200.0,590400.0,Band B (Mid),63004.11,13.39,16236.25,8850.65
EMP0181,213200.0,2558400.0,Band D (Manager),298329.75,9.35,26213.05,23858.96
EMP0182,38600.0,463200.0,Band A (Entry),43978.91,9.04,15903.85,6305.53
EMP0183,89700.0,1076400.0,Band C (Senior),171540.69,21.27,33467.39,11032.99
EMP0184,35600.0,427200.0,Band A (Entry),53390.48,12.12,14314.65,3762.57
EMP0185,44600.0,535200.0,Band A (Entry),48531.93,11.86,12785.15,7275.74
EMP0186,25300.0,303600.0,Band A (Entry),20238.62,8.14,9009.65,3673.71
EMP0187,85500.0,1026000.0,Band C (Senior),111867.88,14.56,24054.83,10348.65
EMP0188,177100.0,2125200.0,Band D (Manager),240403.38,15.0,16432.95,23098.46
EMP0189,26600.0,319200.0,Band A (Entry),43596.43,12.85,11382.43,4499.25
EMP0190,38400.0,460800.0,Band A (Entry),42218.56,9.84,16568.43,6010.99
EMP0191,27900.0,334800.0,Band A (Entry),37975.54,11.13,11386.24,3411.38
EMP0192,46100.0,553200.0,Band B (Mid),57952.7,12.3,18504.07,5483.79
EMP0193,50400.0,604800.0,Band B (Mid),49211.88,9.34,21183.55,7321.01
EMP0194,120800.0,1449600.0,Band C (Senior),179149.53,18.93,26882.52,13244.72
EMP0195,103600.0,1243200.0,Band C (Senior),153091.53,14.62,27355.06,12257.29
EMP0196,81600.0,979200.0,Band C (Senior),165833.38,20.4,26165.64,13417.88
EMP0197,43100.0,517200.0,Band A (Entry),45173.34,11.34,14105.47,6811.18
EMP0198,28800.0,345600.0,Band A (Entry),37861.57,12.23,11770.95,2938.9
EMP0199,52200.0,626400.0,Band B (Mid),90543.67,16.22,21971.25,7087.9
EMP0200,224100.0,2689200.0,Band E (Director),267909.02,13.6,30430.8,29557.02
EMP0201,136600.0,1639200.0,Band C (Senior),133219.04,10.0,29519.92,21733.27
EMP0202,211700.0,2540400.0,Band D (Manager),197796.19,8.69,34454.1,28379.64
EMP0203,220400.0,2644800.0,Band E (Director),320043.97,9.85,49701.14,26046.83
EMP0204,117600.0,1411200.0,Band C (Senior),179298.35,12.21,27560.79,19677.64
EMP0205,266800.0,3201600.0,Band E (Director),431403.33,13.04,41015.72,30810.5
EMP0206,56600.0,679200.0,Band B (Mid),99966.49,11.1,22501.45,8591.59
EMP0207,51100.0,613200.0,Band B (Mid),87390.58,15.13,21250.58,6264.45
EMP0208,41400.0,496800.0,Band A (Entry),66897.64,14.73,15917.05,6189.47
EMP0209,53700.0,644400.0,Band B (Mid),66967.53,11.8,20302.04,6111.79
EMP0210,28800.0,345600.0,Band A (Entry),40548.84,9.79,9607.43,4898.4
EMP0211,59500.0,714000.0,Band B (Mid),87368.88,18.23,16196.51,7709.08
EMP0212,113900.0,1366800.0,Band C (Senior),175817.05,18.39,24736.83,17591.05
EMP0213,120600.0,1447200.0,Band C (Senior),180268.73,12.41,25859.27,19294.72
EMP0214,71700.0,860400.0,Band B (Mid),108894.47,16.92,28421.49,9852.8
EMP0215,39900.0,478800.0,Band A (Entry),57378.58,14.62,18710.79,5710.23
EMP0216,103400.0,1240800.0,Band C (Senior),79984.89,6.16,35046.08,11322.96
EMP0217,87400.0,1048800.0,Band C (Senior),96436.24,15.13,27630.97,12522.69
EMP0218,51200.0,614400.0,Band B (Mid),77462.9,13.3,17942.2,7297.98
EMP0219,22000.0,264000.0,Band A (Entry),32102.8,13.74,8075.36,3775.4
EMP0220,42600.0,511200.0,Band A (Entry),68227.68,15.68,20126.54,5459.22
EMP0221,47100.0,565200.0,Band B (Mid),69527.4,13.07,20537.98,5286.72
EMP0222,118500.0,1422000.0,Band C (Senior),194599.07,12.99,27922.08,15697.3
EMP0223,119900.0,1438800.0,Band C (Senior),195049.68,16.95,39977.29,19523.71
EMP0224,119600.0,1435200.0,Band C (Senior),179421.75,18.23,27897.45,12069.93
EMP0225,39500.0,474000.0,Band A (Entry),43238.12,11.54,16302.47,4064.38
EMP0226,81000.0,972000.0,Band C (Senior),120585.64,11.93,16378.28,14571.94
EMP0227,156700.0,1880400.0,Band D (Manager),218705.56,16.45,33587.45,22633.75
EMP0228,41100.0,493200.0,Band A (Entry),42421.66,7.97,15281.11,6472.4
EMP0229,126700.0,1520400.0,Band C (Senior),196376.04,16.19,30041.89,17393.5
EMP0230,92100.0,1105200.0,Band C (Senior),152988.25,15.45,24002.01,10648.52
EMP0231,71400.0,856800.0,Band B (Mid),90476.09,11.99,23677.56,10951.68
EMP0232,44400.0,532800.0,Band A (Entry),90649.18,19.27,13533.85,5296.86
EMP0233,65100.0,781200.0,Band B (Mid),85997.92,12.26,23167.07,8863.05
EMP0234,42100.0,505200.0,Band A (Entry),60104.94,12.35,20381.73,4917.38
EMP0235,24100.0,289200.0,Band A (Entry),27503.61,10.44,10885.52,4160.66
EMP0236,28200.0,338400.0,Band A (Entry),32811.15,9.51,10073.29,3707.86
EMP0237,397800.0,4773600.0,Band E (Director),576932.08,15.13,20901.13,61879.57
EMP0238,31800.0,381600.0,Band A (Entry),43846.29,12.68,17252.59,3643.29
EMP0239,82200.0,986400.0,Band C (Senior),153350.81,15.97,30867.55,12224.73
EMP0240,53400.0,640800.0,Band B (Mid),77933.62,13.29,20437.78,6601.66
EMP0241,202500.0,2430000.0,Band D (Manager),302390.15,13.31,39479.92,22175.77
EMP0242,59000.0,708000.0,Band B (Mid),82256.96,11.88,17453.22,7391.98
EMP0243,207100.0,2485200.0,Band D (Manager),182549.17,8.75,35534.64,21768.2
EMP0244,44200.0,530400.0,Band A (Entry),52066.14,12.62,18551.93,6550.88
EMP0245,26200.0,314400.0,Band A (Entry),31040.31,8.88,11713.4,3784.21
EMP0246,50300.0,603600.0,Band B (Mid),89298.73,16.07,19794.12,8465.5
EMP0247,51600.0,619200.0,Band B (Mid),68888.75,10.15,18425.02,5271.94
EMP0248,114500.0,1374000.0,Band C (Senior),215941.22,12.52,27784.05,15190.04
EMP0249,256000.0,3072000.0,Band E (Director),378446.91,15.02,51747.94,45763.37
EMP0250,64900.0,778800.0,Band B (Mid),103526.69,12.27,16286.55,8291.2
EMP0251,303000.0,3636000.0,Band E (Director),479169.01,11.89,19802.99,31719.04
EMP0252,58900.0,706800.0,Band B (Mid),88559.79,10.92,14826.59,9659.13
EMP0253,32300.0,387600.0,Band A (Entry),51507.88,16.38,11789.84,3470.76
EMP0254,65600.0,787200.0,Band B (Mid),104102.43,13.15,21030.95,10307.71
EMP0255,38000.0,456000.0,Band A (Entry),36693.97,11.17,14426.01,5399.15
EMP0256,111900.0,1342800.0,Band C (Senior),171261.66,13.24,24342.82,19039.6
EMP0257,26300.0,315600.0,Band A (Entry),55054.9,17.59,11545.65,3710.07
EMP0258,48300.0,579600.0,Band B (Mid),70012.05,9.26,18934.75,7454.33
EMP0259,80300.0,963600.0,Band C (Senior),122100.34,12.88,13867.56,9682.17
EMP0260,29500.0,354000.0,Band A (Entry),35455.76,11.38,12994.2,5269.93
EMP0261,30700.0,368400.0,Band A (Entry),32547.14,9.9,12384.77,3583.28
EMP0262,146000.0,1752000.0,Band D (Manager),229576.04,20.12,32873.57,24370.48
EMP0263,27200.0,326400.0,Band A (Entry),41055.58,13.4,10571.28,4204.28
EMP0264,52800.0,633600.0,Band B (Mid),82039.86,14.31,12213.7,7314.54
EMP0265,26600.0,319200.0,Band A (Entry),55168.87,18.45,12273.95,3454.69
EMP0266,30100.0,361200.0,Band A (Entry),63787.92,20.26,10320.58,3215.52
EMP0267,47600.0,571200.0,Band B (Mid),55649.27,9.44,17927.84,7780.49
EMP0268,117600.0,1411200.0,Band C (Senior),215870.38,14.2,30231.24,13899.59
EMP0269,347800.0,4173600.0,Band E (Director),507116.18,18.63,12869.68,59055.29
EMP0270,49600.0,595200.0,Band B (Mid),77858.38,10.46,20043.14,8483.47
EMP0271,450000.0,5400000.0,Band E (Director),729591.82,14.69,23331.1,52569.45
EMP0272,60600.0,727200.0,Band B (Mid),77330.77,13.72,16594.3,7470.23
EMP0273,118400.0,1420800.0,Band C (Senior),200702.69,18.08,31923.16,18574.62
EMP0274,142500.0,1710000.0,Band D (Manager),226182.01,12.71,22556.33,22966.21
EMP0275,103700.0,1244400.0,Band C (Senior),152128.89,13.35,31190.33,10773.95
EMP0276,134800.0,1617600.0,Band C (Senior),245050.58,15.95,34628.98,22385.29
EMP0277,51900.0,622800.0,Band B (Mid),88029.57,13.38,16247.85,8579.62
EMP0278,75000.0,900000.0,Band B (Mid),105364.72,14.08,31702.04,11238.34
EMP0279,36700.0,440400.0,Band A (Entry),54769.49,12.9,12669.4,6286.39
EMP0280,36800.0,441600.0,Band A (Entry),73781.97,17.11,18892.43,6553.11
EMP0281,162300.0,1947600.0,Band D (Manager),242692.56,15.98,36172.23,18891.51
EMP0282,41600.0,499200.0,Band A (Entry),53815.09,10.24,16499.46,7298.65
EMP0283,33200.0,398400.0,Band A (Entry),32703.32,10.99,14427.89,5608.94
EMP0284,46500.0,558000.0,Band B (Mid),64204.31,10.69,19850.93,6835.92
EMP0285,46800.0,561600.0,Band B (Mid),61009.68,10.51,19364.87,5093.58
EMP0286,52600.0,631200.0,Band B (Mid),65800.6,13.39,16947.52,9306.43
EMP0287,73300.0,879600.0,Band B (Mid),113062.42,14.18,25690.45,11688.53
EMP0288,70600.0,847200.0,Band B (Mid),62621.22,4.54,20377.37,9150.15
EMP0289,46300.0,555600.0,Band B (Mid),60368.09,11.25,19274.75,5825.2
EMP0290,97400.0,1168800.0,Band C (Senior),149592.08,13.34,28365.19,17149.68
EMP0291,48800.0,585600.0,Band B (Mid),62911.34,13.59,12441.03,5780.93
EMP0292,122300.0,1467600.0,Band C (Senior),120327.52,11.14,23272.62,20255.75
EMP0293,67000.0,804000.0,Band B (Mid),118386.39,19.0,22607.82,9077.67
EMP0294,92500.0,1110000.0,Band C (Senior),114323.95,9.54,29947.78,14405.48
EMP0295,72100.0,865200.0,Band B (Mid),72484.78,8.91,23254.07,11948.85
EMP0296,347000.0,4164000.0,Band E (Director),393417.92,5.96,25796.62,37462.9
EMP0297,150200.0,1802400.0,Band D (Manager),209336.03,8.36,39119.79,18148.65
EMP0298,83400.0,1000800.0,Band C (Senior),127357.67,14.21,24163.55,9100.41
EMP0299,78200.0,938400.0,Band B (Mid),146676.39,15.06,29173.84,10335.74
EMP0300,33500.0,402000.0,Band A (Entry),51940.92,10.13,11192.72,3730.09
EMP0301,236500.0,2838000.0,Band E (Director),224883.85,5.63,48002.61,40971.16
EMP0302,36900.0,442800.0,Band A (Entry),50454.72,11.6,13619.18,6015.21
EMP0303,45300.0,543600.0,Band B (Mid),53135.78,8.48,21554.35,6636.63
EMP0304,450000.0,5400000.0,Band E (Director),604625.37,8.97,26872.14,51870.76
EMP0305,114000.0,1368000.0,Band C (Senior),124316.34,12.01,35650.04,13320.29
EMP0306,33300.0,399600.0,Band A (Entry),37297.3,13.57,9897.92,4907.58
EMP0307,35300.0,423600.0,Band A (Entry),49155.14,14.39,11302.03,6093.03
EMP0308,34000.0,408000.0,Band A (Entry),47990.56,13.67,16745.17,5937.07
EMP0309,59700.0,716400.0,Band B (Mid),87620.18,12.6,18988.35,10407.63
EMP0310,51800.0,621600.0,Band B (Mid),50025.99,12.78,18931.75,6517.23
EMP0311,215000.0,2580000.0,Band D (Manager),242286.48,5.19,36826.78,33501.04
EMP0312,222000.0,2664000.0,Band E (Director),279629.75,8.36,30721.75,31412.23
EMP0313,66900.0,802800.0,Band B (Mid),104187.04,16.09,19468.16,9662.92
EMP0314,80200.0,962400.0,Band C (Senior),127314.61,14.38,32429.25,12364.54
EMP0315,33700.0,404400.0,Band A (Entry),45281.18,14.22,10920.87,4164.08
EMP0316,46400.0,556800.0,Band B (Mid),88888.06,13.16,21301.16,5633.53
EMP0317,140600.0,1687200.0,Band D (Manager),147987.44,10.4,26109.81,18697.37
EMP0318,31100.0,373200.0,Band A (Entry),57913.9,18.18,14434.32,3690.12
EMP0319,28700.0,344400.0,Band A (Entry),41682.44,15.22,12840.37,4845.62
EMP0320,39600.0,475200.0,Band A (Entry),41210.01,13.4,17970.88,5119.48
EMP0321,37100.0,445200.0,Band A (Entry),59495.22,16.13,15111.27,3824.31
EMP0322,61500.0,738000.0,Band B (Mid),59876.32,14.89,21996.09,9264.66
EMP0323,150100.0,1801200.0,Band D (Manager),152256.41,8.65,39925.31,26850.86
EMP0324,141300.0,1695600.0,Band D (Manager),161161.81,8.59,24026.75,20336.98
EMP0325,87200.0,1046400.0,Band C (Senior),132144.94,15.35,25795.24,10694.4
EMP0326,124600.0,1495200.0,Band C (Senior),182260.67,12.11,22088.45,21452.45
EMP0327,49700.0,596400.0,Band B (Mid),69557.27,11.7,18968.75,7473.98
EMP0328,273100.0,3277200.0,Band E (Director),351461.77,10.46,50972.17,40836.98
EMP0329,46100.0,553200.0,Band B (Mid),87835.03,15.95,15793.7,6308.43
EMP0330,28700.0,344400.0,Band A (Entry),31832.83,9.13,11904.57,4640.97
EMP0331,200200.0,2402400.0,Band D (Manager),224128.77,9.37,29212.53,30757.8
EMP0332,41600.0,499200.0,Band A (Entry),76940.38,13.69,19386.12,5977.84
EMP0333,36100.0,433200.0,Band A (Entry),61605.44,17.98,14694.13,4575.67
EMP0334,24800.0,297600.0,Band A (Entry),34832.98,10.45,11822.22,4035.85
EMP0335,101900.0,1222800.0,Band C (Senior),102833.41,11.44,24226.57,17614.12
EMP0336,44500.0,534000.0,Band A (Entry),61566.57,14.31,13626.52,4775.18
EMP0337,81700.0,980400.0,Band C (Senior),120025.79,16.72,28303.88,8341.06
EMP0338,136800.0,1641600.0,Band C (Senior),174636.22,12.3,27613.22,14769.06
EMP0339,40300.0,483600.0,Band A (Entry),76671.06,16.5,16082.17,6844.86
EMP0340,39300.0,471600.0,Band A (Entry),38668.34,10.66,15721.02,5871.11
EMP0341,72300.0,867600.0,Band B (Mid),108700.48,15.33,19636.49,9528.39
EMP0342,91200.0,1094400.0,Band C (Senior),116204.49,12.03,21822.12,16235.72
EMP0343,42800.0,513600.0,Band A (Entry),77692.03,15.33,13613.65,7513.67
EMP0344,34800.0,417600.0,Band A (Entry),46629.17,14.39,14272.5,4660.6
EMP0345,51900.0,622800.0,Band B (Mid),104350.83,14.27,19441.31,6724.6
EMP0346,151500.0,1818000.0,Band D (Manager),200235.98,10.67,34689.27,21608.0
EMP0347,127500.0,1530000.0,Band C (Senior),133618.8,4.76,31479.73,18795.05
EMP0348,97700.0,1172400.0,Band C (Senior),112988.95,7.8,30262.59,16350.83
EMP0349,87500.0,1050000.0,Band C (Senior),135755.72,11.9,19021.55,14898.75
EMP0350,69400.0,832800.0,Band B (Mid),83783.46,8.66,25410.31,8521.52
EMP0351,28400.0,340800.0,Band A (Entry),46135.91,15.41,10765.6,4780.84
EMP0352,35100.0,421200.0,Band A (Entry),62771.35,18.33,14223.94,3727.36
EMP0353,24700.0,296400.0,Band A (Entry),36194.84,13.46,8610.19,2881.55
EMP0354,38500.0,462000.0,Band A (Entry),38973.33,12.03,14737.95,5142.64
EMP0355,56000.0,672000.0,Band B (Mid),76232.44,7.44,20529.11,5939.81
EMP0356,54700.0,656400.0,Band B (Mid),65218.58,11.58,18197.74,6987.61
EMP0357,77300.0,927600.0,Band B (Mid),138083.12,18.21,24992.17,7898.32
EMP0358,68200.0,818400.0,Band B (Mid),95471.6,10.52,18477.29,11215.61
EMP0359,106000.0,1272000.0,Band C (Senior),169180.62,11.46,31222.73,16334.42
EMP0360,113500.0,1362000.0,Band C (Senior),120293.78,13.1,35244.44,13711.11
EMP0361,25100.0,301200.0,Band A (Entry),22127.13,4.27,7784.0,3560.63
EMP0362,76500.0,918000.0,Band B (Mid),89053.47,9.18,26247.18,10035.46
EMP0363,67600.0,811200.0,Band B (Mid),72277.66,10.29,20200.11,11192.36
EMP0364,81200.0,974400.0,Band C (Senior),99099.59,13.39,23076.44,10029.36
EMP0365,37400.0,448800.0,Band A (Entry),60291.06,14.1,13663.73,4447.07
EMP0366,36200.0,434400.0,Band A (Entry),33233.88,8.27,14045.04,5868.62
EMP0367,110800.0,1329600.0,Band C (Senior),126935.8,11.94,33315.91,17783.67
EMP0368,130600.0,1567200.0,Band C (Senior),249517.21,19.8,28263.32,20411.43
EMP0369,43400.0,520800.0,Band A (Entry),43744.97,10.19,14047.75,4561.86
EMP0370,44200.0,530400.0,Band A (Entry),47437.96,5.62,15916.6,4566.07
EMP0371,144600.0,1735200.0,Band D (Manager),148505.21,13.09,19806.96,25218.57
EMP0372,32600.0,391200.0,Band A (Entry),36247.04,10.56,11307.09,5796.13
EMP0373,229100.0,2749200.0,Band E (Director),291415.85,9.54,49841.49,26662.46
EMP0374,42700.0,512400.0,Band A (Entry),69207.93,17.27,21582.84,5949.3
EMP0375,66900.0,802800.0,Band B (Mid),123327.05,14.62,17186.96,9169.86
EMP0376,91800.0,1101600.0,Band C (Senior),82149.67,11.03,36223.82,11263.62
EMP0377,27200.0,326400.0,Band A (Entry),38749.47,11.43,10817.41,2891.1
EMP0378,195800.0,2349600.0,Band D (Manager),253375.61,15.83,20889.79,23543.6
EMP0379,63400.0,760800.0,Band B (Mid),78811.24,12.15,13814.17,11213.7
EMP0380,325400.0,3904800.0,Band E (Director),508105.55,9.59,29545.76,44065.78
EMP0381,28900.0,346800.0,Band A (Entry),34371.53,11.98,8839.35,3366.39
EMP0382,162800.0,1953600.0,Band D (Manager),295000.47,16.5,22624.63,17265.04
EMP0383,216800.0,2601600.0,Band D (Manager),272216.97,12.42,42370.35,32882.22
EMP0384,49300.0,591600.0,Band B (Mid),74162.16,14.36,15561.96,8244.78
EMP0385,30800.0,369600.0,Band A (Entry),39986.56,10.91,9644.24,3700.81
EMP0386,121900.0,1462800.0,Band C (Senior),179939.59,14.12,25052.99,19547.48
EMP0387,78300.0,939600.0,Band B (Mid),107289.8,13.71,37254.03,7965.22
EMP0388,183200.0,2198400.0,Band D (Manager),300571.33,15.3,32558.82,20214.61
EMP0389,93800.0,1125600.0,Band C (Senior),132243.79,10.83,39900.92,14173.01
EMP0390,38500.0,462000.0,Band A (Entry),51015.45,11.24,14654.95,4140.26
EMP0391,39000.0,468000.0,Band A (Entry),53193.4,14.18,13910.25,5350.78
EMP0392,159000.0,1908000.0,Band D (Manager),164159.5,11.13,43500.09,22063.72
EMP0393,384000.0,4608000.0,Band E (Director),464968.87,8.34,35385.39,39260.3
EMP0394,38000.0,456000.0,Band A (Entry),40610.87,6.87,10539.02,6300.1
EMP0395,129900.0,1558800.0,Band C (Senior),162593.56,15.61,24870.88,20663.94
EMP0396,175600.0,2107200.0,Band D (Manager),196617.68,7.35,22271.08,28667.85
EMP0397,38700.0,464400.0,Band A (Entry),41326.25,9.86,14946.07,5889.9
EMP0398,30700.0,368400.0,Band A (Entry),41482.47,11.99,13581.83,3761.75
EMP0399,161700.0,1940400.0,Band D (Manager),274547.54,10.99,42095.58,25158.37
EMP0400,126100.0,1513200.0,Band C (Senior),115632.1,7.54,34734.35,18376.68
EMP0401,28600.0,343200.0,Band A (Entry),56528.45,17.71,14170.96,4286.68
EMP0402,129300.0,1551600.0,Band C (Senior),165962.49,15.55,32780.13,20710.57
EMP0403,54100.0,649200.0,Band B (Mid),69493.04,16.76,17715.19,6662.35
EMP0404,252300.0,3027600.0,Band E (Director),450610.16,15.46,61832.08,43677.1
EMP0405,166400.0,1996800.0,Band D (Manager),200500.01,14.73,27490.78,22791.75
EMP0406,118800.0,1425600.0,Band C (Senior),148340.05,12.97,34027.66,14884.03
EMP0407,65500.0,786000.0,Band B (Mid),131913.87,18.4,15056.43,9315.88
EMP0408,44400.0,532800.0,Band A (Entry),43448.88,7.36,21414.97,7896.73
EMP0409,71500.0,858000.0,Band B (Mid),95957.4,15.44,18936.85,11181.13
EMP0410,42300.0,507600.0,Band A (Entry),63399.64,14.66,20588.13,4552.61
EMP0411,119500.0,1434000.0,Band C (Senior),132149.27,9.49,34462.32,14588.26
EMP0412,36900.0,442800.0,Band A (Entry),43844.97,11.66,18533.75,5678.19
EMP0413,96200.0,1154400.0,Band C (Senior),129789.24,13.77,28828.09,16990.25
EMP0414,29900.0,358800.0,Band A (Entry),66081.25,18.69,13843.95,4278.85
EMP0415,38000.0,456000.0,Band A (Entry),39475.66,11.48,16536.03,5443.67
EMP0416,44800.0,537600.0,Band A (Entry),50377.3,15.19,19737.83,4482.76
EMP0417,95400.0,1144800.0,Band C (Senior),162004.76,14.2,27709.98,10708.62
EMP0418,106800.0,1281600.0,Band C (Senior),141452.8,10.39,23573.32,17565.15
EMP0419,48700.0,584400.0,Band B (Mid),30316.85,9.19,21757.15,5812.79
EMP0420,142800.0,1713600.0,Band D (Manager),213151.9,11.08,21830.17,20408.44
EMP0421,199600.0,2395200.0,Band D (Manager),304332.07,11.86,34043.27,30863.48
EMP0422,85800.0,1029600.0,Band C (Senior),132209.34,16.49,30143.52,12667.72
EMP0423,104800.0,1257600.0,Band C (Senior),200390.66,20.91,30187.42,16903.96
EMP0424,95000.0,1140000.0,Band C (Senior),157006.41,16.59,24042.4,14396.78
EMP0425,26300.0,315600.0,Band A (Entry),41292.01,11.92,10172.26,3281.62
EMP0426,71700.0,860400.0,Band B (Mid),95986.13,15.14,25200.52,10528.8
EMP0427,44400.0,532800.0,Band A (Entry),46919.75,4.62,16406.63,6912.74
EMP0428,189400.0,2272800.0,Band D (Manager),286376.75,10.86,54626.64,19990.66
EMP0429,259900.0,3118800.0,Band E (Director),394254.78,16.62,47967.74,46070.97
EMP0430,137200.0,1646400.0,Band C (Senior),173791.04,12.82,33893.69,20518.22
EMP0431,61400.0,736800.0,Band B (Mid),72600.19,10.39,19959.87,10931.56
EMP0432,48700.0,584400.0,Band B (Mid),52453.86,6.68,12622.93,8230.8
EMP0433,368500.0,4422000.0,Band E (Director),620382.84,19.34,35825.88,37773.19
EMP0434,39200.0,470400.0,Band A (Entry),82132.58,19.34,13399.67,4178.91
EMP0435,46900.0,562800.0,Band B (Mid),54422.06,10.16,16266.19,7901.03
EMP0436,56900.0,682800.0,Band B (Mid),87752.13,14.86,19318.73,6808.49
EMP0437,39700.0,476400.0,Band A (Entry),46503.49,10.65,15680.02,6865.71
EMP0438,43200.0,518400.0,Band A (Entry),85284.07,12.91,18224.45,7705.13
EMP0439,36400.0,436800.0,Band A (Entry),49546.72,15.65,12717.96,5879.17
EMP0440,51000.0,612000.0,Band B (Mid),73023.2,11.85,24534.33,7648.39
EMP0441,34000.0,408000.0,Band A (Entry),54397.67,9.79,13616.96,4594.24
EMP0442,36900.0,442800.0,Band A (Entry),53172.02,10.48,12562.03,6372.61
EMP0443,29200.0,350400.0,Band A (Entry),28515.58,10.04,10132.36,4388.99
EMP0444,95700.0,1148400.0,Band C (Senior),158496.69,13.34,39201.86,10286.58
EMP0445,195100.0,2341200.0,Band D (Manager),249872.48,11.68,26722.16,30844.9
EMP0446,34600.0,415200.0,Band A (Entry),56898.25,13.96,15368.41,4377.52
EMP0447,131600.0,1579200.0,Band C (Senior),155681.49,15.29,32229.55,14589.51
EMP0448,124800.0,1497600.0,Band C (Senior),216553.44,15.52,35791.39,16139.15
EMP0449,40700.0,488400.0,Band A (Entry),45678.91,11.39,16274.67,6865.86
EMP0450,137800.0,1653600.0,Band C (Senior),260711.33,11.92,39832.01,21962.89
EMP0451,132800.0,1593600.0,Band C (Senior),150079.71,7.8,32555.65,17317.91
EMP0452,57200.0,686400.0,Band B (Mid),85067.14,15.92,18937.57,9490.04
EMP0453,40400.0,484800.0,Band A (Entry),55317.18,17.87,16973.43,5848.26
EMP0454,49000.0,588000.0,Band B (Mid),72195.27,10.65,23149.28,6228.3
EMP0455,409800.0,4917600.0,Band E (Director),522718.42,11.07,34615.68,44326.68
EMP0456,142600.0,1711200.0,Band D (Manager),265221.52,16.51,26754.68,22037.33
EMP0457,207800.0,2493600.0,Band D (Manager),157305.97,7.34,35031.48,24898.93
EMP0458,184100.0,2209200.0,Band D (Manager),230064.24,12.24,23236.29,25857.81
EMP0459,41600.0,499200.0,Band A (Entry),46569.52,8.35,18405.32,4957.15
EMP0460,107300.0,1287600.0,Band C (Senior),202936.1,13.09,26004.45,16148.48
EMP0461,65600.0,787200.0,Band B (Mid),61296.45,5.8,21867.75,6868.17
EMP0462,172500.0,2070000.0,Band D (Manager),197473.42,11.33,52216.83,21098.19
EMP0463,31800.0,381600.0,Band A (Entry),24300.13,10.54,12255.6,4771.16
EMP0464,31800.0,381600.0,Band A (Entry),61911.14,17.31,19825.3,5324.41
EMP0465,151600.0,1819200.0,Band D (Manager),184374.35,8.12,47551.08,24004.16
EMP0466,113100.0,1357200.0,Band C (Senior),171055.67,14.04,25364.3,13917.05
EMP0467,79000.0,948000.0,Band B (Mid),110258.3,13.09,20407.93,10411.66
EMP0468,40100.0,481200.0,Band A (Entry),29512.01,7.81,15772.14,5618.01
EMP0469,44700.0,536400.0,Band A (Entry),63063.56,10.3,13642.22,7854.77
EMP0470,422900.0,5074800.0,Band E (Director),716855.12,15.65,33040.47,48287.19
EMP0471,52400.0,628800.0,Band B (Mid),60531.58,14.17,17029.54,8546.69
EMP0472,60300.0,723600.0,Band B (Mid),88942.87,14.42,23076.08,6578.15
EMP0473,95000.0,1140000.0,Band C (Senior),110446.6,8.68,32403.51,15879.27
EMP0474,68900.0,826800.0,Band B (Mid),95338.05,13.7,18808.47,7501.18
EMP0475,83800.0,1005600.0,Band C (Senior),109095.92,12.07,20659.02,10944.15
EMP0476,76800.0,921600.0,Band B (Mid),109925.15,15.51,19803.04,9951.47
EMP0477,123600.0,1483200.0,Band C (Senior),236370.34,18.72,27570.59,18956.86
EMP0478,177000.0,2124000.0,Band D (Manager),263151.33,12.76,31976.44,22176.01
EMP0479,189500.0,2274000.0,Band D (Manager),270341.05,12.27,28515.13,31168.64
EMP0480,57900.0,694800.0,Band B (Mid),73856.34,8.85,15785.9,10354.52
EMP0481,57200.0,686400.0,Band B (Mid),69963.31,8.56,22874.88,9007.27
EMP0482,103900.0,1246800.0,Band C (Senior),185742.23,16.08,18019.29,10567.12
EMP0483,114600.0,1375200.0,Band C (Senior),122510.7,8.13,35966.18,12340.13
EMP0484,90500.0,1086000.0,Band C (Senior),96708.68,12.21,31157.57,14869.6
EMP0485,122700.0,1472400.0,Band C (Senior),175090.32,9.8,24183.79,16279.3
EMP0486,109500.0,1314000.0,Band C (Senior),130117.19,11.25,19492.56,15438.98
EMP0487,115400.0,1384800.0,Band C (Senior),248974.39,17.82,21100.61,19343.62
EMP0488,147900.0,1774800.0,Band D (Manager),97237.79,8.01,29613.68,23235.06
EMP0489,47700.0,572400.0,Band B (Mid),73120.87,14.57,19413.81,6781.17
EMP0490,78900.0,946800.0,Band B (Mid),117866.04,14.21,21664.14,9784.98
EMP0491,61800.0,741600.0,Band B (Mid),61632.25,10.72,23035.77,6577.25
EMP0492,29900.0,358800.0,Band A (Entry),35399.92,10.58,10849.08,3260.21
EMP0493,197600.0,2371200.0,Band D (Manager),296915.49,13.1,33603.99,20597.73
EMP0494,64300.0,771600.0,Band B (Mid),113321.2,20.7,15365.97,8486.72
EMP0495,39300.0,471600.0,Band A (Entry),38676.7,11.42,15407.83,6909.27
EMP0496,89900.0,1078800.0,Band C (Senior),82451.73,11.19,27541.62,9784.9
EMP0497,142300.0,1707600.0,Band D (Manager),240017.51,18.15,38460.53,20092.97
EMP0498,97400.0,1168800.0,Band C (Senior),185232.46,19.2,15267.76,14539.47
EMP0499,69900.0,838800.0,Band B (Mid),100576.93,12.07,15279.42,12254.0
EMP0500,178700.0,2144400.0,Band D (Manager),126376.27,3.8,26535.44,32093.41
EMP0501,60600.0,727200.0,Band B (Mid),94342.73,18.62,17434.91,9238.99
EMP0502,68300.0,819600.0,Band B (Mid),89840.45,12.4,15746.68,9998.98
EMP0503,38300.0,459600.0,Band A (Entry),57087.69,17.65,16172.14,5997.45
EMP0504,135700.0,1628400.0,Band C (Senior),165720.24,12.69,31593.15,18301.33
EMP0505,164800.0,1977600.0,Band D (Manager),225972.91,9.99,41569.43,26768.99
EMP0506,67700.0,812400.0,Band B (Mid),89092.32,9.36,22560.73,11302.54
EMP0507,52900.0,634800.0,Band B (Mid),90864.81,18.6,12592.46,6199.85
EMP0508,131500.0,1578000.0,Band C (Senior),226017.45,19.78,41277.96,18709.57
EMP0509,108800.0,1305600.0,Band C (Senior),79845.99,5.39,22376.49,13606.95
EMP0510,35700.0,428400.0,Band A (Entry),31103.39,10.46,10996.36,3927.51
EMP0511,379600.0,4555200.0,Band E (Director),734823.38,20.86,34516.16,50739.97
EMP0512,142200.0,1706400.0,Band D (Manager),171623.72,9.7,35713.59,21101.33
EMP0513,305000.0,3660000.0,Band E (Director),358069.86,7.54,30450.33,43130.71
EMP0514,450000.0,5400000.0,Band E (Director),561678.19,10.49,51464.51,58833.56
EMP0515,235100.0,2821200.0,Band E (Director),341424.89,14.61,46980.28,33963.53
EMP0516,132500.0,1590000.0,Band C (Senior),165796.11,12.79,31020.7,18601.37
EMP0517,54800.0,657600.0,Band B (Mid),75094.17,10.45,14129.11,5599.41
EMP0518,38700.0,464400.0,Band A (Entry),45425.97,8.52,13476.51,6006.3
EMP0519,57000.0,684000.0,Band B (Mid),76164.74,11.01,17258.16,9297.13
EMP0520,138700.0,1664400.0,Band C (Senior),195027.63,15.6,32631.23,18991.43
EMP0521,53800.0,645600.0,Band B (Mid),55101.26,9.43,19299.04,8183.77
EMP0522,245100.0,2941200.0,Band E (Director),311942.87,10.97,49246.83,29252.18
EMP0523,35300.0,423600.0,Band A (Entry),49050.03,13.54,14097.75,5589.84
EMP0524,62500.0,750000.0,Band B (Mid),112560.26,14.32,17572.43,8525.23
EMP0525,75000.0,900000.0,Band B (Mid),126687.95,14.17,24243.5,11345.07
EMP0526,75600.0,907200.0,Band B (Mid),108168.2,13.46,34588.13,11628.22
EMP0527,24700.0,296400.0,Band A (Entry),30329.04,12.97,8857.22,3323.48
EMP0528,42700.0,512400.0,Band A (Entry),62037.22,12.42,19393.96,4909.57
EMP0529,117900.0,1414800.0,Band C (Senior),173635.43,16.81,27596.55,20636.99
EMP0530,63000.0,756000.0,Band B (Mid),94301.57,14.32,21034.42,10475.75
EMP0531,24500.0,294000.0,Band A (Entry),48883.22,18.1,9118.78,3201.12
EMP0532,24000.0,288000.0,Band A (Entry),38231.62,17.18,10116.66,3126.6
EMP0533,62600.0,751200.0,Band B (Mid),77228.81,13.16,19608.1,10504.21
EMP0534,37600.0,451200.0,Band A (Entry),47600.85,9.53,17013.53,6022.73
EMP0535,145000.0,1740000.0,Band D (Manager),230883.78,14.1,38048.67,17717.17
EMP0536,111800.0,1341600.0,Band C (Senior),193633.88,15.41,25349.43,18525.22
EMP0537,29600.0,355200.0,Band A (Entry),40590.63,14.5,11929.05,3762.09
EMP0538,65300.0,783600.0,Band B (Mid),66501.92,10.91,24577.31,10927.0
EMP0539,49300.0,591600.0,Band B (Mid),51169.51,5.19,23034.97,5365.83
EMP0540,37800.0,453600.0,Band A (Entry),52878.23,15.8,10113.41,6645.13
EMP0541,239100.0,2869200.0,Band E (Director),378888.5,16.48,43258.88,30910.21
EMP0542,81900.0,982800.0,Band C (Senior),123521.19,15.37,30058.86,14224.36
EMP0543,206500.0,2478000.0,Band D (Manager),212219.69,9.65,28715.34,24724.15
EMP0544,40700.0,488400.0,Band A (Entry),72958.68,17.52,22884.57,5285.05
EMP0545,52300.0,627600.0,Band B (Mid),71677.93,14.48,19808.91,6290.68
EMP0546,59200.0,710400.0,Band B (Mid),88595.98,11.99,21840.97,8697.41
EMP0547,58900.0,706800.0,Band B (Mid),83395.61,15.27,17060.62,7084.82
EMP0548,417600.0,5011200.0,Band E (Director),430676.29,9.75,14089.37,64299.17
EMP0549,31500.0,378000.0,Band A (Entry),32764.9,10.52,10606.1,4862.86
EMP0550,160800.0,1929600.0,Band D (Manager),122128.65,8.26,22680.67,25950.64
EMP0551,202900.0,2434800.0,Band D (Manager),260851.04,11.66,31948.92,27647.76
EMP0552,86200.0,1034400.0,Band C (Senior),47013.16,4.87,24975.77,11570.85
EMP0553,64100.0,769200.0,Band B (Mid),79529.9,13.52,27877.2,7694.26
EMP0554,43700.0,524400.0,Band A (Entry),67420.99,13.18,16234.35,6070.48
EMP0555,33800.0,405600.0,Band A (Entry),48484.57,12.63,14567.8,4808.15
EMP0556,116700.0,1400400.0,Band C (Senior),174904.96,15.35,28736.87,14260.75
EMP0557,89500.0,1074000.0,Band C (Senior),94554.39,10.79,23702.1,12944.44
EMP0558,179100.0,2149200.0,Band D (Manager),278116.71,13.96,35148.36,20374.52
EMP0559,49600.0,595200.0,Band B (Mid),66610.33,12.05,18510.35,6620.51
EMP0560,61200.0,734400.0,Band B (Mid),95688.15,18.12,21759.35,7711.13
EMP0561,137300.0,1647600.0,Band C (Senior),213937.5,13.71,32712.33,19592.02
EMP0562,58800.0,705600.0,Band B (Mid),63940.55,8.88,13114.24,9527.12
EMP0563,188000.0,2256000.0,Band D (Manager),271277.61,16.18,57376.76,19264.23
EMP0564,27600.0,331200.0,Band A (Entry),43992.99,11.74,12026.22,3731.07
EMP0565,276700.0,3320400.0,Band E (Director),393764.65,10.8,18553.92,29895.85
EMP0566,134300.0,1611600.0,Band C (Senior),207993.39,12.69,29824.39,17238.5
EMP0567,160700.0,1928400.0,Band D (Manager),286591.25,20.28,22027.24,25533.4
EMP0568,71500.0,858000.0,Band B (Mid),87306.15,11.93,25161.29,10784.15
EMP0569,117600.0,1411200.0,Band C (Senior),148676.76,12.77,33219.25,18502.19
EMP0570,34500.0,414000.0,Band A (Entry),24574.71,5.87,12248.9,5697.07
EMP0571,130900.0,1570800.0,Band C (Senior),165115.32,12.02,30703.86,16653.79
EMP0572,30500.0,366000.0,Band A (Entry),40504.18,9.84,9372.67,3960.34
EMP0573,51400.0,616800.0,Band B (Mid),38570.73,4.44,27194.4,5914.35
EMP0574,71500.0,858000.0,Band B (Mid),107482.28,14.5,22101.76,9024.59
EMP0575,34600.0,415200.0,Band A (Entry),53450.1,14.79,13230.77,5171.08
EMP0576,50400.0,604800.0,Band B (Mid),62481.07,13.72,14387.54,7741.88
EMP0577,104900.0,1258800.0,Band C (Senior),116087.6,9.89,25221.77,16448.57
EMP0578,34200.0,410400.0,Band A (Entry),43487.3,8.63,15940.47,4888.71
EMP0579,106700.0,1280400.0,Band C (Senior),173674.89,12.97,31055.65,11102.52
EMP0580,31200.0,374400.0,Band A (Entry),30204.94,10.52,10839.2,4730.94
EMP0581,149300.0,1791600.0,Band D (Manager),203876.57,9.4,53188.01,25046.97
EMP0582,157300.0,1887600.0,Band D (Manager),329390.01,20.57,30414.22,26711.22
EMP0583,60900.0,730800.0,Band B (Mid),89197.61,15.59,19106.95,6200.9
EMP0584,108400.0,1300800.0,Band C (Senior),165946.93,13.82,21981.85,14110.28
EMP0585,144400.0,1732800.0,Band D (Manager),189558.69,13.73,28161.76,20115.67
EMP0586,139600.0,1675200.0,Band C (Senior),117737.02,4.94,35957.99,20928.53
EMP0587,89400.0,1072800.0,Band C (Senior),125364.38,11.98,30121.64,14632.34
EMP0588,83800.0,1005600.0,Band C (Senior),122782.43,10.81,17787.84,8564.17
EMP0589,130900.0,1570800.0,Band C (Senior),136801.85,9.93,35008.81,22517.11
EMP0590,43400.0,520800.0,Band A (Entry),75909.44,13.66,16764.85,5854.7
EMP0591,115100.0,1381200.0,Band C (Senior),176309.58,15.27,30333.46,20407.86
EMP0592,38100.0,457200.0,Band A (Entry),63913.54,17.76,17429.93,6214.73
EMP0593,146600.0,1759200.0,Band D (Manager),155434.38,8.5,22643.38,19310.1
EMP0594,37700.0,452400.0,Band A (Entry),45170.8,8.56,12993.28,6636.8
EMP0595,41100.0,493200.0,Band A (Entry),43716.29,6.78,19141.42,5638.3
EMP0596,445000.0,5340000.0,Band E (Director),675927.09,12.99,44335.7,48362.66
EMP0597,128700.0,1544400.0,Band C (Senior),184011.94,14.18,27447.32,14936.53
EMP0598,235900.0,2830800.0,Band E (Director),391911.11,19.19,40725.93,33706.85
EMP0599,382500.0,4590000.0,Band E (Director),416783.29,8.64,29079.26,61455.58
EMP0600,55900.0,670800.0,Band B (Mid),69679.93,9.98,14862.25,6981.09
EMP0601,42200.0,506400.0,Band A (Entry),61048.76,12.11,21315.72,7386.26
EMP0602,35100.0,421200.0,Band A (Entry),50643.38,14.79,18382.91,4229.95
EMP0603,56700.0,680400.0,Band B (Mid),66807.55,10.92,17433.15,10103.56
EMP0604,24500.0,294000.0,Band A (Entry),33977.72,12.74,8951.03,3721.36
EMP0605,140100.0,1681200.0,Band D (Manager),224412.17,11.47,23754.36,22243.12
EMP0606,31000.0,372000.0,Band A (Entry),42799.36,12.63,10796.07,4059.07
EMP0607,26500.0,318000.0,Band A (Entry),28598.07,11.97,10596.69,3777.55
EMP0608,40400.0,484800.0,Band A (Entry),27863.95,5.52,18070.24,5180.38
EMP0609,35600.0,427200.0,Band A (Entry),47151.2,13.09,8389.42,4998.65
EMP0610,33800.0,405600.0,Band A (Entry),42244.17,12.25,11316.45,5656.77
EMP0611,171000.0,2052000.0,Band D (Manager),190639.84,8.16,46457.68,27597.06
EMP0612,36100.0,433200.0,Band A (Entry),47183.24,12.24,13898.07,5991.83
EMP0613,75000.0,900000.0,Band B (Mid),89633.17,11.13,17092.47,9976.64
EMP0614,178700.0,2144400.0,Band D (Manager),263106.42,13.86,45974.34,22118.1
EMP0615,48500.0,582000.0,Band B (Mid),65514.19,12.02,17103.13,7146.94
EMP0616,145300.0,1743600.0,Band D (Manager),188050.45,13.77,37438.48,25598.99
EMP0617,53300.0,639600.0,Band B (Mid),70829.06,8.43,18501.09,8339.81
EMP0618,29300.0,351600.0,Band A (Entry),29962.91,11.63,11212.36,3475.19
EMP0619,49900.0,598800.0,Band B (Mid),81122.39,12.8,20620.3,8153.65
EMP0620,450000.0,5400000.0,Band E (Director),443448.5,4.94,25909.18,76893.61
EMP0621,51600.0,619200.0,Band B (Mid),54219.11,8.42,16105.54,8202.04
EMP0622,35000.0,420000.0,Band A (Entry),44196.9,10.67,14112.89,5531.76
EMP0623,79800.0,957600.0,Band B (Mid),133155.95,14.7,24752.65,12303.37
EMP0624,107100.0,1285200.0,Band C (Senior),164144.85,14.0,26645.13,15559.69
EMP0625,126400.0,1516800.0,Band C (Senior),239683.72,16.29,29866.77,16626.41
EMP0626,49400.0,592800.0,Band B (Mid),64302.87,13.37,18719.63,7776.82
EMP0627,214200.0,2570400.0,Band D (Manager),253903.3,14.01,32083.42,28639.22
EMP0628,110300.0,1323600.0,Band C (Senior),133146.41,8.54,33681.95,12594.23
EMP0629,139800.0,1677600.0,Band C (Senior),192773.48,7.89,40175.34,23998.16
EMP0630,22800.0,273600.0,Band A (Entry),41392.17,15.81,7709.1,3950.57
EMP0631,33800.0,405600.0,Band A (Entry),48228.72,15.46,16106.41,3719.93
EMP0632,450000.0,5400000.0,Band E (Director),730671.76,14.49,58910.94,73957.66
EMP0633,56100.0,673200.0,Band B (Mid),89671.87,13.41,22249.08,8395.29
EMP0634,59200.0,710400.0,Band B (Mid),90109.45,12.58,15680.12,7486.27
EMP0635,84900.0,1018800.0,Band C (Senior),103644.24,13.3,30379.48,10729.47
EMP0636,45800.0,549600.0,Band B (Mid),65179.33,13.72,17157.95,5114.76
EMP0637,104500.0,1254000.0,Band C (Senior),156182.76,16.28,14965.52,14179.9
EMP0638,37400.0,448800.0,Band A (Entry),62138.37,12.48,14631.94,4374.54
EMP0639,111900.0,1342800.0,Band C (Senior),192582.32,13.56,26384.06,17210.94
EMP0640,71800.0,861600.0,Band B (Mid),101217.67,12.71,27346.11,12610.18
EMP0641,30600.0,367200.0,Band A (Entry),37743.67,10.46,13120.2,3788.01
EMP0642,35600.0,427200.0,Band A (Entry),52098.91,7.72,13025.48,4295.84
EMP0643,159100.0,1909200.0,Band D (Manager),166865.28,9.14,33932.29,22547.98
EMP0644,52400.0,628800.0,Band B (Mid),81782.45,13.26,27606.8,5724.63
EMP0645,30200.0,362400.0,Band A (Entry),26382.08,8.76,14691.25,3362.74
EMP0646,124600.0,1495200.0,Band C (Senior),168902.33,14.94,36747.14,14226.4
EMP0647,80300.0,963600.0,Band C (Senior),162681.36,23.28,32690.03,13354.39
EMP0648,68000.0,816000.0,Band B (Mid),99966.84,13.46,23664.24,9536.81
EMP0649,25800.0,309600.0,Band A (Entry),27636.5,8.2,9814.89,4204.64
EMP0650,303200.0,3638400.0,Band E (Director),353297.59,14.66,54979.47,50526.61
EMP0651,39400.0,472800.0,Band A (Entry),70858.09,16.41,16515.86,4890.67
EMP0652,24900.0,298800.0,Band A (Entry),33111.09,13.52,8558.77,2839.16
EMP0653,39200.0,470400.0,Band A (Entry),69484.24,12.78,18479.42,4109.74
EMP0654,38200.0,458400.0,Band A (Entry),54202.69,12.05,14431.04,6063.86
EMP0655,30800.0,369600.0,Band A (Entry),37827.42,12.33,15857.85,4406.59
EMP0656,46900.0,562800.0,Band B (Mid),98647.12,23.47,18342.47,7885.1
EMP0657,31500.0,378000.0,Band A (Entry),44362.77,12.71,9685.06,4802.33
EMP0658,62100.0,745200.0,Band B (Mid),64708.02,15.42,23934.53,7053.51
EMP0659,156000.0,1872000.0,Band D (Manager),197702.06,16.86,21661.26,21648.12
EMP0660,26100.0,313200.0,Band A (Entry),38253.55,11.58,11552.05,3456.84
EMP0661,34500.0,414000.0,Band A (Entry),57736.85,14.06,10559.33,3781.08
EMP0662,171500.0,2058000.0,Band D (Manager),321906.09,13.13,39628.34,19090.34
EMP0663,168800.0,2025600.0,Band D (Manager),217229.87,12.94,33323.06,26406.33
EMP0664,98500.0,1182000.0,Band C (Senior),83049.82,7.21,29991.13,15060.93
EMP0665,38100.0,457200.0,Band A (Entry),55091.15,14.43,16135.31,5090.88
EMP0666,48100.0,577200.0,Band B (Mid),58500.62,13.77,18649.07,5290.58
EMP0667,43800.0,525600.0,Band A (Entry),53094.79,13.72,13286.87,5281.45
EMP0668,41000.0,492000.0,Band A (Entry),39587.26,8.78,17574.8,5540.96
EMP0669,56800.0,681600.0,Band B (Mid),76211.88,10.97,16862.18,9037.97
EMP0670,62400.0,748800.0,Band B (Mid),63209.0,10.75,21699.26,8311.12
EMP0671,76300.0,915600.0,Band B (Mid),91137.92,13.02,26583.5,12236.34
EMP0672,51000.0,612000.0,Band B (Mid),37638.76,9.4,15337.2,6588.46
EMP0673,26200.0,314400.0,Band A (Entry),39607.37,12.78,9492.69,3882.44
EMP0674,72400.0,868800.0,Band B (Mid),114418.07,14.21,24656.18,11573.18
EMP0675,111200.0,1334400.0,Band C (Senior),95519.75,6.58,25043.81,14848.62
EMP0676,241200.0,2894400.0,Band E (Director),244916.18,12.54,44153.28,33175.46
EMP0677,22800.0,273600.0,Band A (Entry),26055.84,13.52,9750.36,2378.72
EMP0678,75800.0,909600.0,Band B (Mid),133583.97,15.83,33267.55,8262.08
EMP0679,51300.0,615600.0,Band B (Mid),38217.15,1.87,18073.04,7924.36
EMP0680,47000.0,564000.0,Band B (Mid),61966.56,14.54,21331.81,5063.32
EMP0681,103600.0,1243200.0,Band C (Senior),99152.47,6.72,20489.53,11919.91
EMP0682,45000.0,540000.0,Band B (Mid),58162.73,5.51,15448.31,6247.65
EMP0683,68800.0,825600.0,Band B (Mid),107652.97,15.04,24399.57,11986.27
EMP0684,82100.0,985200.0,Band C (Senior),118248.53,12.17,24941.98,14758.53
EMP0685,27500.0,330000.0,Band A (Entry),39080.92,13.98,7025.55,4454.78
EMP0686,33600.0,403200.0,Band A (Entry),33392.1,12.53,15207.87,4332.1
EMP0687,78600.0,943200.0,Band B (Mid),150214.61,20.3,29042.17,8978.17
EMP0688,325700.0,3908400.0,Band E (Director),471040.11,15.72,13468.35,43201.3
EMP0689,51200.0,614400.0,Band B (Mid),87926.32,12.46,10434.93,5378.26
EMP0690,83900.0,1006800.0,Band C (Senior),95050.25,6.52,29435.51,10300.42
EMP0691,31700.0,380400.0,Band A (Entry),28259.74,9.53,15863.97,4965.35
EMP0692,47700.0,572400.0,Band B (Mid),88274.18,17.71,16344.55,7132.45
EMP0693,43400.0,520800.0,Band A (Entry),68944.58,10.29,18917.94,7568.88
EMP0694,53500.0,642000.0,Band B (Mid),71730.81,10.66,14339.74,6692.66
EMP0695,75400.0,904800.0,Band B (Mid),99857.3,14.6,19342.63,10056.92
EMP0696,75600.0,907200.0,Band B (Mid),67959.97,4.95,26786.85,12004.67
EMP0697,40000.0,480000.0,Band A (Entry),61967.37,11.17,15894.02,4805.99
EMP0698,32800.0,393600.0,Band A (Entry),40195.89,12.32,13065.32,3908.77
EMP0699,34300.0,411600.0,Band A (Entry),46486.99,14.62,14005.13,6114.63
EMP0700,64400.0,772800.0,Band B (Mid),73299.31,9.58,16213.59,8232.12
EMP0701,226300.0,2715600.0,Band E (Director),345268.43,10.04,43948.43,38489.53
EMP0702,41700.0,500400.0,Band A (Entry),51794.24,10.57,13989.31,5513.88
EMP0703,72200.0,866400.0,Band B (Mid),110418.88,13.3,18608.34,12414.48
EMP0704,123100.0,1477200.0,Band C (Senior),238830.66,17.67,43446.3,20473.92
EMP0705,40200.0,482400.0,Band A (Entry),70703.9,15.27,12673.43,4962.66
EMP0706,33600.0,403200.0,Band A (Entry),55584.55,15.1,17096.94,3494.95
EMP0707,41100.0,493200.0,Band A (Entry),60385.15,15.84,12895.45,6294.97
EMP0708,131300.0,1575600.0,Band C (Senior),103755.51,3.18,34055.36,16711.75
EMP0709,56500.0,678000.0,Band B (Mid),89846.97,17.11,19758.01,7142.27
EMP0710,129100.0,1549200.0,Band C (Senior),195377.26,14.34,20497.33,20299.19
EMP0711,207500.0,2490000.0,Band D (Manager),321627.71,14.01,55276.53,27580.82
EMP0712,82300.0,987600.0,Band C (Senior),97749.75,14.51,19600.43,10052.71
EMP0713,356800.0,4281600.0,Band E (Director),322856.11,7.04,11867.23,60256.12
EMP0714,119700.0,1436400.0,Band C (Senior),171894.78,12.79,27525.07,19590.48
EMP0715,190400.0,2284800.0,Band D (Manager),325519.19,15.56,38834.24,31333.09
EMP0716,128600.0,1543200.0,Band C (Senior),229006.32,15.32,38930.03,16217.63
EMP0717,117200.0,1406400.0,Band C (Senior),144850.36,10.82,36847.46,20884.82
EMP0718,148100.0,1777200.0,Band D (Manager),170502.71,9.03,42608.7,20858.34
EMP0719,190600.0,2287200.0,Band D (Manager),325282.61,16.18,31031.3,23871.08
EMP0720,61800.0,741600.0,Band B (Mid),68189.61,10.25,20334.03,6867.55
EMP0721,54800.0,657600.0,Band B (Mid),105773.89,21.63,14803.79,9030.32
EMP0722,79600.0,955200.0,Band B (Mid),105705.19,12.15,23470.83,12450.55
EMP0723,285500.0,3426000.0,Band E (Director),337882.87,10.32,49280.83,49947.67
EMP0724,47700.0,572400.0,Band B (Mid),74337.63,13.02,17141.62,5126.31
EMP0725,121800.0,1461600.0,Band C (Senior),240029.58,18.39,30689.95,12712.65
EMP0726,113300.0,1359600.0,Band C (Senior),110199.11,10.56,26333.62,19395.37
EMP0727,450000.0,5400000.0,Band E (Director),869873.47,19.33,26024.71,54067.75
EMP0728,49800.0,597600.0,Band B (Mid),69833.45,12.82,15930.89,6300.29
EMP0729,88800.0,1065600.0,Band C (Senior),173088.43,16.23,24263.05,9781.89
EMP0730,125300.0,1503600.0,Band C (Senior),166515.02,9.5,25906.74,17555.71
EMP0731,157200.0,1886400.0,Band D (Manager),157580.06,7.64,34174.13,18321.05
EMP0732,243300.0,2919600.0,Band E (Director),371228.83,11.93,48404.27,25493.53
EMP0733,97200.0,1166400.0,Band C (Senior),165224.11,13.03,39768.1,17140.37
EMP0734,55600.0,667200.0,Band B (Mid),105706.55,21.39,17960.47,6175.49
EMP0735,35900.0,430800.0,Band A (Entry),66552.81,16.36,12026.78,4644.06
EMP0736,326700.0,3920400.0,Band E (Director),548677.2,18.58,17208.74,37906.21
EMP0737,43000.0,516000.0,Band A (Entry),55434.47,9.05,12717.45,7134.06
EMP0738,135800.0,1629600.0,Band C (Senior),171790.37,11.83,32924.06,22067.59
EMP0739,128400.0,1540800.0,Band C (Senior),150026.47,9.56,25117.98,22281.57
EMP0740,56300.0,675600.0,Band B (Mid),72731.05,10.42,19718.68,7768.39
EMP0741,36400.0,436800.0,Band A (Entry),44628.85,9.82,13809.05,5931.07
EMP0742,57800.0,693600.0,Band B (Mid),38782.24,4.76,22835.13,9531.1
EMP0743,191800.0,2301600.0,Band D (Manager),272101.46,12.92,32841.11,32057.34
EMP0744,60500.0,726000.0,Band B (Mid),90239.13,11.88,21185.33,6807.5
EMP0745,43400.0,520800.0,Band A (Entry),87035.04,20.99,18686.85,6042.86
EMP0746,122600.0,1471200.0,Band C (Senior),180118.62,18.02,39449.63,18684.27
EMP0747,43100.0,517200.0,Band A (Entry),44185.89,10.26,15400.29,5365.11
EMP0748,168700.0,2024400.0,Band D (Manager),254829.18,16.33,33041.29,27460.27
EMP0749,40900.0,490800.0,Band A (Entry),35084.17,8.89,18796.27,6170.19
EMP0750,29400.0,352800.0,Band A (Entry),37505.56,10.92,14679.29,4828.79
EMP0751,41400.0,496800.0,Band A (Entry),41680.36,11.27,16743.72,6606.33
EMP0752,72800.0,873600.0,Band B (Mid),111511.62,12.98,26408.72,9819.09
EMP0753,73500.0,882000.0,Band B (Mid),102332.5,13.23,25420.57,8035.06
EMP0754,88500.0,1062000.0,Band C (Senior),95629.52,5.59,24777.87,10560.84
EMP0755,45900.0,550800.0,Band B (Mid),70129.96,12.16,15212.39,6409.11
EMP0756,64600.0,775200.0,Band B (Mid),110475.91,15.47,18170.48,11381.03
EMP0757,26500.0,318000.0,Band A (Entry),40925.94,21.68,8645.01,3089.41
EMP0758,26600.0,319200.0,Band A (Entry),41662.24,14.81,8743.39,4397.21
EMP0759,193300.0,2319600.0,Band D (Manager),231301.2,13.63,28837.07,23293.9
EMP0760,36300.0,435600.0,Band A (Entry),51153.18,13.55,14734.32,5337.64
EMP0761,320800.0,3849600.0,Band E (Director),479625.07,12.35,30295.83,55200.21
EMP0762,46800.0,561600.0,Band B (Mid),69359.06,16.43,19695.9,6358.93
EMP0763,37100.0,445200.0,Band A (Entry),39715.35,13.38,13535.92,4363.17
EMP0764,31500.0,378000.0,Band A (Entry),33661.7,9.52,13840.03,3931.12
EMP0765,29700.0,356400.0,Band A (Entry),48044.68,16.79,11488.33,4742.99
EMP0766,156400.0,1876800.0,Band D (Manager),164836.74,10.62,34689.74,24016.4
EMP0767,65700.0,788400.0,Band B (Mid),108539.93,13.4,17396.53,9864.99
EMP0768,39300.0,471600.0,Band A (Entry),54192.34,12.07,17139.2,4599.66
EMP0769,175100.0,2101200.0,Band D (Manager),300284.36,16.14,59291.18,28080.01
EMP0770,54300.0,651600.0,Band B (Mid),99719.49,19.26,19169.1,9070.95
EMP0771,256200.0,3074400.0,Band E (Director),373473.53,13.21,50925.48,35087.23
EMP0772,450000.0,5400000.0,Band E (Director),676414.5,14.39,34848.02,54905.53
EMP0773,108000.0,1296000.0,Band C (Senior),122241.57,9.83,29715.65,16051.14
EMP0774,149000.0,1788000.0,Band D (Manager),212159.61,10.23,41619.24,24273.76
EMP0775,129400.0,1552800.0,Band C (Senior),209692.9,16.4,26176.9,17647.37
EMP0776,43800.0,525600.0,Band A (Entry),88486.56,17.94,11172.94,6344.93
EMP0777,114500.0,1374000.0,Band C (Senior),212851.02,17.6,26836.78,18301.96
EMP0778,41900.0,502800.0,Band A (Entry),75093.89,17.17,12304.17,7264.56
EMP0779,160400.0,1924800.0,Band D (Manager),242044.03,11.59,46072.23,17061.24
EMP0780,230700.0,2768400.0,Band E (Director),304194.5,13.86,9159.4,35782.67
EMP0781,49000.0,588000.0,Band B (Mid),73989.75,12.76,26106.06,5149.7
EMP0782,97900.0,1174800.0,Band C (Senior),122310.3,13.31,21370.22,11898.89
EMP0783,167500.0,2010000.0,Band D (Manager),267170.34,11.46,32539.54,25878.07
EMP0784,45200.0,542400.0,Band B (Mid),40446.65,8.01,18373.49,5151.69
EMP0785,73800.0,885600.0,Band B (Mid),117968.62,17.21,23770.87,11307.99
EMP0786,176000.0,2112000.0,Band D (Manager),208219.26,7.83,38832.49,28617.42
EMP0787,450000.0,5400000.0,Band E (Director),732375.45,12.87,29608.65,69528.89
EMP0788,29900.0,358800.0,Band A (Entry),22508.12,6.93,10250.64,4959.74
EMP0789,53800.0,645600.0,Band B (Mid),91558.36,16.48,11258.97,8006.57
EMP0790,107200.0,1286400.0,Band C (Senior),109657.32,15.07,25441.47,15033.05
EMP0791,45800.0,549600.0,Band B (Mid),73629.27,11.26,17540.85,8193.85
EMP0792,27500.0,330000.0,Band A (Entry),27719.41,7.78,11097.7,3499.68
EMP0793,47100.0,565200.0,Band B (Mid),55747.2,10.94,13129.02,5358.38
EMP0794,43100.0,517200.0,Band A (Entry),72258.27,18.25,16002.94,6017.03
EMP0795,54500.0,654000.0,Band B (Mid),71037.12,9.33,14468.96,8006.59
EMP0796,127600.0,1531200.0,Band C (Senior),147573.03,7.86,36664.99,16455.95
EMP0797,155600.0,1867200.0,Band D (Manager),187985.56,14.04,40775.57,27423.34
EMP0798,148000.0,1776000.0,Band D (Manager),113050.27,3.4,32282.82,18729.96
EMP0799,63400.0,760800.0,Band B (Mid),83215.9,13.54,21950.58,7285.69
EMP0800,34100.0,409200.0,Band A (Entry),48725.41,11.39,13467.92,4871.76
EMP0801,45000.0,540000.0,Band B (Mid),39792.68,6.98,15487.56,5300.8
EMP0802,27800.0,333600.0,Band A (Entry),43530.57,13.57,9241.02,4176.62
EMP0803,38800.0,465600.0,Band A (Entry),40807.23,11.76,19708.87,4785.12
EMP0804,34400.0,412800.0,Band A (Entry),40595.93,11.28,13264.27,4448.55
EMP0805,46400.0,556800.0,Band B (Mid),69711.58,11.57,15376.04,7188.31
EMP0806,50200.0,602400.0,Band B (Mid),58964.83,11.5,19674.91,7748.76
EMP0807,143900.0,1726800.0,Band D (Manager),288533.62,19.21,33519.65,14939.66
EMP0808,66300.0,795600.0,Band B (Mid),62882.25,8.03,17580.25,9627.77
EMP0809,177700.0,2132400.0,Band D (Manager),283596.41,15.31,37371.7,25821.4
EMP0810,145200.0,1742400.0,Band D (Manager),221551.17,17.13,37913.68,18697.18
EMP0811,97400.0,1168800.0,Band C (Senior),89653.49,5.23,34186.87,12624.53
EMP0812,41400.0,496800.0,Band A (Entry),37351.9,7.09,17180.08,6146.61
EMP0813,84100.0,1009200.0,Band C (Senior),138114.05,14.98,31132.96,13671.53
EMP0814,31600.0,379200.0,Band A (Entry),34389.27,11.58,12626.9,5133.63
EMP0815,75400.0,904800.0,Band B (Mid),121460.41,12.51,24832.95,12639.98
EMP0816,63500.0,762000.0,Band B (Mid),125068.88,19.77,21618.57,9053.01
EMP0817,57800.0,693600.0,Band B (Mid),76720.24,10.48,20247.33,6971.01
EMP0818,35100.0,421200.0,Band A (Entry),31923.09,11.1,13812.33,5567.85
EMP0819,118700.0,1424400.0,Band C (Senior),69473.44,4.6,38300.0,13429.68
EMP0820,225800.0,2709600.0,Band E (Director),319206.87,15.62,44565.68,22932.63
EMP0821,113200.0,1358400.0,Band C (Senior),125784.33,5.26,27826.32,12580.04
EMP0822,44200.0,530400.0,Band A (Entry),63405.25,17.72,17138.74,4610.03
EMP0823,73600.0,883200.0,Band B (Mid),112072.8,13.22,17630.59,9847.1
EMP0824,36400.0,436800.0,Band A (Entry),32851.34,5.8,15041.91,4792.74
EMP0825,133700.0,1604400.0,Band C (Senior),255436.52,18.4,37096.37,23685.78
EMP0826,94900.0,1138800.0,Band C (Senior),154818.05,20.83,35064.49,15962.9
EMP0827,31200.0,374400.0,Band A (Entry),51250.63,16.45,13003.1,5184.42
EMP0828,36000.0,432000.0,Band A (Entry),41872.01,6.7,15406.74,5719.8
EMP0829,140700.0,1688400.0,Band D (Manager),167891.95,10.47,20585.25,16110.15
EMP0830,64000.0,768000.0,Band B (Mid),82646.08,13.6,17412.72,7196.03
EMP0831,65900.0,790800.0,Band B (Mid),75471.85,8.6,18515.75,10912.84
EMP0832,67600.0,811200.0,Band B (Mid),67435.3,8.78,24412.41,10882.99
EMP0833,63100.0,757200.0,Band B (Mid),93132.8,13.51,22611.06,6553.46
EMP0834,67400.0,808800.0,Band B (Mid),108746.0,17.95,25733.55,8977.37
EMP0835,25300.0,303600.0,Band A (Entry),35718.16,13.51,13758.35,3077.3
EMP0836,60300.0,723600.0,Band B (Mid),81887.14,13.55,20286.95,8699.27
EMP0837,124200.0,1490400.0,Band C (Senior),196124.19,15.44,31722.95,16910.59
EMP0838,39400.0,472800.0,Band A (Entry),55212.47,11.59,16374.3,5410.58
EMP0839,115700.0,1388400.0,Band C (Senior),79944.92,6.19,28619.53,17320.64
EMP0840,44800.0,537600.0,Band A (Entry),57999.43,12.18,18980.8,7254.15
EMP0841,96800.0,1161600.0,Band C (Senior),121593.15,9.31,26485.52,16569.74
EMP0842,107900.0,1294800.0,Band C (Senior),164463.98,17.16,28752.88,14980.04
EMP0843,143600.0,1723200.0,Band D (Manager),201134.59,13.12,47772.27,18701.06
EMP0844,54600.0,655200.0,Band B (Mid),62326.84,10.62,17855.16,9195.16
EMP0845,422000.0,5064000.0,Band E (Director),522675.82,10.93,40521.42,43021.66
EMP0846,57900.0,694800.0,Band B (Mid),88308.16,15.52,20121.67,9356.38
EMP0847,139000.0,1668000.0,Band C (Senior),173880.85,10.42,32593.02,14504.43
EMP0848,88200.0,1058400.0,Band C (Senior),131491.26,9.78,23393.95,10905.25
EMP0849,49900.0,598800.0,Band B (Mid),67671.12,9.15,17464.55,8674.63
EMP0850,24900.0,298800.0,Band A (Entry),41036.21,14.0,7450.7,3109.23
EMP0851,97600.0,1171200.0,Band C (Senior),101826.18,8.3,36692.6,10144.36
EMP0852,37100.0,445200.0,Band A (Entry),33871.38,7.25,17746.47,4085.38
EMP0853,48600.0,583200.0,Band B (Mid),75457.6,11.57,17137.6,8578.99
EMP0854,42100.0,505200.0,Band A (Entry),48666.62,10.63,16506.0,5591.06
EMP0855,102400.0,1228800.0,Band C (Senior),166320.01,13.47,28166.81,13257.1
EMP0856,31400.0,376800.0,Band A (Entry),40684.92,12.03,10606.89,5412.89
EMP0857,106500.0,1278000.0,Band C (Senior),186658.25,18.03,28685.99,17879.34
EMP0858,77300.0,927600.0,Band B (Mid),130435.38,19.73,26113.82,9256.99
EMP0859,138300.0,1659600.0,Band C (Senior),154754.85,13.57,25770.08,15157.6
EMP0860,24500.0,294000.0,Band A (Entry),37863.88,9.57,10779.73,4204.28
EMP0861,58500.0,702000.0,Band B (Mid),49506.57,11.21,12080.81,7634.14
EMP0862,38400.0,460800.0,Band A (Entry),72397.52,18.57,17128.82,5254.59
EMP0863,116400.0,1396800.0,Band C (Senior),176189.84,13.98,32754.57,13105.48
EMP0864,68200.0,818400.0,Band B (Mid),104481.31,16.05,16696.63,9060.47
EMP0865,202800.0,2433600.0,Band D (Manager),227206.16,11.82,37860.86,34777.44
EMP0866,23800.0,285600.0,Band A (Entry),15998.87,9.19,10726.58,4110.25
EMP0867,43600.0,523200.0,Band A (Entry),84386.61,18.76,13540.1,5022.49
EMP0868,38000.0,456000.0,Band A (Entry),58315.13,12.36,13724.21,5753.25
EMP0869,54900.0,658800.0,Band B (Mid),81909.33,11.85,11950.66,6111.74
EMP0870,67800.0,813600.0,Band B (Mid),95391.91,11.91,21862.49,9523.3
EMP0871,60300.0,723600.0,Band B (Mid),79649.21,16.15,20492.03,9814.04
EMP0872,32900.0,394800.0,Band A (Entry),51718.09,18.24,13082.52,3971.68
EMP0873,24700.0,296400.0,Band A (Entry),21078.35,5.68,8588.24,3633.26
EMP0874,43400.0,520800.0,Band A (Entry),80546.57,16.33,13466.92,5015.16
EMP0875,348500.0,4182000.0,Band E (Director),478536.8,10.17,19343.51,42641.79
EMP0876,49200.0,590400.0,Band B (Mid),74949.67,9.89,17269.6,7441.26
EMP0877,41000.0,492000.0,Band A (Entry),80678.95,18.92,14919.07,5205.03
EMP0878,239900.0,2878800.0,Band E (Director),414707.5,16.53,20695.19,28160.62
EMP0879,29800.0,357600.0,Band A (Entry),34817.44,9.02,12232.53,3745.79
EMP0880,72400.0,868800.0,Band B (Mid),60905.28,4.83,17190.67,11654.21
EMP0881,147500.0,1770000.0,Band D (Manager),187251.77,15.55,30636.36,19673.31
EMP0882,177100.0,2125200.0,Band D (Manager),293014.4,15.16,32849.29,26225.25
EMP0883,88800.0,1065600.0,Band C (Senior),105711.0,13.32,21595.01,10729.33
EMP0884,54900.0,658800.0,Band B (Mid),53442.57,7.69,15831.57,8229.13
EMP0885,275100.0,3301200.0,Band E (Director),282184.61,9.28,24099.23,28440.9
EMP0886,33100.0,397200.0,Band A (Entry),31194.83,9.59,11997.13,3460.67
EMP0887,266600.0,3199200.0,Band E (Director),404423.38,12.65,17145.75,31291.21
EMP0888,175500.0,2106000.0,Band D (Manager),273924.56,13.23,37520.17,28636.66
EMP0889,248800.0,2985600.0,Band E (Director),422489.75,15.88,33501.11,28365.72
EMP0890,26600.0,319200.0,Band A (Entry),27806.4,12.28,7009.96,3552.96
EMP0891,28400.0,340800.0,Band A (Entry),46323.14,11.59,13767.88,5097.08
EMP0892,121000.0,1452000.0,Band C (Senior),177498.19,16.63,33440.68,14354.46
EMP0893,66900.0,802800.0,Band B (Mid),89134.06,12.32,19307.09,7472.66
EMP0894,65800.0,789600.0,Band B (Mid),104965.79,10.57,16981.24,8034.07
EMP0895,150500.0,1806000.0,Band D (Manager),257475.27,19.5,21612.28,21455.1
EMP0896,64300.0,771600.0,Band B (Mid),83494.41,13.1,20305.89,11044.52
EMP0897,49800.0,597600.0,Band B (Mid),79883.52,16.69,20522.14,5105.19
EMP0898,84500.0,1014000.0,Band C (Senior),117751.54,12.7,23983.46,12043.0
EMP0899,44500.0,534000.0,Band A (Entry),58656.96,10.15,17003.94,4513.12
EMP0900,31900.0,382800.0,Band A (Entry),29323.43,4.66,14480.37,5721.12
EMP0901,33900.0,406800.0,Band A (Entry),43670.1,14.77,13717.29,4628.59
EMP0902,156200.0,1874400.0,Band D (Manager),278276.9,16.56,35035.42,24071.83
EMP0903,173500.0,2082000.0,Band D (Manager),322576.39,20.31,48679.83,20930.81
EMP0904,84100.0,1009200.0,Band C (Senior),152630.46,16.99,21893.21,11598.89
EMP0905,65300.0,783600.0,Band B (Mid),79833.97,18.02,18328.5,10832.39
EMP0906,109200.0,1310400.0,Band C (Senior),125206.3,10.34,26154.36,11950.88
EMP0907,83100.0,997200.0,Band C (Senior),118883.64,13.09,16288.67,9738.55
EMP0908,283900.0,3406800.0,Band E (Director),384938.32,10.66,60910.92,35284.4
EMP0909,54700.0,656400.0,Band B (Mid),78531.61,15.97,21642.73,9066.47
EMP0910,98600.0,1183200.0,Band C (Senior),141542.59,13.14,14847.94,16958.3
EMP0911,57800.0,693600.0,Band B (Mid),103980.03,13.14,18346.57,9247.47
EMP0912,68300.0,819600.0,Band B (Mid),83359.55,10.38,24039.31,8170.22
EMP0913,206500.0,2478000.0,Band D (Manager),169587.4,6.78,34760.25,25866.44
EMP0914,63800.0,765600.0,Band B (Mid),73919.26,9.01,24828.42,10133.54
EMP0915,55700.0,668400.0,Band B (Mid),52058.75,7.42,16161.19,7551.53
EMP0916,24200.0,290400.0,Band A (Entry),18254.61,6.15,10791.32,3093.26
EMP0917,81600.0,979200.0,Band C (Senior),145668.39,14.43,19939.6,14664.6
EMP0918,105300.0,1263600.0,Band C (Senior),138166.76,13.58,33607.38,12689.99
EMP0919,105600.0,1267200.0,Band C (Senior),170839.35,15.3,32296.58,17144.57
EMP0920,94300.0,1131600.0,Band C (Senior),176550.23,15.21,27034.88,10760.84
EMP0921,38700.0,464400.0,Band A (Entry),64862.95,13.9,15450.08,6694.04
EMP0922,178200.0,2138400.0,Band D (Manager),202218.07,15.51,27308.47,21883.32
EMP0923,60200.0,722400.0,Band B (Mid),107034.83,18.96,20004.15,10457.14
EMP0924,186200.0,2234400.0,Band D (Manager),294688.27,14.79,31802.47,29201.71
EMP0925,40200.0,482400.0,Band A (Entry),53315.58,10.7,13721.75,6831.27
EMP0926,65000.0,780000.0,Band B (Mid),96754.53,12.93,24387.69,9809.31
EMP0927,86500.0,1038000.0,Band C (Senior),89200.41,8.71,21791.98,9363.69
EMP0928,102800.0,1233600.0,Band C (Senior),120916.02,8.13,23087.7,13547.21
EMP0929,43700.0,524400.0,Band A (Entry),64534.15,15.45,20315.18,7793.66
EMP0930,228000.0,2736000.0,Band E (Director),358790.38,14.8,35980.77,25065.21
EMP0931,57000.0,684000.0,Band B (Mid),65085.46,12.16,19901.12,8127.66
EMP0932,53400.0,640800.0,Band B (Mid),59724.09,10.25,14665.27,7567.97
EMP0933,82800.0,993600.0,Band C (Senior),146533.0,14.09,27884.44,11171.84
EMP0934,34300.0,411600.0,Band A (Entry),60213.59,15.67,14780.65,4200.1
EMP0935,47500.0,570000.0,Band B (Mid),73326.24,15.53,12261.45,5922.25
EMP0936,31100.0,373200.0,Band A (Entry),53454.86,16.26,10254.44,3616.58
EMP0937,77600.0,931200.0,Band B (Mid),82068.63,10.81,27247.72,9388.87
EMP0938,156700.0,1880400.0,Band D (Manager),194990.83,12.45,31007.21,16137.26
EMP0939,42700.0,512400.0,Band A (Entry),48728.31,14.08,16979.03,6829.39
EMP0940,42100.0,505200.0,Band A (Entry),52324.61,14.76,18581.11,7218.78
EMP0941,44000.0,528000.0,Band A (Entry),48328.46,10.54,19324.68,5175.77
EMP0942,34600.0,415200.0,Band A (Entry),72855.48,16.13,15248.8,3619.36
EMP0943,55900.0,670800.0,Band B (Mid),77646.59,12.26,18585.37,7308.25
EMP0944,89000.0,1068000.0,Band C (Senior),93976.9,12.47,28420.26,9669.05
EMP0945,30000.0,360000.0,Band A (Entry),45661.86,12.99,13933.35,4022.43
EMP0946,227100.0,2725200.0,Band E (Director),456845.83,18.68,41201.05,27341.8
EMP0947,31600.0,379200.0,Band A (Entry),41875.85,12.48,9925.61,4617.68
EMP0948,37300.0,447600.0,Band A (Entry),64373.34,17.58,9737.89,5943.28
EMP0949,171600.0,2059200.0,Band D (Manager),207030.87,11.89,28016.12,29189.11
EMP0950,38900.0,466800.0,Band A (Entry),60502.04,9.79,14851.34,6119.35
EMP0951,74400.0,892800.0,Band B (Mid),87417.34,10.03,16501.63,12368.23
EMP0952,367300.0,4407600.0,Band E (Director),401206.82,14.14,33093.13,65967.81
EMP0953,256600.0,3079200.0,Band E (Director),518319.9,20.74,51058.14,33894.63
EMP0954,98400.0,1180800.0,Band C (Senior),133630.37,10.95,24044.38,11072.4
EMP0955,32600.0,391200.0,Band A (Entry),56082.81,19.38,11385.79,3703.62
EMP0956,49400.0,592800.0,Band B (Mid),74591.61,8.93,12916.08,6777.66
EMP0957,373100.0,4477200.0,Band E (Director),479134.01,11.12,27773.11,58034.73
EMP0958,207300.0,2487600.0,Band D (Manager),362992.57,17.26,41220.74,34516.85
EMP0959,40100.0,481200.0,Band A (Entry),59125.63,12.23,14898.41,4543.32
EMP0960,57800.0,693600.0,Band B (Mid),82460.22,13.52,15516.64,8201.61
EMP0961,39700.0,476400.0,Band A (Entry),28591.69,3.68,10896.04,4213.02
EMP0962,42200.0,506400.0,Band A (Entry),57883.48,13.34,16390.8,6153.57
EMP0963,110400.0,1324800.0,Band C (Senior),90274.24,8.19,24323.87,18680.41
EMP0964,38800.0,465600.0,Band A (Entry),84923.94,17.56,16899.88,4949.33
EMP0965,44200.0,530400.0,Band A (Entry),52694.04,13.42,19871.96,6817.01
EMP0966,39000.0,468000.0,Band A (Entry),57072.49,11.74,11980.44,5874.18
EMP0967,49300.0,591600.0,Band B (Mid),53263.76,8.41,13641.34,7548.8
EMP0968,40800.0,489600.0,Band A (Entry),47720.45,10.88,14893.6,4675.81
EMP0969,58100.0,697200.0,Band B (Mid),58306.29,7.24,17180.38,8178.67
EMP0970,46500.0,558000.0,Band B (Mid),77094.44,18.68,15469.02,4854.52
EMP0971,312400.0,3748800.0,Band E (Director),384398.61,10.86,29685.1,41546.25
EMP0972,48800.0,585600.0,Band B (Mid),75625.28,14.92,19323.0,5088.8
EMP0973,94200.0,1130400.0,Band C (Senior),110383.83,7.92,23195.45,16694.49
EMP0974,33300.0,399600.0,Band A (Entry),36016.19,10.0,12633.36,4251.33
EMP0975,37200.0,446400.0,Band A (Entry),59276.54,16.15,16802.89,4457.52
EMP0976,42900.0,514800.0,Band A (Entry),41898.47,8.98,22012.93,7388.35
EMP0977,34600.0,415200.0,Band A (Entry),29216.01,5.74,14307.73,4656.33
EMP0978,45100.0,541200.0,Band B (Mid),75418.84,14.37,15376.83,6355.24
EMP0979,58400.0,700800.0,Band B (Mid),71308.19,12.2,19892.48,9894.53
EMP0980,160100.0,1921200.0,Band D (Manager),206235.46,11.12,56712.91,22704.89
EMP0981,29900.0,358800.0,Band A (Entry),52157.45,15.16,11887.87,3928.7
EMP0982,66400.0,796800.0,Band B (Mid),75597.29,9.27,23377.69,10558.65
EMP0983,73000.0,876000.0,Band B (Mid),128764.34,20.42,21409.01,9059.41
EMP0984,25500.0,306000.0,Band A (Entry),30117.76,13.65,8695.77,2858.58
EMP0985,96000.0,1152000.0,Band C (Senior),177009.14,18.33,28435.45,15113.29
EMP0986,32200.0,386400.0,Band A (Entry),55320.39,18.17,13152.48,4501.36
EMP0987,36000.0,432000.0,Band A (Entry),44944.78,9.99,16598.19,6472.51
EMP0988,73500.0,882000.0,Band B (Mid),115253.52,11.99,25831.0,10560.37
EMP0989,249500.0,2994000.0,Band E (Director),243207.04,10.45,29895.61,42841.55
EMP0990,322000.0,3864000.0,Band E (Director),456425.66,13.42,24341.9,33303.66
EMP0991,360100.0,4321200.0,Band E (Director),589800.04,14.65,37332.46,36677.56
EMP0992,44000.0,528000.0,Band A (Entry),47254.17,6.71,9474.83,5634.95
EMP0993,38500.0,462000.0,Band A (Entry),71297.99,16.45,12847.69,6420.39
EMP0994,59200.0,710400.0,Band B (Mid),56737.4,9.3,24285.52,8170.75
EMP0995,40100.0,481200.0,Band A (Entry),31256.88,5.9,11407.76,5965.45
EMP0996,47600.0,571200.0,Band B (Mid),43088.71,7.07,14275.1,6141.88
EMP0997,41000.0,492000.0,Band A (Entry),85333.29,21.98,16373.51,5233.09
EMP0998,67300.0,807600.0,Band B (Mid),78478.26,11.47,19162.52,8509.27
EMP0999,40600.0,487200.0,Band A (Entry),58013.58,14.11,16243.37,4981.67
EMP1000,32800.0,393600.0,Band A (Entry),37935.12,7.63,12569.34,3374.78
EMP1001,181200.0,2174400.0,Band D (Manager),250415.36,17.52,27530.12,27926.57
EMP1002,83200.0,998400.0,Band C (Senior),68934.9,3.8,29825.83,10374.55
EMP1003,262200.0,3146400.0,Band E (Director),374777.22,10.28,60672.47,45490.86
EMP1004,36900.0,442800.0,Band A (Entry),75070.31,18.87,16820.98,5431.26
EMP1005,48100.0,577200.0,Band B (Mid),53731.0,16.04,15888.77,5408.85
EMP1006,35600.0,427200.0,Band A (Entry),45791.96,11.54,21740.49,4397.59
EMP1007,49300.0,591600.0,Band B (Mid),74246.01,12.51,17926.14,5647.04
EMP1008,27700.0,332400.0,Band A (Entry),32743.93,10.94,6802.35,4442.06
EMP1009,24600.0,295200.0,Band A (Entry),30808.44,13.19,9522.0,2957.98
EMP1010,85700.0,1028400.0,Band C (Senior),158580.74,19.14,19890.67,12399.83
EMP1011,41600.0,499200.0,Band A (Entry),60881.62,10.7,17608.76,5602.62
EMP1012,28900.0,346800.0,Band A (Entry),35538.52,10.96,11162.77,3740.46
EMP1013,158800.0,1905600.0,Band D (Manager),238165.68,11.22,29084.12,26886.55
EMP1014,29100.0,349200.0,Band A (Entry),43012.64,14.38,14558.31,4102.36
EMP1015,57900.0,694800.0,Band B (Mid),75613.69,13.44,16295.04,7226.74
EMP1016,61900.0,742800.0,Band B (Mid),111856.06,19.37,24157.46,7034.24
EMP1017,36700.0,440400.0,Band A (Entry),49806.07,12.06,19111.1,4545.86
EMP1018,62200.0,746400.0,Band B (Mid),81723.73,10.22,16715.81,7162.59
EMP1019,38300.0,459600.0,Band A (Entry),13566.06,4.83,18649.68,5864.7
EMP1020,115600.0,1387200.0,Band C (Senior),168408.27,16.64,28171.58,18435.66
EMP1021,33900.0,406800.0,Band A (Entry),59419.58,15.92,15958.34,5008.4
EMP1022,29300.0,351600.0,Band A (Entry),37481.83,9.21,8175.83,4597.9
EMP1023,31800.0,381600.0,Band A (Entry),23643.97,4.44,15705.67,5083.7
EMP1024,211700.0,2540400.0,Band D (Manager),194252.28,10.87,39475.11,30882.61
EMP1025,133000.0,1596000.0,Band C (Senior),231708.83,17.3,23118.72,15307.55
EMP1026,187700.0,2252400.0,Band D (Manager),201528.14,14.91,36080.79,28385.24
EMP1027,118500.0,1422000.0,Band C (Senior),151004.06,11.04,40840.96,12077.93
EMP1028,116500.0,1398000.0,Band C (Senior),178938.12,16.82,27448.09,16089.77
EMP1029,75800.0,909600.0,Band B (Mid),122618.37,14.42,20126.88,8555.09
EMP1030,196800.0,2361600.0,Band D (Manager),289824.72,11.67,43976.01,30654.04
EMP1031,73600.0,883200.0,Band B (Mid),78603.21,10.96,14824.19,11292.38
EMP1032,70500.0,846000.0,Band B (Mid),97864.01,10.03,28897.32,8918.41
EMP1033,138500.0,1662000.0,Band C (Senior),227108.36,15.97,30629.67,20327.16
EMP1034,46800.0,561600.0,Band B (Mid),74376.16,14.83,12890.29,7343.36
EMP1035,30900.0,370800.0,Band A (Entry),38565.38,12.18,14771.4,4353.64
EMP1036,77500.0,930000.0,Band B (Mid),80939.77,7.36,22145.9,9328.99
EMP1037,26500.0,318000.0,Band A (Entry),32186.12,11.33,11949.93,2889.45
EMP1038,211800.0,2541600.0,Band D (Manager),335964.8,14.38,39854.71,35943.35
EMP1039,83600.0,1003200.0,Band C (Senior),102919.51,10.49,20749.01,8948.78
EMP1040,109500.0,1314000.0,Band C (Senior),184377.48,18.33,27614.26,12688.78
EMP1041,63700.0,764400.0,Band B (Mid),94923.63,14.71,25811.69,10344.92
EMP1042,96000.0,1152000.0,Band C (Senior),116976.21,13.94,18314.68,9982.14
EMP1043,25800.0,309600.0,Band A (Entry),33413.69,14.95,10808.12,2875.83
EMP1044,187700.0,2252400.0,Band D (Manager),227419.38,14.21,19509.25,24351.44
EMP1045,77400.0,928800.0,Band B (Mid),86305.29,11.16,29385.16,8675.67
EMP1046,34000.0,408000.0,Band A (Entry),42858.07,10.27,12751.8,3510.89
EMP1047,33900.0,406800.0,Band A (Entry),68733.4,22.18,15063.84,5492.44
EMP1048,45300.0,543600.0,Band B (Mid),48244.31,12.22,18651.78,5156.87
EMP1049,63000.0,756000.0,Band B (Mid),76698.2,13.65,20330.53,10905.22
EMP1050,152100.0,1825200.0,Band D (Manager),234516.54,14.93,49101.44,15809.84
EMP1051,157200.0,1886400.0,Band D (Manager),179655.67,9.17,28077.23,19160.79
EMP1052,136800.0,1641600.0,Band C (Senior),120844.08,9.19,29638.22,19928.85
EMP1053,82000.0,984000.0,Band C (Senior),94036.55,8.99,18776.37,8854.26
EMP1054,72600.0,871200.0,Band B (Mid),120093.05,16.16,21410.85,10038.67
EMP1055,144300.0,1731600.0,Band D (Manager),216041.33,15.53,36737.84,20050.57
EMP1056,172200.0,2066400.0,Band D (Manager),302767.89,16.65,28931.81,25486.64
EMP1057,30100.0,361200.0,Band A (Entry),42972.79,15.72,14141.98,5240.07
EMP1058,287300.0,3447600.0,Band E (Director),536112.28,14.58,17481.34,38120.26
EMP1059,76800.0,921600.0,Band B (Mid),77031.38,11.68,28358.11,13263.99
EMP1060,137000.0,1644000.0,Band C (Senior),196765.11,14.96,52702.54,16092.38
EMP1061,370300.0,4443600.0,Band E (Director),484067.83,7.89,28391.19,56392.75
EMP1062,96100.0,1153200.0,Band C (Senior),115004.16,13.74,23228.85,12904.85
EMP1063,51200.0,614400.0,Band B (Mid),76308.26,13.9,27361.25,8298.18
EMP1064,69900.0,838800.0,Band B (Mid),116122.97,14.03,26459.61,9901.45
EMP1065,35200.0,422400.0,Band A (Entry),34772.58,5.97,14115.21,5924.02
EMP1066,113500.0,1362000.0,Band C (Senior),228686.99,13.72,34437.69,12755.64
EMP1067,44800.0,537600.0,Band A (Entry),60696.04,12.2,15551.76,5426.76
EMP1068,94100.0,1129200.0,Band C (Senior),103762.01,8.83,25453.29,13509.04
EMP1069,200000.0,2400000.0,Band D (Manager),241934.02,12.83,34289.84,30155.9
EMP1070,39900.0,478800.0,Band A (Entry),42318.99,6.16,17019.19,5199.99
EMP1071,57000.0,684000.0,Band B (Mid),82722.35,12.11,18795.91,9363.07
EMP1072,118600.0,1423200.0,Band C (Senior),165016.39,13.11,29385.93,15450.17
EMP1073,63700.0,764400.0,Band B (Mid),81244.74,9.26,32153.55,11127.7
EMP1074,32200.0,386400.0,Band A (Entry),43680.58,11.28,13445.27,5617.94
EMP1075,27200.0,326400.0,Band A (Entry),34764.83,12.7,9408.48,2812.89
EMP1076,89800.0,1077600.0,Band C (Senior),132932.42,13.03,26621.14,13587.54
EMP1077,116900.0,1402800.0,Band C (Senior),125924.76,6.41,32678.42,19736.33
EMP1078,82300.0,987600.0,Band C (Senior),118877.34,12.54,28837.9,8562.69
EMP1079,31000.0,372000.0,Band A (Entry),37914.4,11.34,11903.13,4931.08
EMP1080,80100.0,961200.0,Band C (Senior),93866.32,14.98,19218.3,11744.35
EMP1081,102200.0,1226400.0,Band C (Senior),129866.59,10.55,32018.3,14448.84
EMP1082,24500.0,294000.0,Band A (Entry),38331.4,14.4,10347.97,2986.52
EMP1083,121700.0,1460400.0,Band C (Senior),112462.96,11.49,29846.6,19323.86
EMP1084,35500.0,426000.0,Band A (Entry),28753.87,7.92,12236.54,4175.63
EMP1085,49100.0,589200.0,Band B (Mid),66300.0,14.72,16459.29,5626.87
EMP1086,184800.0,2217600.0,Band D (Manager),295968.05,9.02,31015.96,23652.65
EMP1087,46300.0,555600.0,Band B (Mid),73436.34,16.93,16585.87,8301.54
EMP1088,64300.0,771600.0,Band B (Mid),105254.44,15.42,21067.58,8517.7
EMP1089,30500.0,366000.0,Band A (Entry),51385.15,13.11,14160.66,3399.13
EMP1090,36300.0,435600.0,Band A (Entry),56170.76,15.62,14692.22,4791.07
EMP1091,35900.0,430800.0,Band A (Entry),56853.15,14.8,11576.13,5788.68
EMP1092,109400.0,1312800.0,Band C (Senior),119876.18,11.96,25414.82,16403.08
EMP1093,134500.0,1614000.0,Band C (Senior),133646.78,11.94,21815.12,21175.89
EMP1094,53200.0,638400.0,Band B (Mid),68510.32,11.33,15838.85,8835.9
EMP1095,29200.0,350400.0,Band A (Entry),37987.07,12.18,11527.21,3599.68
EMP1096,41200.0,494400.0,Band A (Entry),61138.62,12.74,14413.29,5264.38
EMP1097,60000.0,720000.0,Band B (Mid),80024.98,12.67,17709.08,10115.61
EMP1098,60700.0,728400.0,Band B (Mid),87959.34,13.09,24126.42,7926.39
EMP1099,130400.0,1564800.0,Band C (Senior),202390.95,13.6,36382.65,18385.47
EMP1100,226100.0,2713200.0,Band E (Director),349218.57,13.29,48747.78,37679.82
EMP1101,52200.0,626400.0,Band B (Mid),90982.86,15.36,17469.85,7848.02
EMP1102,140000.0,1680000.0,Band D (Manager),199900.05,14.28,32292.66,24226.74
EMP1103,62600.0,751200.0,Band B (Mid),68775.1,15.44,15208.77,6333.37
EMP1104,42400.0,508800.0,Band A (Entry),48105.25,13.82,24357.67,6342.09
EMP1105,213600.0,2563200.0,Band D (Manager),317419.83,11.84,41527.29,30077.73
EMP1106,44400.0,532800.0,Band A (Entry),67255.44,12.98,16653.54,5899.15
EMP1107,102700.0,1232400.0,Band C (Senior),124437.61,9.27,29425.5,12703.0
EMP1108,90500.0,1086000.0,Band C (Senior),118959.55,9.11,22851.21,11775.95
EMP1109,225800.0,2709600.0,Band E (Director),463256.56,21.01,57888.64,37351.6
EMP1110,75300.0,903600.0,Band B (Mid),67081.17,8.54,27526.33,10399.8
EMP1111,33900.0,406800.0,Band A (Entry),42623.98,9.79,15731.68,3986.57
EMP1112,121100.0,1453200.0,Band C (Senior),181235.5,13.11,42632.12,18830.92
EMP1113,99700.0,1196400.0,Band C (Senior),117855.3,10.71,20653.51,16506.7
EMP1114,56100.0,673200.0,Band B (Mid),75212.97,12.49,15151.19,7433.31
EMP1115,139500.0,1674000.0,Band C (Senior),253414.92,17.89,38701.87,15405.16
EMP1116,48700.0,584400.0,Band B (Mid),88067.41,17.69,14486.55,7770.31
EMP1117,57400.0,688800.0,Band B (Mid),83955.09,15.47,19590.53,8912.67
EMP1118,223800.0,2685600.0,Band E (Director),347309.63,15.44,30615.16,34798.9
EMP1119,57700.0,692400.0,Band B (Mid),84921.14,15.05,20508.7,5835.79
EMP1120,59200.0,710400.0,Band B (Mid),104004.9,13.9,17253.88,6486.98
EMP1121,411200.0,4934400.0,Band E (Director),546792.3,12.71,39673.73,72925.58
EMP1122,116700.0,1400400.0,Band C (Senior),129055.55,10.15,21986.59,16843.96
EMP1123,235400.0,2824800.0,Band E (Director),362249.56,15.21,42166.26,28436.41
EMP1124,85700.0,1028400.0,Band C (Senior),134419.96,17.04,36933.48,8910.72
EMP1125,450000.0,5400000.0,Band E (Director),625341.79,11.59,25785.28,62123.44
EMP1126,48100.0,577200.0,Band B (Mid),88072.18,17.62,17090.89,6057.01
EMP1127,77600.0,931200.0,Band B (Mid),69240.61,4.15,25324.45,8725.75
EMP1128,48600.0,583200.0,Band B (Mid),76514.6,18.64,16654.08,7339.39
EMP1129,117700.0,1412400.0,Band C (Senior),233343.35,20.34,21085.5,13463.08
EMP1130,170600.0,2047200.0,Band D (Manager),293080.42,15.08,32348.27,29990.14
EMP1131,92400.0,1108800.0,Band C (Senior),110243.49,9.64,26618.06,10955.98
EMP1132,54500.0,654000.0,Band B (Mid),47929.36,9.44,15795.9,9325.68
EMP1133,76700.0,920400.0,Band B (Mid),119235.83,13.59,23266.93,9848.1
EMP1134,62300.0,747600.0,Band B (Mid),73095.91,8.19,21838.3,7687.23
EMP1135,73400.0,880800.0,Band B (Mid),118241.32,16.1,27330.29,11793.51
EMP1136,28700.0,344400.0,Band A (Entry),33074.77,8.19,13484.37,4030.83
EMP1137,57200.0,686400.0,Band B (Mid),96720.03,15.88,21028.34,6362.16
EMP1138,184700.0,2216400.0,Band D (Manager),345393.4,17.24,40005.94,30887.01
EMP1139,168500.0,2022000.0,Band D (Manager),109954.0,2.76,38859.95,24270.53
EMP1140,113200.0,1358400.0,Band C (Senior),159955.92,14.25,20546.18,16470.62
EMP1141,64500.0,774000.0,Band B (Mid),70353.35,8.01,15166.4,8399.54
EMP1142,71100.0,853200.0,Band B (Mid),73742.38,3.33,24300.74,11804.54
EMP1143,42100.0,505200.0,Band A (Entry),51992.06,9.73,14226.7,6279.98
EMP1144,57700.0,692400.0,Band B (Mid),64890.56,11.39,15608.45,6109.65
EMP1145,55300.0,663600.0,Band B (Mid),87790.24,17.67,16790.64,9444.85
EMP1146,37800.0,453600.0,Band A (Entry),42650.45,6.83,16071.71,5491.7
EMP1147,42300.0,507600.0,Band A (Entry),65288.01,18.79,18181.08,5152.46
EMP1148,138000.0,1656000.0,Band C (Senior),272833.59,21.87,47355.42,14255.61
EMP1149,49700.0,596400.0,Band B (Mid),72555.8,16.69,13194.79,5136.06
EMP1150,51700.0,620400.0,Band B (Mid),87552.2,17.15,14326.86,5676.0
EMP1151,39600.0,475200.0,Band A (Entry),53943.9,13.43,16260.22,4774.17
EMP1152,60600.0,727200.0,Band B (Mid),59376.34,8.04,22996.97,8620.08
EMP1153,77600.0,931200.0,Band B (Mid),108010.35,15.82,18683.34,9160.93
EMP1154,103400.0,1240800.0,Band C (Senior),151544.55,16.0,35513.29,16861.33
EMP1155,67100.0,805200.0,Band B (Mid),112941.02,15.46,19869.32,9536.43
EMP1156,37600.0,451200.0,Band A (Entry),79928.3,19.46,13634.87,5048.59
EMP1157,246100.0,2953200.0,Band E (Director),348337.38,11.9,33847.99,33060.85
EMP1158,54400.0,652800.0,Band B (Mid),91937.93,15.42,21506.0,6487.08
EMP1159,79800.0,957600.0,Band B (Mid),143746.36,18.38,29827.18,11414.38
EMP1160,33000.0,396000.0,Band A (Entry),28410.45,6.12,13261.54,3914.82
EMP1161,86500.0,1038000.0,Band C (Senior),90806.77,9.34,20819.35,10885.77
EMP1162,33000.0,396000.0,Band A (Entry),38496.22,12.81,17274.06,4647.47
EMP1163,275900.0,3310800.0,Band E (Director),300149.32,10.27,67387.46,41603.42
EMP1164,71100.0,853200.0,Band B (Mid),106737.67,16.53,13045.15,8974.18
EMP1165,63700.0,764400.0,Band B (Mid),81187.74,13.33,21393.77,10045.25
EMP1166,39300.0,471600.0,Band A (Entry),71193.67,15.23,13174.92,5054.49
EMP1167,31700.0,380400.0,Band A (Entry),51326.97,17.1,12519.18,5490.94
EMP1168,83400.0,1000800.0,Band C (Senior),137155.48,15.95,29514.53,9333.62
EMP1169,64600.0,775200.0,Band B (Mid),76151.53,13.2,20017.19,9446.2
EMP1170,78800.0,945600.0,Band B (Mid),132870.95,17.32,20326.56,10116.1
EMP1171,255900.0,3070800.0,Band E (Director),431977.66,11.66,12698.88,34900.91
EMP1172,115100.0,1381200.0,Band C (Senior),132609.62,9.46,26437.94,12575.25
EMP1173,296800.0,3561600.0,Band E (Director),438103.23,15.05,20128.63,37707.14
EMP1174,44800.0,537600.0,Band A (Entry),77970.75,17.41,14953.19,5156.42
EMP1175,149600.0,1795200.0,Band D (Manager),211354.46,16.97,35404.03,23053.29
EMP1176,52000.0,624000.0,Band B (Mid),88822.2,15.84,22357.32,8426.03
EMP1177,51300.0,615600.0,Band B (Mid),89685.59,15.6,22471.51,8355.08
EMP1178,450000.0,5400000.0,Band E (Director),350856.78,7.96,35929.62,77844.52
EMP1179,121100.0,1453200.0,Band C (Senior),165373.33,14.8,22679.74,15818.29
EMP1180,162900.0,1954800.0,Band D (Manager),186358.76,7.43,30024.77,24627.01
EMP1181,101900.0,1222800.0,Band C (Senior),151391.02,16.88,28942.52,17984.71
EMP1182,38100.0,457200.0,Band A (Entry),48513.62,11.89,14195.32,5332.73
EMP1183,142000.0,1704000.0,Band D (Manager),242578.51,16.4,27569.42,20107.19
EMP1184,87800.0,1053600.0,Band C (Senior),132518.74,9.8,22319.7,13385.22
EMP1185,267500.0,3210000.0,Band E (Director),431633.74,14.55,50399.47,27398.62
EMP1186,147300.0,1767600.0,Band D (Manager),215515.39,13.77,31662.34,24737.04
EMP1187,29600.0,355200.0,Band A (Entry),25604.03,5.44,10997.39,3945.35
EMP1188,34800.0,417600.0,Band A (Entry),63391.84,17.67,11568.05,5582.23
EMP1189,45800.0,549600.0,Band B (Mid),65027.35,12.08,13993.51,5065.64
EMP1190,76800.0,921600.0,Band B (Mid),143079.69,19.0,14980.3,10704.95
EMP1191,30900.0,370800.0,Band A (Entry),53997.77,14.65,9725.64,4496.35
EMP1192,122900.0,1474800.0,Band C (Senior),190771.11,15.53,25006.17,19889.18
EMP1193,65000.0,780000.0,Band B (Mid),109320.29,17.72,22370.31,9603.62
EMP1194,110400.0,1324800.0,Band C (Senior),169446.05,13.65,26343.34,16534.93
EMP1195,28800.0,345600.0,Band A (Entry),56014.13,16.97,11046.65,5009.91
EMP1196,77000.0,924000.0,Band B (Mid),71499.03,9.68,25565.73,9367.11
EMP1197,40600.0,487200.0,Band A (Entry),73657.77,15.08,14007.74,5517.39
EMP1198,233200.0,2798400.0,Band E (Director),351130.45,13.88,46848.17,39752.96
EMP1199,30000.0,360000.0,Band A (Entry),37331.85,8.93,13324.62,4095.4
EMP1200,29500.0,354000.0,Band A (Entry),38624.72,15.11,10199.89,4346.72
EMP1201,31600.0,379200.0,Band A (Entry),41006.17,13.3,17661.54,4437.92
EMP1202,131700.0,1580400.0,Band C (Senior),255519.02,20.37,26868.83,23431.39
EMP1203,33500.0,402000.0,Band A (Entry),30549.54,7.05,11933.44,5169.78
EMP1204,71000.0,852000.0,Band B (Mid),102510.91,14.43,21022.11,11490.53
EMP1205,180700.0,2168400.0,Band D (Manager),181771.08,13.44,50469.59,18532.52
EMP1206,182800.0,2193600.0,Band D (Manager),294342.28,15.24,37658.26,24053.32
EMP1207,30700.0,368400.0,Band A (Entry),32707.56,11.55,12764.23,4905.48
EMP1208,27800.0,333600.0,Band A (Entry),36000.63,13.75,8877.38,3154.11
EMP1209,73700.0,884400.0,Band B (Mid),79290.61,11.8,21883.34,11966.51
EMP1210,50300.0,603600.0,Band B (Mid),69552.51,11.79,16854.27,8736.65
EMP1211,122800.0,1473600.0,Band C (Senior),201395.45,15.55,30227.8,19758.52
EMP1212,49400.0,592800.0,Band B (Mid),63974.08,10.89,16995.38,7797.5
EMP1213,78600.0,943200.0,Band B (Mid),113652.46,11.18,23218.65,9590.17
EMP1214,42400.0,508800.0,Band A (Entry),40110.23,7.85,14486.67,4650.48
EMP1215,94200.0,1130400.0,Band C (Senior),128990.16,10.59,30501.18,16493.1
EMP1216,44800.0,537600.0,Band A (Entry),72539.1,18.2,20957.06,5991.52
EMP1217,155900.0,1870800.0,Band D (Manager),198144.53,11.82,32670.08,26833.46
EMP1218,44100.0,529200.0,Band A (Entry),73547.51,20.06,13896.26,6764.74
EMP1219,315000.0,3780000.0,Band E (Director),234651.22,4.26,19541.72,54971.42
EMP1220,98700.0,1184400.0,Band C (Senior),77426.44,4.58,29922.07,10070.33
EMP1221,52100.0,625200.0,Band B (Mid),46027.66,8.79,17849.02,8543.15
EMP1222,35900.0,430800.0,Band A (Entry),44749.52,8.09,15399.61,5712.82
EMP1223,30700.0,368400.0,Band A (Entry),37765.94,13.18,10049.18,4453.0
EMP1224,42800.0,513600.0,Band A (Entry),62331.67,10.89,14516.59,4837.58
EMP1225,43900.0,526800.0,Band A (Entry),51579.63,12.07,19121.19,5104.7
EMP1226,171800.0,2061600.0,Band D (Manager),280933.84,15.49,38136.89,29951.07
EMP1227,88600.0,1063200.0,Band C (Senior),95130.84,11.47,28302.52,11622.61
EMP1228,28400.0,340800.0,Band A (Entry),33425.7,12.36,11299.87,4549.71
EMP1229,62500.0,750000.0,Band B (Mid),68601.3,9.93,23241.48,11129.79
EMP1230,54900.0,658800.0,Band B (Mid),104187.69,16.93,21748.91,6491.52
EMP1231,385900.0,4630800.0,Band E (Director),247178.13,7.47,22445.87,40653.05
EMP1232,29500.0,354000.0,Band A (Entry),35005.59,9.64,11568.92,3033.61
EMP1233,98800.0,1185600.0,Band C (Senior),175950.88,17.4,24646.21,13289.63
EMP1234,127000.0,1524000.0,Band C (Senior),196203.4,11.62,30860.29,21078.13
EMP1235,34300.0,411600.0,Band A (Entry),49114.78,8.39,10114.55,5623.87
EMP1236,28800.0,345600.0,Band A (Entry),34536.95,15.33,13187.04,4240.38
EMP1237,98800.0,1185600.0,Band C (Senior),175210.32,14.33,37331.36,9902.52
EMP1238,201700.0,2420400.0,Band D (Manager),329190.4,15.06,33922.91,24145.54
EMP1239,82100.0,985200.0,Band C (Senior),94421.9,8.92,28248.63,9185.92
EMP1240,157100.0,1885200.0,Band D (Manager),264967.17,14.36,47975.79,17676.51
EMP1241,77000.0,924000.0,Band B (Mid),116974.51,16.48,21082.63,8517.48
EMP1242,96800.0,1161600.0,Band C (Senior),170003.88,14.0,29744.51,9947.11
EMP1243,67500.0,810000.0,Band B (Mid),119048.45,14.78,19087.92,9471.18
EMP1244,54800.0,657600.0,Band B (Mid),70307.05,12.97,21264.34,6977.29
EMP1245,131500.0,1578000.0,Band C (Senior),127144.03,5.07,39864.59,16858.79
EMP1246,45000.0,540000.0,Band B (Mid),73892.55,13.35,19008.59,5492.83
EMP1247,204900.0,2458800.0,Band D (Manager),346428.72,20.36,47820.91,33457.31
EMP1248,41800.0,501600.0,Band A (Entry),63422.51,14.98,17772.1,5150.09
EMP1249,22000.0,264000.0,Band A (Entry),28557.47,12.67,8478.72,2476.52
EMP1250,80200.0,962400.0,Band C (Senior),154063.29,18.52,20093.58,9831.77
EMP1251,100500.0,1206000.0,Band C (Senior),98034.92,7.76,31923.54,12052.13
EMP1252,32600.0,391200.0,Band A (Entry),57231.02,14.25,11677.66,4164.04
EMP1253,41500.0,498000.0,Band A (Entry),60785.75,11.19,13836.04,5410.05
EMP1254,45900.0,550800.0,Band B (Mid),70468.98,15.18,19507.87,5425.34
EMP1255,256100.0,3073200.0,Band E (Director),323643.82,15.08,37038.13,38482.15
EMP1256,27100.0,325200.0,Band A (Entry),49843.91,16.55,9955.4,3046.28
EMP1257,30200.0,362400.0,Band A (Entry),28202.74,8.12,11935.46,5216.49
EMP1258,73200.0,878400.0,Band B (Mid),91862.7,12.29,19351.88,12491.99
EMP1259,389100.0,4669200.0,Band E (Director),413562.0,4.18,39149.36,54271.5
EMP1260,42100.0,505200.0,Band A (Entry),65949.69,13.19,16479.55,6670.13
EMP1261,389400.0,4672800.0,Band E (Director),525470.95,10.72,22763.34,45607.99
EMP1262,194800.0,2337600.0,Band D (Manager),287486.82,11.86,33103.27,24020.55
EMP1263,29300.0,351600.0,Band A (Entry),23117.7,7.14,14839.72,5059.31
EMP1264,114900.0,1378800.0,Band C (Senior),114604.86,12.04,28445.58,15844.51
EMP1265,147300.0,1767600.0,Band D (Manager),243017.48,12.59,44543.44,23458.24
EMP1266,52500.0,630000.0,Band B (Mid),73335.27,10.45,20772.62,8661.47
EMP1267,92000.0,1104000.0,Band C (Senior),155728.67,13.22,22611.12,14364.81
EMP1268,91000.0,1092000.0,Band C (Senior),135864.07,14.66,20060.49,12397.13
EMP1269,137200.0,1646400.0,Band C (Senior),177423.2,9.09,37938.27,17884.95
EMP1270,123400.0,1480800.0,Band C (Senior),115688.59,9.89,23529.12,12932.87
EMP1271,380000.0,4560000.0,Band E (Director),681372.24,15.23,20021.3,64284.65
EMP1272,82000.0,984000.0,Band C (Senior),114910.17,12.63,22876.62,12744.62
EMP1273,137500.0,1650000.0,Band C (Senior),209955.7,15.12,34612.11,14440.75
EMP1274,171100.0,2053200.0,Band D (Manager),156288.36,5.06,28923.77,28525.09
EMP1275,47800.0,573600.0,Band B (Mid),43721.18,5.35,18409.89,5868.98
EMP1276,33500.0,402000.0,Band A (Entry),26301.3,8.2,13157.05,5630.74
EMP1277,75900.0,910800.0,Band B (Mid),72799.17,10.38,22205.32,8498.47
EMP1278,217800.0,2613600.0,Band D (Manager),361775.12,15.61,58639.78,22165.47
EMP1279,30800.0,369600.0,Band A (Entry),40779.47,16.44,12061.36,5195.7
EMP1280,103900.0,1246800.0,Band C (Senior),116423.51,11.27,21070.36,17782.04
EMP1281,29900.0,358800.0,Band A (Entry),41283.41,14.37,8345.04,4169.74
EMP1282,57200.0,686400.0,Band B (Mid),87189.65,14.97,19050.37,9898.81
EMP1283,69100.0,829200.0,Band B (Mid),93557.37,10.02,22339.84,7404.4
EMP1284,31900.0,382800.0,Band A (Entry),53326.24,15.52,11425.18,3573.01
EMP1285,219700.0,2636400.0,Band D (Manager),308834.44,10.17,35039.7,39035.85
EMP1286,37600.0,451200.0,Band A (Entry),36034.34,7.2,18806.61,6586.16
EMP1287,189700.0,2276400.0,Band D (Manager),221848.96,9.57,32006.73,29513.22
EMP1288,39100.0,469200.0,Band A (Entry),73585.36,17.97,16131.5,4957.56
EMP1289,450000.0,5400000.0,Band E (Director),488577.13,14.04,25493.61,70701.99
EMP1290,68400.0,820800.0,Band B (Mid),91761.27,13.33,16759.52,6841.69
EMP1291,37500.0,450000.0,Band A (Entry),43536.44,9.67,13362.48,4813.54
EMP1292,33500.0,402000.0,Band A (Entry),40742.54,11.25,12181.72,5633.71
EMP1293,42800.0,513600.0,Band A (Entry),76034.99,15.53,20415.4,5062.65
EMP1294,87900.0,1054800.0,Band C (Senior),92435.39,9.45,49683.37,9695.13
EMP1295,94100.0,1129200.0,Band C (Senior),102401.12,7.32,24914.55,13107.96
EMP1296,84300.0,1011600.0,Band C (Senior),28987.31,2.84,24682.78,12973.8
EMP1297,88400.0,1060800.0,Band C (Senior),107351.3,11.91,25711.11,11038.14
EMP1298,90800.0,1089600.0,Band C (Senior),75216.08,2.87,36459.14,15021.13
EMP1299,72300.0,867600.0,Band B (Mid),56121.0,6.66,22879.41,12476.38
EMP1300,131300.0,1575600.0,Band C (Senior),206674.96,16.34,29674.88,15406.62
EMP1301,69100.0,829200.0,Band B (Mid),99222.98,15.11,19898.81,9037.74
EMP1302,142500.0,1710000.0,Band D (Manager),126766.37,4.82,43311.64,23771.56
EMP1303,284100.0,3409200.0,Band E (Director),436685.55,17.38,32556.42,39832.4
EMP1304,76300.0,915600.0,Band B (Mid),118161.82,11.6,29216.61,12188.56
EMP1305,39500.0,474000.0,Band A (Entry),38802.09,11.66,13458.96,4939.69
EMP1306,24300.0,291600.0,Band A (Entry),42438.24,18.04,9050.92,4020.06
EMP1307,42500.0,510000.0,Band A (Entry),33156.19,3.67,11690.48,7088.63
EMP1308,78700.0,944400.0,Band B (Mid),92428.2,9.54,21978.92,12750.04
EMP1309,263500.0,3162000.0,Band E (Director),235241.73,8.75,34359.9,44880.37
EMP1310,62600.0,751200.0,Band B (Mid),68806.26,9.48,16583.72,8219.34
EMP1311,61800.0,741600.0,Band B (Mid),99020.31,13.82,16653.04,8732.91
EMP1312,115900.0,1390800.0,Band C (Senior),124429.4,7.96,28106.13,19072.04
EMP1313,30400.0,364800.0,Band A (Entry),31388.62,6.28,10934.8,4797.78
EMP1314,167100.0,2005200.0,Band D (Manager),205584.88,9.74,41795.09,23883.74
EMP1315,47400.0,568800.0,Band B (Mid),70752.57,14.13,20382.16,4873.99
EMP1316,68200.0,818400.0,Band B (Mid),93287.63,10.42,20744.12,8005.59
EMP1317,212900.0,2554800.0,Band D (Manager),388652.31,13.5,38085.88,29019.25
EMP1318,106200.0,1274400.0,Band C (Senior),113855.97,9.44,22793.34,17016.17
EMP1319,216300.0,2595600.0,Band D (Manager),248785.71,8.55,39233.19,37283.49
EMP1320,48300.0,579600.0,Band B (Mid),58383.33,10.94,14429.88,8642.07
EMP1321,147300.0,1767600.0,Band D (Manager),174683.14,12.41,33073.27,19263.53
EMP1322,66900.0,802800.0,Band B (Mid),75785.85,9.6,26137.81,11860.66
EMP1323,54100.0,649200.0,Band B (Mid),77192.61,10.94,14708.07,7062.41
EMP1324,40100.0,481200.0,Band A (Entry),85080.35,13.1,14580.29,4592.93
EMP1325,38900.0,466800.0,Band A (Entry),44325.38,12.03,16688.18,6780.12
EMP1326,70100.0,841200.0,Band B (Mid),96319.86,15.41,25887.09,7603.05
EMP1327,43700.0,524400.0,Band A (Entry),77559.92,13.88,20565.27,6035.84
EMP1328,81100.0,973200.0,Band C (Senior),74889.94,9.06,20075.27,13139.79
EMP1329,280900.0,3370800.0,Band E (Director),331045.68,10.5,52417.59,42172.93
EMP1330,204100.0,2449200.0,Band D (Manager),185652.12,10.88,35448.84,34301.85
EMP1331,40000.0,480000.0,Band A (Entry),66689.27,15.23,16671.2,5698.32
EMP1332,211900.0,2542800.0,Band D (Manager),368920.43,16.92,39189.15,28737.22
EMP1333,32500.0,390000.0,Band A (Entry),43060.66,12.05,13704.65,4128.6
EMP1334,66000.0,792000.0,Band B (Mid),77409.49,13.42,22654.46,9892.1
EMP1335,199000.0,2388000.0,Band D (Manager),351899.27,17.47,39467.27,28887.88
EMP1336,35300.0,423600.0,Band A (Entry),57950.72,14.46,13087.59,4966.41
EMP1337,47600.0,571200.0,Band B (Mid),49344.61,10.47,23195.93,7348.5
EMP1338,36100.0,433200.0,Band A (Entry),48067.86,13.83,15897.8,5071.71
EMP1339,53800.0,645600.0,Band B (Mid),67975.44,14.98,21568.59,8365.96
EMP1340,114000.0,1368000.0,Band C (Senior),177895.91,14.09,31839.73,15959.64
EMP1341,38500.0,462000.0,Band A (Entry),45046.66,13.73,19907.99,6238.36
EMP1342,40400.0,484800.0,Band A (Entry),55592.66,8.29,15921.31,4697.43
EMP1343,68000.0,816000.0,Band B (Mid),78536.17,12.03,24134.87,8759.03
EMP1344,38300.0,459600.0,Band A (Entry),28408.05,1.63,15896.02,4766.04
EMP1345,88100.0,1057200.0,Band C (Senior),120012.01,10.63,16958.01,15003.26
EMP1346,178000.0,2136000.0,Band D (Manager),186428.5,12.25,40018.45,26072.26
EMP1347,105000.0,1260000.0,Band C (Senior),151110.24,13.07,30951.44,18406.75
EMP1348,213900.0,2566800.0,Band D (Manager),226165.36,9.79,49510.99,30931.64
EMP1349,55400.0,664800.0,Band B (Mid),65474.51,8.08,14237.62,9688.18
EMP1350,165000.0,1980000.0,Band D (Manager),172104.66,12.48,44446.64,26257.73
EMP1351,47000.0,564000.0,Band B (Mid),55681.91,10.17,23679.99,8061.58
EMP1352,32600.0,391200.0,Band A (Entry),53181.77,14.8,12821.63,4038.63
EMP1353,95800.0,1149600.0,Band C (Senior),103215.41,12.07,25980.87,17209.37
EMP1354,41800.0,501600.0,Band A (Entry),60239.51,14.59,18495.69,5183.95
EMP1355,152700.0,1832400.0,Band D (Manager),171604.75,11.77,25398.31,24417.93
EMP1356,167800.0,2013600.0,Band D (Manager),216116.01,13.02,50286.72,25102.77
EMP1357,285600.0,3427200.0,Band E (Director),249626.32,4.32,17327.94,36675.61
EMP1358,33500.0,402000.0,Band A (Entry),40080.67,10.3,14279.15,3628.45
EMP1359,59000.0,708000.0,Band B (Mid),74635.23,13.31,19622.45,6113.38
EMP1360,117900.0,1414800.0,Band C (Senior),178495.43,15.52,29920.74,11890.93
EMP1361,31000.0,372000.0,Band A (Entry),43171.13,12.23,11179.0,4466.94
EMP1362,63900.0,766800.0,Band B (Mid),75295.02,12.89,24805.0,9258.51
EMP1363,126200.0,1514400.0,Band C (Senior),210025.1,15.53,27761.31,13716.59
EMP1364,450000.0,5400000.0,Band E (Director),583124.99,14.24,30668.37,46378.54
EMP1365,120000.0,1440000.0,Band C (Senior),204865.56,10.85,28299.47,12186.65
EMP1366,43100.0,517200.0,Band A (Entry),67904.65,13.09,19759.0,6308.34
EMP1367,64400.0,772800.0,Band B (Mid),83620.76,13.45,24456.54,10324.98
EMP1368,78400.0,940800.0,Band B (Mid),108265.22,11.26,21225.77,13475.14
EMP1369,40800.0,489600.0,Band A (Entry),58815.12,14.19,15857.29,5610.55
EMP1370,60800.0,729600.0,Band B (Mid),76174.23,15.08,14889.58,9691.3
EMP1371,55400.0,664800.0,Band B (Mid),80082.82,12.89,26005.8,6593.67
EMP1372,33500.0,402000.0,Band A (Entry),52688.56,16.22,15679.24,3481.14
EMP1373,58000.0,696000.0,Band B (Mid),87384.52,14.21,13747.94,8471.91
EMP1374,29700.0,356400.0,Band A (Entry),34333.06,10.03,8506.41,3743.61
EMP1375,74400.0,892800.0,Band B (Mid),84010.9,8.4,23477.09,9828.19
EMP1376,58100.0,697200.0,Band B (Mid),72556.74,9.31,27210.38,6342.92
EMP1377,128300.0,1539600.0,Band C (Senior),163723.46,8.04,38185.5,19927.21
EMP1378,38100.0,457200.0,Band A (Entry),61217.75,18.42,10448.46,6502.02
EMP1379,222500.0,2670000.0,Band E (Director),295431.13,11.05,52902.35,35468.05
EMP1380,43200.0,518400.0,Band A (Entry),65990.31,13.9,20345.5,4790.17
EMP1381,76400.0,916800.0,Band B (Mid),111874.84,15.09,24273.92,9301.34
EMP1382,34100.0,409200.0,Band A (Entry),43219.27,11.09,15524.96,3945.3
EMP1383,36000.0,432000.0,Band A (Entry),48264.16,13.46,13721.42,6453.07
EMP1384,69900.0,838800.0,Band B (Mid),128249.32,19.4,20433.73,9166.1
EMP1385,189300.0,2271600.0,Band D (Manager),350223.68,14.75,23288.54,21157.63
EMP1386,234800.0,2817600.0,Band E (Director),323976.55,16.76,35596.15,38766.36
EMP1387,33300.0,399600.0,Band A (Entry),51758.8,11.6,11195.02,3896.06
EMP1388,24800.0,297600.0,Band A (Entry),27307.68,9.85,10701.15,2636.01
EMP1389,109800.0,1317600.0,Band C (Senior),155194.83,19.4,27970.07,14243.7
EMP1390,78100.0,937200.0,Band B (Mid),122137.38,12.76,20295.44,8040.12
EMP1391,36000.0,432000.0,Band A (Entry),54523.93,16.31,11114.11,4920.4
EMP1392,94700.0,1136400.0,Band C (Senior),127165.7,10.12,23736.33,12771.23
EMP1393,89200.0,1070400.0,Band C (Senior),106080.48,13.8,27327.51,11149.06
EMP1394,141700.0,1700400.0,Band D (Manager),177216.63,11.8,45913.83,20478.0
EMP1395,68600.0,823200.0,Band B (Mid),95201.84,14.32,17794.48,11185.17
EMP1396,68100.0,817200.0,Band B (Mid),127002.69,15.43,32497.16,8669.36
EMP1397,39000.0,468000.0,Band A (Entry),63118.15,11.71,17386.65,4747.42
EMP1398,121100.0,1453200.0,Band C (Senior),76285.05,7.86,32191.61,18279.89
EMP1399,33400.0,400800.0,Band A (Entry),35954.7,6.4,12723.0,4462.91
EMP1400,106100.0,1273200.0,Band C (Senior),94484.53,6.0,23774.25,12810.85
EMP1401,120100.0,1441200.0,Band C (Senior),148770.07,11.16,29198.4,21096.44
EMP1402,122400.0,1468800.0,Band C (Senior),187395.29,13.2,30550.13,14292.64
EMP1403,42500.0,510000.0,Band A (Entry),55071.38,11.77,17137.93,5607.01
EMP1404,43700.0,524400.0,Band A (Entry),49561.23,8.19,16273.4,5389.95
EMP1405,91800.0,1101600.0,Band C (Senior),121614.0,13.79,39215.94,15120.91
EMP1406,75800.0,909600.0,Band B (Mid),77354.44,9.19,28686.13,11607.94
EMP1407,193200.0,2318400.0,Band D (Manager),184153.23,8.4,42834.74,33373.49
EMP1408,61300.0,735600.0,Band B (Mid),54493.68,7.74,20817.27,7456.07
EMP1409,208700.0,2504400.0,Band D (Manager),240058.78,13.52,48360.41,34642.82
EMP1410,35400.0,424800.0,Band A (Entry),56700.96,16.25,11276.82,5431.57
EMP1411,82100.0,985200.0,Band C (Senior),101218.51,4.28,34460.75,8949.42
EMP1412,37500.0,450000.0,Band A (Entry),69704.52,16.43,17749.26,4501.69
EMP1413,143800.0,1725600.0,Band D (Manager),263738.51,16.66,37346.29,24033.43
EMP1414,26800.0,321600.0,Band A (Entry),30157.19,12.01,10974.44,3612.62
EMP1415,43400.0,520800.0,Band A (Entry),46053.46,9.02,22341.59,4900.78
EMP1416,116200.0,1394400.0,Band C (Senior),122247.07,12.56,34468.01,12829.34
EMP1417,65900.0,790800.0,Band B (Mid),85504.06,12.09,19042.94,8127.57
EMP1418,36700.0,440400.0,Band A (Entry),66420.15,14.32,13722.29,5570.69
EMP1419,26200.0,314400.0,Band A (Entry),40041.51,9.52,9425.7,2902.32
EMP1420,66800.0,801600.0,Band B (Mid),106714.68,16.68,25834.27,7515.47
EMP1421,30700.0,368400.0,Band A (Entry),56863.83,16.08,9710.32,5168.2
EMP1422,38000.0,456000.0,Band A (Entry),60882.19,16.14,18492.73,4601.18
EMP1423,80500.0,966000.0,Band C (Senior),117039.44,12.69,30263.72,12438.14
EMP1424,44000.0,528000.0,Band A (Entry),64913.32,9.75,16994.2,7332.75
EMP1425,71100.0,853200.0,Band B (Mid),106115.9,13.75,25616.03,11363.61
EMP1426,82300.0,987600.0,Band C (Senior),78318.46,7.22,26509.04,12360.79
EMP1427,34900.0,418800.0,Band A (Entry),45643.23,14.31,17851.65,4745.77
EMP1428,40600.0,487200.0,Band A (Entry),56633.37,10.94,11715.25,6347.78
EMP1429,29000.0,348000.0,Band A (Entry),35914.16,9.65,10127.33,3748.51
EMP1430,29800.0,357600.0,Band A (Entry),54584.66,18.91,10865.16,4800.15
EMP1431,38700.0,464400.0,Band A (Entry),33913.31,9.39,18543.82,6031.23
EMP1432,150800.0,1809600.0,Band D (Manager),178465.77,8.9,32278.32,16454.37
EMP1433,154500.0,1854000.0,Band D (Manager),172825.5,11.93,33450.04,15536.38
EMP1434,95200.0,1142400.0,Band C (Senior),95544.58,6.19,27015.29,14576.01
EMP1435,83500.0,1002000.0,Band C (Senior),88678.01,8.78,23589.34,11533.88
EMP1436,74600.0,895200.0,Band B (Mid),74292.8,7.95,25783.24,11086.5
EMP1437,152800.0,1833600.0,Band D (Manager),198968.85,8.92,37733.47,23410.95
EMP1438,37300.0,447600.0,Band A (Entry),42819.26,7.79,11927.07,5128.25
EMP1439,32600.0,391200.0,Band A (Entry),43132.84,13.38,14379.92,3603.76
EMP1440,27000.0,324000.0,Band A (Entry),52301.91,18.45,11379.27,3953.05
EMP1441,35700.0,428400.0,Band A (Entry),55087.75,15.44,14178.78,4397.27
EMP1442,40600.0,487200.0,Band A (Entry),68545.62,17.37,20160.31,5686.23
EMP1443,274200.0,3290400.0,Band E (Director),428812.72,15.29,30388.98,28045.78
EMP1444,225800.0,2709600.0,Band E (Director),300236.2,9.89,36979.05,39914.67
EMP1445,38700.0,464400.0,Band A (Entry),70613.28,13.16,17425.72,4435.14
EMP1446,93300.0,1119600.0,Band C (Senior),113217.45,12.38,29674.23,16740.13
EMP1447,44000.0,528000.0,Band A (Entry),49142.26,12.4,13729.08,7191.14
EMP1448,85900.0,1030800.0,Band C (Senior),153204.76,18.2,21556.33,11239.69
EMP1449,75900.0,910800.0,Band B (Mid),122593.92,15.68,21354.46,11023.92
EMP1450,48300.0,579600.0,Band B (Mid),75864.16,13.82,16398.17,5675.54
EMP1451,193500.0,2322000.0,Band D (Manager),308560.79,14.8,44943.79,19549.69
EMP1452,276500.0,3318000.0,Band E (Director),509681.82,15.84,15373.14,38573.54
EMP1453,84500.0,1014000.0,Band C (Senior),71208.36,8.13,21406.57,8923.87
EMP1454,81200.0,974400.0,Band C (Senior),112970.85,12.79,24930.5,9273.9
EMP1455,64800.0,777600.0,Band B (Mid),78113.57,6.73,19464.04,6818.49
EMP1456,42600.0,511200.0,Band A (Entry),65008.16,11.39,23981.81,6143.36
EMP1457,48700.0,584400.0,Band B (Mid),58381.12,11.46,17474.74,7468.79
EMP1458,73900.0,886800.0,Band B (Mid),121024.71,16.0,24216.43,13071.63
EMP1459,41400.0,496800.0,Band A (Entry),58233.6,9.28,16080.69,4947.12
EMP1460,136400.0,1636800.0,Band C (Senior),149602.22,10.15,34615.36,22782.75
EMP1461,50600.0,607200.0,Band B (Mid),69023.82,7.74,17980.55,7440.49
EMP1462,77100.0,925200.0,Band B (Mid),73971.56,12.25,31366.78,7792.02
EMP1463,33500.0,402000.0,Band A (Entry),39843.58,14.0,12021.75,4328.79
EMP1464,273400.0,3280800.0,Band E (Director),383701.85,15.25,13119.52,48769.84
EMP1465,40900.0,490800.0,Band A (Entry),60266.88,11.78,18837.83,6483.43
EMP1466,31800.0,381600.0,Band A (Entry),28062.46,4.13,13072.38,4883.2
EMP1467,28000.0,336000.0,Band A (Entry),29968.42,10.85,8844.65,4368.13
EMP1468,97400.0,1168800.0,Band C (Senior),141163.77,14.0,25582.69,17201.76
EMP1469,376200.0,4514400.0,Band E (Director),468983.17,12.03,27805.02,53823.53
EMP1470,41300.0,495600.0,Band A (Entry),67517.97,16.52,11186.81,4579.69
EMP1471,131100.0,1573200.0,Band C (Senior),186774.05,9.88,17426.35,13640.16
EMP1472,40800.0,489600.0,Band A (Entry),61273.52,15.12,16316.47,5934.13
EMP1473,110100.0,1321200.0,Band C (Senior),122830.33,8.36,34197.52,12572.17
EMP1474,47000.0,564000.0,Band B (Mid),62875.13,8.9,16428.63,8216.99
EMP1475,68800.0,825600.0,Band B (Mid),89683.23,13.52,18348.06,12254.64
EMP1476,115700.0,1388400.0,Band C (Senior),151329.91,13.15,28618.73,16795.58
EMP1477,69900.0,838800.0,Band B (Mid),83518.37,11.67,23537.63,10406.79
EMP1478,37700.0,452400.0,Band A (Entry),51878.8,16.22,16172.89,4162.16
EMP1479,170100.0,2041200.0,Band D (Manager),199234.96,11.72,33741.38,28049.22
EMP1480,450000.0,5400000.0,Band E (Director),336253.55,8.67,21216.83,60323.93
EMP1481,43400.0,520800.0,Band A (Entry),67159.01,16.1,12915.15,6958.86
EMP1482,78900.0,946800.0,Band B (Mid),117607.58,15.32,24345.13,10594.13
EMP1483,96600.0,1159200.0,Band C (Senior),60262.27,7.31,24096.13,15859.49
EMP1484,34500.0,414000.0,Band A (Entry),41286.76,10.44,13908.4,3785.55
EMP1485,166700.0,2000400.0,Band D (Manager),195102.41,14.26,33312.26,29662.63
EMP1486,36000.0,432000.0,Band A (Entry),66675.12,17.05,13349.75,5571.98
EMP1487,130400.0,1564800.0,Band C (Senior),240336.91,14.82,28270.43,16638.53
EMP1488,44800.0,537600.0,Band A (Entry),70673.5,13.44,24671.71,5953.47
EMP1489,36000.0,432000.0,Band A (Entry),30860.15,6.79,13359.66,4218.95
EMP1490,80000.0,960000.0,Band C (Senior),99271.35,10.99,29424.88,11262.35
EMP1491,66100.0,793200.0,Band B (Mid),101099.81,15.51,17270.9,11342.29
EMP1492,189400.0,2272800.0,Band D (Manager),301321.69,12.89,39627.26,26164.79
EMP1493,318400.0,3820800.0,Band E (Director),468547.48,16.78,19685.88,40303.76
EMP1494,29800.0,357600.0,Band A (Entry),37753.64,14.05,13896.15,4082.85
EMP1495,33900.0,406800.0,Band A (Entry),65084.59,15.66,12100.0,4519.41
EMP1496,70200.0,842400.0,Band B (Mid),132608.02,19.2,26625.11,9399.61
EMP1497,37600.0,451200.0,Band A (Entry),42308.34,11.41,11307.58,5314.55
EMP1498,52700.0,632400.0,Band B (Mid),56988.27,12.11,21820.69,8302.23
EMP1499,200300.0,2403600.0,Band D (Manager),374957.48,19.92,31930.65,31520.77
EMP1500,131300.0,1575600.0,Band C (Senior),165564.39,10.75,33993.8,13425.29
EMP1501,35100.0,421200.0,Band A (Entry),64275.39,17.53,12592.9,6150.53
EMP1502,69400.0,832800.0,Band B (Mid),135491.41,17.43,20022.91,8899.56
EMP1503,52900.0,634800.0,Band B (Mid),65203.01,10.12,16006.22,7152.52
EMP1504,55300.0,663600.0,Band B (Mid),73573.88,14.28,13774.52,7814.18
EMP1505,34300.0,411600.0,Band A (Entry),40882.2,11.02,15078.88,5920.45
EMP1506,61200.0,734400.0,Band B (Mid),84003.5,14.74,18198.65,6321.28
EMP1507,66000.0,792000.0,Band B (Mid),96315.8,11.64,22994.7,11054.66
EMP1508,45600.0,547200.0,Band B (Mid),87818.55,19.56,18610.72,7031.88
EMP1509,173100.0,2077200.0,Band D (Manager),261683.25,12.14,43731.54,24730.64
EMP1510,23400.0,280800.0,Band A (Entry),28531.4,13.84,10204.73,3094.78
EMP1511,71600.0,859200.0,Band B (Mid),118330.83,16.7,19322.96,10230.19
EMP1512,98200.0,1178400.0,Band C (Senior),120824.94,13.11,21711.57,15324.9
EMP1513,245900.0,2950800.0,Band E (Director),323674.13,10.24,25079.7,33467.79
EMP1514,33200.0,398400.0,Band A (Entry),65237.05,25.19,8127.73,5779.77
EMP1515,27400.0,328800.0,Band A (Entry),34492.76,9.53,10924.38,3985.52
EMP1516,40800.0,489600.0,Band A (Entry),50122.29,11.15,12225.31,5575.84
EMP1517,89300.0,1071600.0,Band C (Senior),101808.55,11.23,38320.25,15417.58
EMP1518,37200.0,446400.0,Band A (Entry),37603.15,11.79,12747.34,3802.4
EMP1519,131300.0,1575600.0,Band C (Senior),73868.78,5.02,26041.31,22598.41
EMP1520,32300.0,387600.0,Band A (Entry),57525.77,17.71,14288.48,4488.86
EMP1521,27700.0,332400.0,Band A (Entry),35792.36,8.17,11986.66,3077.8
EMP1522,54500.0,654000.0,Band B (Mid),65227.3,11.46,22071.71,8480.72
EMP1523,127700.0,1532400.0,Band C (Senior),165568.73,10.62,30513.01,15343.95
EMP1524,190700.0,2288400.0,Band D (Manager),170988.33,11.3,32000.81,26380.19
EMP1525,131000.0,1572000.0,Band C (Senior),99037.84,8.53,32275.52,18734.11
EMP1526,58000.0,696000.0,Band B (Mid),77833.97,11.49,15423.14,10299.71
EMP1527,116200.0,1394400.0,Band C (Senior),233420.27,20.74,31021.75,17956.54
EMP1528,135900.0,1630800.0,Band C (Senior),189216.93,12.67,29387.27,18515.83
EMP1529,48700.0,584400.0,Band B (Mid),77399.51,13.12,21555.1,7404.97
EMP1530,60700.0,728400.0,Band B (Mid),57334.03,9.2,18734.31,9250.46
EMP1531,104100.0,1249200.0,Band C (Senior),146275.03,8.68,26767.27,11652.29
EMP1532,46000.0,552000.0,Band B (Mid),54299.5,10.08,21537.47,6009.37
EMP1533,139800.0,1677600.0,Band C (Senior),234528.72,14.18,28215.79,15945.68
EMP1534,57200.0,686400.0,Band B (Mid),70882.58,10.06,19015.99,6260.54
EMP1535,66400.0,796800.0,Band B (Mid),91705.73,13.16,17576.21,8409.92
EMP1536,53700.0,644400.0,Band B (Mid),75179.58,13.45,18040.68,5534.27
EMP1537,116500.0,1398000.0,Band C (Senior),124869.93,9.79,28401.81,13386.97
EMP1538,224100.0,2689200.0,Band E (Director),239606.73,7.42,31147.83,25723.09
EMP1539,37900.0,454800.0,Band A (Entry),62418.7,16.02,14741.54,5435.57
EMP1540,51700.0,620400.0,Band B (Mid),47589.75,9.63,19231.7,6934.65
EMP1541,32500.0,390000.0,Band A (Entry),29639.3,8.56,14763.81,3534.69
EMP1542,30300.0,363600.0,Band A (Entry),53069.48,10.35,11505.5,5441.36
EMP1543,320100.0,3841200.0,Band E (Director),403815.14,8.67,22959.04,51261.21
EMP1544,69200.0,830400.0,Band B (Mid),105581.92,12.03,23843.89,10713.37
EMP1545,66100.0,793200.0,Band B (Mid),124477.99,17.15,19939.7,10024.89
EMP1546,30700.0,368400.0,Band A (Entry),46997.02,14.26,15370.67,4861.34
EMP1547,398700.0,4784400.0,Band E (Director),572621.55,13.74,25302.4,46123.13
EMP1548,37400.0,448800.0,Band A (Entry),54410.9,15.35,13942.18,5923.25
EMP1549,81200.0,974400.0,Band C (Senior),122472.54,14.85,22019.81,10512.21
EMP1550,33900.0,406800.0,Band A (Entry),30860.15,6.15,14186.75,3940.51
EMP1551,52400.0,628800.0,Band B (Mid),66204.58,12.89,18340.21,6468.19
EMP1552,140500.0,1686000.0,Band D (Manager),158280.93,13.19,31861.44,23366.81
EMP1553,36600.0,439200.0,Band A (Entry),38760.87,4.79,18536.3,4867.94
EMP1554,110100.0,1321200.0,Band C (Senior),129596.59,13.28,24753.27,18736.04
EMP1555,42700.0,512400.0,Band A (Entry),63128.19,12.22,15968.79,7670.11
EMP1556,98600.0,1183200.0,Band C (Senior),137589.42,14.65,24403.14,17279.23
EMP1557,119000.0,1428000.0,Band C (Senior),213151.95,20.29,34455.09,16483.47
EMP1558,155900.0,1870800.0,Band D (Manager),91969.17,7.3,34307.63,22651.54
EMP1559,32100.0,385200.0,Band A (Entry),43821.97,13.74,10337.19,4762.76
EMP1560,72400.0,868800.0,Band B (Mid),132791.65,16.89,21745.63,7772.16
EMP1561,404300.0,4851600.0,Band E (Director),779158.24,16.38,19950.98,64968.3
EMP1562,29700.0,356400.0,Band A (Entry),56901.17,16.54,11559.4,4880.9
EMP1563,34500.0,414000.0,Band A (Entry),54910.32,12.83,12704.75,4007.91
EMP1564,129700.0,1556400.0,Band C (Senior),135613.5,8.62,42162.16,16507.54
EMP1565,42500.0,510000.0,Band A (Entry),47557.76,8.24,17687.64,6411.0
EMP1566,160800.0,1929600.0,Band D (Manager),256977.74,16.19,32146.32,28378.05
EMP1567,138700.0,1664400.0,Band C (Senior),220862.76,18.52,38035.79,17865.26
EMP1568,47000.0,564000.0,Band B (Mid),56049.44,12.0,18073.82,8008.97
EMP1569,67900.0,814800.0,Band B (Mid),88651.58,12.26,15113.3,7170.09
EMP1570,63900.0,766800.0,Band B (Mid),89036.3,9.56,26686.52,9201.29
EMP1571,38800.0,465600.0,Band A (Entry),25409.49,8.95,20807.55,4813.71
EMP1572,181300.0,2175600.0,Band D (Manager),218728.66,13.44,46030.95,30656.14
EMP1573,41400.0,496800.0,Band A (Entry),78930.06,17.34,15427.7,4764.84
EMP1574,80700.0,968400.0,Band C (Senior),156752.87,18.61,26721.54,8688.94
EMP1575,194700.0,2336400.0,Band D (Manager),266949.85,13.55,39502.52,25423.72
EMP1576,33800.0,405600.0,Band A (Entry),62763.86,16.64,14343.28,5429.69
EMP1577,112200.0,1346400.0,Band C (Senior),120687.97,12.46,41877.28,17826.5
EMP1578,37100.0,445200.0,Band A (Entry),37374.43,8.03,15852.55,4730.16
EMP1579,74000.0,888000.0,Band B (Mid),44951.46,3.83,20824.05,11717.7
EMP1580,36700.0,440400.0,Band A (Entry),58238.54,15.5,13132.72,4110.83
EMP1581,134500.0,1614000.0,Band C (Senior),163075.94,8.68,31657.72,18295.89
EMP1582,132000.0,1584000.0,Band C (Senior),287786.22,19.97,32996.21,22460.47
EMP1583,214200.0,2570400.0,Band D (Manager),283002.23,14.67,23059.73,24234.51
EMP1584,385500.0,4626000.0,Band E (Director),447685.76,10.75,25814.08,46058.31
EMP1585,109800.0,1317600.0,Band C (Senior),99817.55,8.67,23238.17,14153.57
EMP1586,81500.0,978000.0,Band C (Senior),141381.36,16.22,21173.75,9548.34
EMP1587,81200.0,974400.0,Band C (Senior),99892.1,12.46,22014.84,11578.27
EMP1588,187800.0,2253600.0,Band D (Manager),300573.32,12.28,29620.02,25112.33
EMP1589,89700.0,1076400.0,Band C (Senior),78847.86,4.72,28477.35,13249.24
EMP1590,191800.0,2301600.0,Band D (Manager),325192.25,14.49,53874.39,19496.28
EMP1591,37200.0,446400.0,Band A (Entry),66270.63,12.72,14274.2,6145.71
EMP1592,92900.0,1114800.0,Band C (Senior),109232.98,9.22,28775.72,12244.6
EMP1593,65500.0,786000.0,Band B (Mid),97535.0,11.33,13243.45,6910.71
EMP1594,33000.0,396000.0,Band A (Entry),45541.68,16.77,11045.04,4939.05
EMP1595,46700.0,560400.0,Band B (Mid),71712.31,17.39,15344.56,5327.56
EMP1596,444700.0,5336400.0,Band E (Director),584244.86,10.21,34234.22,52154.51
EMP1597,89900.0,1078800.0,Band C (Senior),186064.39,19.69,38699.77,14434.92
EMP1598,40700.0,488400.0,Band A (Entry),60191.96,12.3,18835.5,4306.93
EMP1599,29000.0,348000.0,Band A (Entry),31517.1,9.82,13801.88,5098.45
EMP1600,89000.0,1068000.0,Band C (Senior),119826.22,11.85,33920.84,10654.52
EMP1601,68800.0,825600.0,Band B (Mid),40995.99,6.17,28204.02,10220.49
EMP1602,233900.0,2806800.0,Band E (Director),292789.39,9.02,45532.47,25636.08
EMP1603,235400.0,2824800.0,Band E (Director),382874.39,15.42,13339.46,42367.58
EMP1604,98500.0,1182000.0,Band C (Senior),150835.75,13.55,22960.82,17366.03
EMP1605,120000.0,1440000.0,Band C (Senior),132719.78,8.24,32409.51,18300.98
EMP1606,40300.0,483600.0,Band A (Entry),57242.94,14.03,19025.73,4893.38
EMP1607,143600.0,1723200.0,Band D (Manager),106127.48,5.89,25054.28,18530.45
EMP1608,34600.0,415200.0,Band A (Entry),45233.26,10.61,13169.44,5069.85
EMP1609,31300.0,375600.0,Band A (Entry),44643.46,12.56,13017.38,3828.26
EMP1610,288500.0,3462000.0,Band E (Director),407787.61,15.61,25709.46,42409.38
EMP1611,234700.0,2816400.0,Band E (Director),311815.07,11.73,50666.24,40499.72
EMP1612,33700.0,404400.0,Band A (Entry),53096.63,16.11,13451.05,3767.3
EMP1613,117500.0,1410000.0,Band C (Senior),199073.87,17.04,24420.76,14315.34
EMP1614,69000.0,828000.0,Band B (Mid),66697.47,12.84,18478.85,12213.49
EMP1615,33700.0,404400.0,Band A (Entry),41681.64,15.36,12324.59,5691.1
EMP1616,34100.0,409200.0,Band A (Entry),28461.32,8.95,18032.92,3503.57
EMP1617,50800.0,609600.0,Band B (Mid),48340.22,8.67,17224.52,5485.06
EMP1618,73000.0,876000.0,Band B (Mid),97749.17,12.9,19931.39,11074.48
EMP1619,62300.0,747600.0,Band B (Mid),83024.32,12.53,25971.14,10394.07
EMP1620,82800.0,993600.0,Band C (Senior),98355.24,12.12,26480.26,14763.23
EMP1621,45200.0,542400.0,Band B (Mid),60579.27,9.36,20288.82,4990.5
EMP1622,236200.0,2834400.0,Band E (Director),314943.36,15.65,56622.77,32601.15
EMP1623,78500.0,942000.0,Band B (Mid),127340.61,16.8,25442.25,11074.05
EMP1624,264500.0,3174000.0,Band E (Director),540348.15,14.89,39266.4,44502.65
EMP1625,38900.0,466800.0,Band A (Entry),58013.13,12.69,16578.2,5404.37
EMP1626,50900.0,610800.0,Band B (Mid),50672.66,6.35,18874.55,5248.45
EMP1627,184800.0,2217600.0,Band D (Manager),310316.97,18.99,34135.09,19596.04
EMP1628,38700.0,464400.0,Band A (Entry),53296.97,14.75,19568.32,5419.43
EMP1629,34100.0,409200.0,Band A (Entry),48143.32,14.27,10340.61,3778.07
EMP1630,28300.0,339600.0,Band A (Entry),33916.26,13.51,12431.47,3990.31
EMP1631,34000.0,408000.0,Band A (Entry),77090.63,20.71,16472.93,5000.57
EMP1632,41400.0,496800.0,Band A (Entry),55856.67,12.85,10510.9,5819.58
EMP1633,38200.0,458400.0,Band A (Entry),57858.06,13.74,15406.13,5588.23
EMP1634,35600.0,427200.0,Band A (Entry),30294.01,6.69,12632.74,3604.67
EMP1635,131300.0,1575600.0,Band C (Senior),190890.59,11.95,29566.14,20435.79
EMP1636,28700.0,344400.0,Band A (Entry),31378.43,8.44,10300.83,2955.0
EMP1637,69400.0,832800.0,Band B (Mid),102483.94,12.34,24039.63,9726.83
EMP1638,127400.0,1528800.0,Band C (Senior),190374.18,13.47,37196.41,14282.84
EMP1639,32800.0,393600.0,Band A (Entry),36148.01,9.19,11172.53,4339.02
EMP1640,28200.0,338400.0,Band A (Entry),46249.54,19.57,10480.07,4643.5
EMP1641,30300.0,363600.0,Band A (Entry),34855.41,6.79,13822.46,5067.86
EMP1642,42000.0,504000.0,Band A (Entry),46748.88,10.31,16030.79,7173.57
EMP1643,52100.0,625200.0,Band B (Mid),70764.77,11.66,18605.81,8101.8
EMP1644,46200.0,554400.0,Band B (Mid),47254.0,9.77,22054.5,6594.28
EMP1645,37900.0,454800.0,Band A (Entry),58846.5,13.72,16119.7,6222.68
EMP1646,419900.0,5038800.0,Band E (Director),705326.62,14.69,31806.21,44333.05
EMP1647,211900.0,2542800.0,Band D (Manager),255593.29,12.62,38703.1,21726.73
EMP1648,40800.0,489600.0,Band A (Entry),79123.66,15.66,14738.95,6960.06
EMP1649,24800.0,297600.0,Band A (Entry),34903.64,13.64,11482.95,3913.11
EMP1650,73600.0,883200.0,Band B (Mid),107475.28,12.3,20099.29,9887.96
EMP1651,261100.0,3133200.0,Band E (Director),303670.84,9.17,48860.23,31439.57
EMP1652,166800.0,2001600.0,Band D (Manager),139724.46,7.19,46591.45,29648.67
EMP1653,30100.0,361200.0,Band A (Entry),39489.89,12.06,12520.58,3526.33
EMP1654,56800.0,681600.0,Band B (Mid),65855.97,12.83,26164.1,6830.29
EMP1655,56900.0,682800.0,Band B (Mid),58455.86,14.3,17942.59,9986.29
EMP1656,188600.0,2263200.0,Band D (Manager),297623.34,15.38,20129.33,30323.01
EMP1657,231300.0,2775600.0,Band E (Director),186189.54,4.26,48112.69,38863.98
EMP1658,36600.0,439200.0,Band A (Entry),35627.0,8.26,10406.2,6408.65
EMP1659,66600.0,799200.0,Band B (Mid),49922.14,8.17,23992.57,11762.37
EMP1660,36000.0,432000.0,Band A (Entry),61501.8,19.84,14801.4,4730.82
EMP1661,117400.0,1408800.0,Band C (Senior),143873.06,11.64,27034.16,14054.19
EMP1662,176000.0,2112000.0,Band D (Manager),208285.73,9.92,36182.09,25513.08
EMP1663,76200.0,914400.0,Band B (Mid),81954.61,9.71,31942.91,9953.39
EMP1664,42400.0,508800.0,Band A (Entry),59904.05,15.98,13825.72,5381.54
EMP1665,45800.0,549600.0,Band B (Mid),65597.83,11.51,18072.77,6699.66
EMP1666,56300.0,675600.0,Band B (Mid),83723.56,11.86,20220.34,9657.31
EMP1667,112200.0,1346400.0,Band C (Senior),71450.44,1.31,25444.24,16131.13
EMP1668,60800.0,729600.0,Band B (Mid),114220.65,15.4,17660.31,7729.13
EMP1669,286200.0,3434400.0,Band E (Director),432944.93,15.67,48169.84,32951.57
EMP1670,26300.0,315600.0,Band A (Entry),45313.21,15.0,10814.96,4382.16
EMP1671,39700.0,476400.0,Band A (Entry),62083.81,12.27,20327.36,5994.0
EMP1672,31200.0,374400.0,Band A (Entry),46615.25,11.91,13230.88,3661.77
EMP1673,24500.0,294000.0,Band A (Entry),31722.76,8.45,8281.2,4041.19
EMP1674,51500.0,618000.0,Band B (Mid),68442.14,18.77,16836.87,5479.69
EMP1675,168800.0,2025600.0,Band D (Manager),268755.93,14.51,41905.03,18070.62
EMP1676,27500.0,330000.0,Band A (Entry),34426.11,9.65,12234.92,3394.19
EMP1677,32600.0,391200.0,Band A (Entry),40683.6,14.29,10786.8,5305.09
EMP1678,36500.0,438000.0,Band A (Entry),43017.8,9.54,17059.37,5184.34
EMP1679,27700.0,332400.0,Band A (Entry),37206.01,16.1,10909.72,4302.66
EMP1680,227300.0,2727600.0,Band E (Director),385793.68,15.54,33060.29,39214.66
EMP1681,194000.0,2328000.0,Band D (Manager),261208.32,10.6,35127.15,34712.46
EMP1682,43500.0,522000.0,Band A (Entry),82030.6,19.89,19907.15,7269.93
EMP1683,124100.0,1489200.0,Band C (Senior),134759.86,5.35,26903.1,16760.32
EMP1684,91600.0,1099200.0,Band C (Senior),118481.9,14.4,21788.02,13153.39
EMP1685,335200.0,4022400.0,Band E (Director),601836.29,18.31,16488.52,33562.63
EMP1686,75400.0,904800.0,Band B (Mid),85174.34,9.53,22821.05,8014.01
EMP1687,41500.0,498000.0,Band A (Entry),35756.0,4.01,18592.48,5604.59
EMP1688,73300.0,879600.0,Band B (Mid),138001.22,19.87,28124.83,9243.99
EMP1689,206100.0,2473200.0,Band D (Manager),294159.26,16.86,27207.25,29234.28
EMP1690,132200.0,1586400.0,Band C (Senior),114597.41,6.4,30921.76,13280.94
EMP1691,44800.0,537600.0,Band A (Entry),76031.83,18.13,13924.36,7880.86
EMP1692,25200.0,302400.0,Band A (Entry),26320.94,9.51,13443.73,3491.19
EMP1693,122300.0,1467600.0,Band C (Senior),116182.75,7.89,37811.38,13824.69
EMP1694,220900.0,2650800.0,Band E (Director),350973.46,12.19,22413.26,33393.17
EMP1695,54100.0,649200.0,Band B (Mid),57081.74,10.5,13375.94,7907.07
EMP1696,102500.0,1230000.0,Band C (Senior),108826.53,11.87,26984.07,16051.39
EMP1697,76400.0,916800.0,Band B (Mid),78516.51,11.73,20624.73,13686.07
EMP1698,68000.0,816000.0,Band B (Mid),70855.71,6.21,23970.38,9193.37
EMP1699,51700.0,620400.0,Band B (Mid),74743.4,16.71,22824.74,5170.46
EMP1700,120900.0,1450800.0,Band C (Senior),182819.36,14.45,32345.9,14030.03
EMP1701,251000.0,3012000.0,Band E (Director),357940.22,13.02,19729.53,33290.96
EMP1702,73100.0,877200.0,Band B (Mid),95638.87,10.33,21551.5,8785.31
EMP1703,52200.0,626400.0,Band B (Mid),54802.34,6.61,17685.44,7254.29
EMP1704,76700.0,920400.0,Band B (Mid),71929.89,8.39,32845.59,11546.65
EMP1705,28800.0,345600.0,Band A (Entry),45883.52,12.64,9374.07,4086.98
EMP1706,40800.0,489600.0,Band A (Entry),73160.24,17.74,17574.82,4254.27
EMP1707,49800.0,597600.0,Band B (Mid),75506.99,14.38,19809.82,5080.25
EMP1708,54000.0,648000.0,Band B (Mid),65644.63,9.06,15304.33,5520.35
EMP1709,25500.0,306000.0,Band A (Entry),35571.36,17.08,9257.34,3947.07
EMP1710,66600.0,799200.0,Band B (Mid),81905.3,9.01,20556.19,8824.82
EMP1711,120600.0,1447200.0,Band C (Senior),215768.92,20.15,30356.25,17377.91
EMP1712,37500.0,450000.0,Band A (Entry),44912.66,9.94,15395.18,4948.99
EMP1713,71600.0,859200.0,Band B (Mid),118781.05,16.52,26835.04,11116.33
EMP1714,169900.0,2038800.0,Band D (Manager),273079.77,14.69,29866.23,30454.53
EMP1715,62900.0,754800.0,Band B (Mid),96115.94,10.48,19347.27,9375.36
EMP1716,37900.0,454800.0,Band A (Entry),52338.73,16.24,17768.06,4413.09
EMP1717,61300.0,735600.0,Band B (Mid),53793.12,9.43,15019.13,9690.17
EMP1718,50000.0,600000.0,Band B (Mid),53984.87,10.68,18036.82,5855.1
EMP1719,49900.0,598800.0,Band B (Mid),81363.61,15.35,17234.39,7738.24
EMP1720,29500.0,354000.0,Band A (Entry),54610.62,21.9,10872.49,4304.77
EMP1721,69500.0,834000.0,Band B (Mid),108528.91,12.76,19852.73,7014.13
EMP1722,57900.0,694800.0,Band B (Mid),82431.62,15.38,19866.83,6663.33
EMP1723,36000.0,432000.0,Band A (Entry),36877.65,10.93,15873.22,4253.33
EMP1724,56500.0,678000.0,Band B (Mid),87591.24,15.43,20808.78,7356.87
EMP1725,27600.0,331200.0,Band A (Entry),28049.56,9.93,13750.35,4712.26
EMP1726,46300.0,555600.0,Band B (Mid),50758.27,13.37,18878.2,7260.58
EMP1727,119100.0,1429200.0,Band C (Senior),176948.05,14.82,30382.29,16481.18
EMP1728,25300.0,303600.0,Band A (Entry),28148.05,9.07,8130.54,3351.05
EMP1729,72600.0,871200.0,Band B (Mid),118466.76,20.75,18444.01,7433.94
EMP1730,71600.0,859200.0,Band B (Mid),111197.35,18.75,29568.41,8407.0
EMP1731,34000.0,408000.0,Band A (Entry),51462.64,9.27,12819.87,5792.91
EMP1732,269300.0,3231600.0,Band E (Director),319237.06,10.61,47964.67,35065.01
EMP1733,78200.0,938400.0,Band B (Mid),64450.23,7.9,31144.65,9534.9
EMP1734,43500.0,522000.0,Band A (Entry),40084.32,7.53,18783.85,7622.86
EMP1735,168800.0,2025600.0,Band D (Manager),241059.75,11.35,35027.08,19878.59
EMP1736,105800.0,1269600.0,Band C (Senior),146966.52,16.29,30490.81,17355.93
EMP1737,79900.0,958800.0,Band B (Mid),112373.03,13.86,20835.07,10428.18
EMP1738,52400.0,628800.0,Band B (Mid),76212.67,13.88,22334.05,6770.48
EMP1739,27300.0,327600.0,Band A (Entry),32847.93,13.64,10811.52,3459.44
EMP1740,58900.0,706800.0,Band B (Mid),89729.46,12.64,18573.8,7162.72
EMP1741,43600.0,523200.0,Band A (Entry),30379.47,7.74,13834.4,5278.9
EMP1742,45900.0,550800.0,Band B (Mid),54534.64,13.31,13635.46,5624.61
EMP1743,119200.0,1430400.0,Band C (Senior),225338.96,16.49,33941.91,16352.8
EMP1744,41400.0,496800.0,Band A (Entry),70222.91,16.64,15253.85,5608.34
EMP1745,29200.0,350400.0,Band A (Entry),39572.35,12.44,13877.98,2964.83
EMP1746,37200.0,446400.0,Band A (Entry),47782.89,11.43,15763.19,4893.26
EMP1747,49100.0,589200.0,Band B (Mid),77418.25,19.35,14602.57,8128.85
EMP1748,82000.0,984000.0,Band C (Senior),159343.77,16.79,28718.75,13138.98
EMP1749,173800.0,2085600.0,Band D (Manager),136597.95,8.23,36306.19,19140.31
EMP1750,36300.0,435600.0,Band A (Entry),46428.9,8.77,13610.74,4232.08
EMP1751,41900.0,502800.0,Band A (Entry),65647.42,13.03,15109.42,6299.03
EMP1752,90400.0,1084800.0,Band C (Senior),178079.03,15.08,26609.22,13586.51
EMP1753,68100.0,817200.0,Band B (Mid),75752.59,12.66,18961.6,7083.49
EMP1754,72200.0,866400.0,Band B (Mid),117478.44,16.0,15937.02,9016.05
EMP1755,175800.0,2109600.0,Band D (Manager),233117.6,12.86,38795.26,24765.06
EMP1756,53500.0,642000.0,Band B (Mid),114629.81,23.47,15428.16,8268.02
EMP1757,79700.0,956400.0,Band B (Mid),94361.55,16.86,28123.5,11556.71
EMP1758,233500.0,2802000.0,Band E (Director),299568.75,13.7,6514.3,35363.22
EMP1759,41600.0,499200.0,Band A (Entry),53366.49,10.15,19399.85,7110.4
EMP1760,124200.0,1490400.0,Band C (Senior),214232.62,13.23,24038.06,21125.74
EMP1761,60800.0,729600.0,Band B (Mid),88034.15,14.54,17423.07,7055.96
EMP1762,55600.0,667200.0,Band B (Mid),63316.31,8.53,15735.42,9421.71
EMP1763,192000.0,2304000.0,Band D (Manager),297825.62,12.03,26435.56,22445.39
EMP1764,81900.0,982800.0,Band C (Senior),78755.36,7.75,26970.02,8212.51
EMP1765,60900.0,730800.0,Band B (Mid),66560.28,6.99,15030.36,9895.26
EMP1766,51300.0,615600.0,Band B (Mid),48784.06,11.56,20017.98,8851.29
EMP1767,119300.0,1431600.0,Band C (Senior),115734.24,6.15,42561.87,12919.07
EMP1768,74100.0,889200.0,Band B (Mid),96964.07,9.28,20855.08,11870.78
EMP1769,47700.0,572400.0,Band B (Mid),60291.64,10.72,17306.36,5078.28
EMP1770,141900.0,1702800.0,Band D (Manager),204475.92,11.08,38051.52,24579.29
EMP1771,104300.0,1251600.0,Band C (Senior),153139.58,16.79,32287.57,14299.83
EMP1772,75400.0,904800.0,Band B (Mid),89816.64,13.67,31588.79,10480.8
EMP1773,37200.0,446400.0,Band A (Entry),43093.96,8.61,13278.65,6429.37
EMP1774,57100.0,685200.0,Band B (Mid),91949.63,13.02,19500.57,7098.75
EMP1775,28800.0,345600.0,Band A (Entry),22459.12,5.16,11001.29,4125.74
EMP1776,49900.0,598800.0,Band B (Mid),42135.49,3.01,21315.95,5392.71
EMP1777,74000.0,888000.0,Band B (Mid),120572.64,17.67,26403.28,8447.98
EMP1778,31600.0,379200.0,Band A (Entry),48218.03,14.7,13540.61,4511.66
EMP1779,28300.0,339600.0,Band A (Entry),43546.21,14.56,10841.22,4791.6
EMP1780,137900.0,1654800.0,Band C (Senior),167252.33,10.19,28710.21,17883.1
EMP1781,49500.0,594000.0,Band B (Mid),49994.68,9.83,19890.29,4972.26
EMP1782,296500.0,3558000.0,Band E (Director),371628.63,13.84,21017.96,35166.5
EMP1783,260500.0,3126000.0,Band E (Director),389566.82,12.19,58896.43,36416.65
EMP1784,74900.0,898800.0,Band B (Mid),80128.99,9.01,19538.34,7872.53
EMP1785,450000.0,5400000.0,Band E (Director),599181.93,7.23,31090.73,50169.57
EMP1786,173400.0,2080800.0,Band D (Manager),155286.29,9.58,25757.65,20459.56
EMP1787,29100.0,349200.0,Band A (Entry),30972.82,9.5,11479.11,4871.85
EMP1788,88400.0,1060800.0,Band C (Senior),140188.01,19.77,25939.19,11858.35
EMP1789,29900.0,358800.0,Band A (Entry),41658.17,13.92,15730.55,3322.21
EMP1790,176600.0,2119200.0,Band D (Manager),150153.79,8.38,39351.94,25254.52
EMP1791,44800.0,537600.0,Band A (Entry),43496.08,7.86,14001.43,6541.0
EMP1792,35300.0,423600.0,Band A (Entry),38971.07,12.61,17754.31,5271.85
EMP1793,49800.0,597600.0,Band B (Mid),81938.34,11.52,22395.76,7923.25
EMP1794,246700.0,2960400.0,Band E (Director),210614.56,10.17,22450.99,35860.59
EMP1795,24600.0,295200.0,Band A (Entry),31494.37,12.82,8089.22,2562.49
EMP1796,41600.0,499200.0,Band A (Entry),34258.06,5.09,13568.62,6138.52
EMP1797,31300.0,375600.0,Band A (Entry),30709.89,7.04,13059.94,4646.66
EMP1798,91700.0,1100400.0,Band C (Senior),143038.47,16.15,25513.3,12858.19
EMP1799,210400.0,2524800.0,Band D (Manager),363498.1,19.03,33763.3,23472.36
EMP1800,94600.0,1135200.0,Band C (Senior),78809.2,8.36,23020.59,11019.4
EMP1801,68300.0,819600.0,Band B (Mid),73107.58,11.1,22745.14,10255.63
EMP1802,32900.0,394800.0,Band A (Entry),48198.09,18.35,13494.51,5317.95
EMP1803,49700.0,596400.0,Band B (Mid),70209.31,10.28,21906.41,5260.58
EMP1804,49500.0,594000.0,Band B (Mid),58932.54,10.52,20318.86,7963.47
EMP1805,107900.0,1294800.0,Band C (Senior),168322.19,11.84,25135.17,14682.95
EMP1806,100600.0,1207200.0,Band C (Senior),163323.3,12.97,33620.99,15118.16
EMP1807,69400.0,832800.0,Band B (Mid),115573.95,16.25,20102.35,11302.56
EMP1808,56700.0,680400.0,Band B (Mid),90272.71,14.26,17916.32,6051.29
EMP1809,81600.0,979200.0,Band C (Senior),102414.47,9.6,26998.04,12920.79
EMP1810,89800.0,1077600.0,Band C (Senior),116579.01,9.35,28919.06,14321.12
EMP1811,74600.0,895200.0,Band B (Mid),110772.14,9.8,24781.96,10253.12
EMP1812,133200.0,1598400.0,Band C (Senior),140284.92,6.45,37255.35,16066.93
EMP1813,60200.0,722400.0,Band B (Mid),72346.82,10.87,16474.21,8786.93
EMP1814,199200.0,2390400.0,Band D (Manager),333240.01,14.98,43603.71,29272.95
EMP1815,60900.0,730800.0,Band B (Mid),52918.91,6.23,18767.96,8054.53
EMP1816,42400.0,508800.0,Band A (Entry),68834.43,17.2,14421.9,6023.53
EMP1817,26000.0,312000.0,Band A (Entry),36718.73,14.77,12318.91,4132.51
EMP1818,78500.0,942000.0,Band B (Mid),88690.95,10.92,30083.01,12826.49
EMP1819,84000.0,1008000.0,Band C (Senior),129638.56,12.96,24222.87,14748.72
EMP1820,55800.0,669600.0,Band B (Mid),89191.84,15.41,17102.58,9926.36
EMP1821,121100.0,1453200.0,Band C (Senior),206797.8,17.09,22914.03,12337.98
EMP1822,29600.0,355200.0,Band A (Entry),35112.58,9.86,9633.46,5102.76
EMP1823,133200.0,1598400.0,Band C (Senior),172280.43,12.36,33740.09,22717.57
EMP1824,127800.0,1533600.0,Band C (Senior),168233.76,11.84,35027.57,22977.82
EMP1825,72300.0,867600.0,Band B (Mid),141624.75,20.77,21519.15,11811.72
EMP1826,90400.0,1084800.0,Band C (Senior),166749.93,13.85,25745.19,15888.38
EMP1827,43700.0,524400.0,Band A (Entry),42574.03,11.33,16595.13,7800.45
EMP1828,84500.0,1014000.0,Band C (Senior),109115.12,12.27,21661.16,9357.28
EMP1829,93200.0,1118400.0,Band C (Senior),116227.68,8.63,17243.79,10217.72
EMP1830,231800.0,2781600.0,Band E (Director),320421.92,14.81,42099.56,33588.27
EMP1831,52000.0,624000.0,Band B (Mid),72078.22,14.98,22401.33,9009.74
EMP1832,24900.0,298800.0,Band A (Entry),47800.8,17.49,9420.55,3549.25
EMP1833,117100.0,1405200.0,Band C (Senior),88326.77,10.73,32578.28,16459.61
EMP1834,162900.0,1954800.0,Band D (Manager),285544.97,13.76,39007.02,27461.97
EMP1835,42300.0,507600.0,Band A (Entry),70890.5,12.4,12038.99,6208.83
EMP1836,87900.0,1054800.0,Band C (Senior),95170.02,9.93,16699.7,14587.82
EMP1837,45600.0,547200.0,Band B (Mid),63301.76,13.82,13312.46,6762.31
EMP1838,33300.0,399600.0,Band A (Entry),42226.98,12.11,14631.51,4708.98
EMP1839,27400.0,328800.0,Band A (Entry),40978.37,12.62,9218.1,3831.42
EMP1840,41700.0,500400.0,Band A (Entry),70743.77,18.56,16319.93,6820.8
EMP1841,283300.0,3399600.0,Band E (Director),273272.66,8.62,50693.2,31120.58
EMP1842,83800.0,1005600.0,Band C (Senior),155836.19,19.52,25892.17,10652.2
EMP1843,36500.0,438000.0,Band A (Entry),40329.16,16.84,12660.67,3934.12
EMP1844,54400.0,652800.0,Band B (Mid),97829.09,17.67,18015.27,8307.16
EMP1845,85500.0,1026000.0,Band C (Senior),109770.95,9.22,28953.07,11319.99
EMP1846,27000.0,324000.0,Band A (Entry),39656.66,15.53,11404.73,4632.86
EMP1847,45700.0,548400.0,Band B (Mid),65829.91,12.54,19447.29,5816.97
EMP1848,146200.0,1754400.0,Band D (Manager),216281.16,16.13,34418.76,25352.84
EMP1849,38100.0,457200.0,Band A (Entry),54643.01,12.99,16908.03,4760.02
EMP1850,148100.0,1777200.0,Band D (Manager),183842.59,7.75,30355.99,25988.57
EMP1851,36600.0,439200.0,Band A (Entry),55025.92,12.39,15254.39,6290.42
EMP1852,123800.0,1485600.0,Band C (Senior),193833.87,14.54,33696.64,15243.11
EMP1853,133000.0,1596000.0,Band C (Senior),256973.23,18.72,35380.62,18958.81
EMP1854,26000.0,312000.0,Band A (Entry),19570.96,1.5,10240.61,2754.7
EMP1855,39500.0,474000.0,Band A (Entry),51543.79,13.77,15087.63,5912.66
EMP1856,200600.0,2407200.0,Band D (Manager),342837.05,16.01,46619.53,30954.06
EMP1857,86500.0,1038000.0,Band C (Senior),81167.75,8.73,27563.08,11836.64
EMP1858,53200.0,638400.0,Band B (Mid),63466.86,12.47,16683.19,7156.6
EMP1859,51700.0,620400.0,Band B (Mid),100260.37,17.58,25520.24,7213.2
EMP1860,57100.0,685200.0,Band B (Mid),107894.79,17.2,22378.62,9312.57
EMP1861,45900.0,550800.0,Band B (Mid),49086.35,12.1,14159.94,5323.74
EMP1862,222600.0,2671200.0,Band E (Director),438126.13,19.38,40666.43,37133.15
EMP1863,37400.0,448800.0,Band A (Entry),62795.99,17.29,19357.15,5885.32
EMP1864,101400.0,1216800.0,Band C (Senior),177251.28,14.51,30619.51,13359.34
EMP1865,134200.0,1610400.0,Band C (Senior),176030.67,12.11,31271.1,23876.45
EMP1866,31700.0,380400.0,Band A (Entry),42169.24,15.8,13165.3,4649.2
EMP1867,32800.0,393600.0,Band A (Entry),38644.24,11.11,16942.48,4618.62
EMP1868,53500.0,642000.0,Band B (Mid),67596.1,10.18,18769.06,7618.28
EMP1869,77000.0,924000.0,Band B (Mid),120372.7,10.85,25709.38,9809.59
EMP1870,49800.0,597600.0,Band B (Mid),82725.53,11.56,19335.94,7082.16
EMP1871,81500.0,978000.0,Band C (Senior),157045.25,14.91,23455.04,8759.8
EMP1872,39200.0,470400.0,Band A (Entry),50223.58,13.87,19996.55,5820.85
EMP1873,150600.0,1807200.0,Band D (Manager),88752.35,5.52,51432.75,19157.72
EMP1874,51700.0,620400.0,Band B (Mid),74786.15,10.0,17239.3,7901.63
EMP1875,66900.0,802800.0,Band B (Mid),104350.22,13.16,27028.13,9921.75
EMP1876,84900.0,1018800.0,Band C (Senior),127867.51,18.75,27202.76,15231.15
EMP1877,34700.0,416400.0,Band A (Entry),40748.15,15.17,12804.5,5519.29
EMP1878,109500.0,1314000.0,Band C (Senior),127464.46,7.48,19091.63,11020.27
EMP1879,67900.0,814800.0,Band B (Mid),117858.7,17.04,24026.28,7441.99
EMP1880,52200.0,626400.0,Band B (Mid),63141.21,8.15,18696.19,7288.39
EMP1881,30600.0,367200.0,Band A (Entry),51789.4,11.69,16096.76,4382.19
EMP1882,52100.0,625200.0,Band B (Mid),62397.6,12.24,17228.69,7195.26
EMP1883,50200.0,602400.0,Band B (Mid),51220.28,13.47,15842.21,7961.63
EMP1884,71300.0,855600.0,Band B (Mid),135339.81,20.35,25091.67,12457.86
EMP1885,198400.0,2380800.0,Band D (Manager),126128.11,4.79,41374.79,20824.52
EMP1886,213000.0,2556000.0,Band D (Manager),230117.33,9.36,42181.36,31983.15
EMP1887,34400.0,412800.0,Band A (Entry),47135.6,14.54,17114.56,4234.59
EMP1888,135800.0,1629600.0,Band C (Senior),158252.07,13.48,29732.86,17823.18
EMP1889,68400.0,820800.0,Band B (Mid),97731.88,12.19,22329.11,12064.38
EMP1890,388100.0,4657200.0,Band E (Director),562421.42,8.69,21486.34,40893.25
EMP1891,41300.0,495600.0,Band A (Entry),51979.07,15.14,20379.38,4807.86
EMP1892,29900.0,358800.0,Band A (Entry),55476.42,20.1,11896.6,4195.42
EMP1893,77100.0,925200.0,Band B (Mid),99253.69,15.05,35134.26,12322.87
EMP1894,48300.0,579600.0,Band B (Mid),56721.35,12.82,20813.47,8507.16
EMP1895,111400.0,1336800.0,Band C (Senior),71272.51,12.1,26175.99,19810.4
EMP1896,67200.0,806400.0,Band B (Mid),87868.41,9.35,22564.93,11708.83
EMP1897,37800.0,453600.0,Band A (Entry),63545.89,15.58,11701.82,6131.98
EMP1898,63100.0,757200.0,Band B (Mid),85952.64,17.65,16661.45,8583.94
EMP1899,317300.0,3807600.0,Band E (Director),407847.74,14.81,55860.26,38956.54
EMP1900,134000.0,1608000.0,Band C (Senior),159016.52,9.64,32825.43,22648.1
EMP1901,53100.0,637200.0,Band B (Mid),81543.14,16.81,15966.26,8486.49
EMP1902,51000.0,612000.0,Band B (Mid),39003.38,6.09,23474.44,7998.0
EMP1903,39400.0,472800.0,Band A (Entry),46647.26,8.64,11609.26,6371.38
EMP1904,266600.0,3199200.0,Band E (Director),335599.46,12.93,36402.44,46208.2
EMP1905,113600.0,1363200.0,Band C (Senior),119642.24,12.86,27122.51,16324.79
EMP1906,52900.0,634800.0,Band B (Mid),76128.73,14.93,13357.76,6370.57
EMP1907,218200.0,2618400.0,Band D (Manager),247405.8,8.07,33114.58,22025.6
EMP1908,49900.0,598800.0,Band B (Mid),51302.42,11.82,22168.61,5948.62
EMP1909,151200.0,1814400.0,Band D (Manager),284044.56,19.54,36665.45,23058.87
EMP1910,32300.0,387600.0,Band A (Entry),44628.68,14.14,11983.42,4182.98
EMP1911,46600.0,559200.0,Band B (Mid),87681.25,11.48,19013.0,5393.25
EMP1912,75400.0,904800.0,Band B (Mid),87639.79,14.81,23731.7,8339.81
EMP1913,58200.0,698400.0,Band B (Mid),96355.96,17.7,14537.81,5980.95
EMP1914,204100.0,2449200.0,Band D (Manager),331148.19,16.03,35261.8,29728.77
EMP1915,52600.0,631200.0,Band B (Mid),92440.89,12.97,18401.91,8027.52
EMP1916,183700.0,2204400.0,Band D (Manager),381163.42,17.05,43084.06,32392.1
EMP1917,133200.0,1598400.0,Band C (Senior),191745.21,13.91,30742.99,21652.66
EMP1918,138100.0,1657200.0,Band C (Senior),182324.55,15.29,29347.52,15534.59
EMP1919,124600.0,1495200.0,Band C (Senior),169852.88,13.78,27861.13,14510.07
EMP1920,66200.0,794400.0,Band B (Mid),25229.54,1.51,18948.77,11739.1
EMP1921,74800.0,897600.0,Band B (Mid),66709.08,9.08,24191.15,9218.3
EMP1922,41900.0,502800.0,Band A (Entry),54473.73,11.72,16276.93,6001.43
EMP1923,30300.0,363600.0,Band A (Entry),51331.72,13.98,11725.03,4979.06
EMP1924,187800.0,2253600.0,Band D (Manager),209918.63,9.28,33476.74,28388.42
EMP1925,87900.0,1054800.0,Band C (Senior),145023.49,16.91,28331.77,9066.0
EMP1926,60400.0,724800.0,Band B (Mid),103658.09,16.02,24580.34,8321.47
EMP1927,32900.0,394800.0,Band A (Entry),40131.04,13.34,11444.51,4691.75
EMP1928,63500.0,762000.0,Band B (Mid),114983.29,18.73,16093.19,9078.81
EMP1929,164600.0,1975200.0,Band D (Manager),304582.72,16.59,49308.49,17930.47
EMP1930,31400.0,376800.0,Band A (Entry),48421.61,17.8,13016.74,5560.37
EMP1931,140400.0,1684800.0,Band D (Manager),153527.91,7.42,31299.45,19656.32
EMP1932,57200.0,686400.0,Band B (Mid),105753.58,18.2,20180.26,8796.73
EMP1933,113700.0,1364400.0,Band C (Senior),169821.42,14.51,30599.89,18340.92
EMP1934,41000.0,492000.0,Band A (Entry),46897.15,14.0,14321.27,4928.21
EMP1935,66800.0,801600.0,Band B (Mid),107624.28,8.86,17175.41,6820.21
EMP1936,48000.0,576000.0,Band B (Mid),55163.75,12.99,15134.39,7163.09
EMP1937,74700.0,896400.0,Band B (Mid),130345.05,18.38,31599.01,12908.97
EMP1938,87200.0,1046400.0,Band C (Senior),139547.84,17.92,19923.11,14923.77
EMP1939,86400.0,1036800.0,Band C (Senior),148047.34,12.42,30336.8,14705.61
EMP1940,46200.0,554400.0,Band B (Mid),60235.87,13.25,21061.19,5372.58
EMP1941,231700.0,2780400.0,Band E (Director),304040.31,9.9,37025.68,39548.1
EMP1942,44800.0,537600.0,Band A (Entry),55474.32,11.46,19923.32,4752.91
EMP1943,86700.0,1040400.0,Band C (Senior),132525.67,18.17,27652.97,10646.08
EMP1944,450000.0,5400000.0,Band E (Director),617512.8,10.1,34128.13,74717.08
EMP1945,90900.0,1090800.0,Band C (Senior),186522.97,22.45,33873.17,9767.77
EMP1946,87100.0,1045200.0,Band C (Senior),131929.75,13.02,24678.11,14150.62
EMP1947,61900.0,742800.0,Band B (Mid),86930.08,8.1,16502.06,10129.68
EMP1948,118900.0,1426800.0,Band C (Senior),213037.33,14.42,26285.5,20518.12
EMP1949,127000.0,1524000.0,Band C (Senior),204601.82,14.11,37314.4,21401.38
EMP1950,106300.0,1275600.0,Band C (Senior),155424.08,12.99,36517.02,16731.76
EMP1951,26800.0,321600.0,Band A (Entry),30263.07,13.88,15090.01,3038.7
EMP1952,114400.0,1372800.0,Band C (Senior),173585.27,13.79,30514.17,12505.17
EMP1953,36200.0,434400.0,Band A (Entry),59384.54,17.32,16448.62,3851.68
EMP1954,396700.0,4760400.0,Band E (Director),604730.48,11.9,23735.27,49544.81
EMP1955,23600.0,283200.0,Band A (Entry),31085.04,5.8,7718.82,2948.95
EMP1956,29500.0,354000.0,Band A (Entry),39001.13,13.48,9478.67,5288.91
EMP1957,247800.0,2973600.0,Band E (Director),428854.65,16.42,37190.95,41711.28
EMP1958,50400.0,604800.0,Band B (Mid),87428.16,14.33,21494.61,5417.4
EMP1959,74500.0,894000.0,Band B (Mid),21745.64,0.88,22818.05,10255.82
EMP1960,106200.0,1274400.0,Band C (Senior),120651.08,10.94,19993.15,17427.6
EMP1961,31700.0,380400.0,Band A (Entry),42650.53,14.42,11347.38,4163.94
EMP1962,37600.0,451200.0,Band A (Entry),50261.16,11.69,10182.11,5329.88
EMP1963,49300.0,591600.0,Band B (Mid),63570.89,11.8,12515.2,8386.93
EMP1964,45900.0,550800.0,Band B (Mid),69063.26,13.81,19847.33,7955.86
EMP1965,28100.0,337200.0,Band A (Entry),46098.85,18.53,10672.41,3195.19
EMP1966,35900.0,430800.0,Band A (Entry),55559.36,12.27,11360.49,5946.93
EMP1967,58300.0,699600.0,Band B (Mid),72348.01,14.02,20882.1,7927.07
EMP1968,25900.0,310800.0,Band A (Entry),48667.55,20.64,11911.01,2636.83
EMP1969,34600.0,415200.0,Band A (Entry),38402.48,13.15,17529.85,4298.95
EMP1970,82000.0,984000.0,Band C (Senior),116486.97,11.86,20833.85,14035.46
EMP1971,78400.0,940800.0,Band B (Mid),146559.45,19.66,27164.64,8993.09
EMP1972,41200.0,494400.0,Band A (Entry),59721.69,15.39,14943.53,4664.53
EMP1973,38600.0,463200.0,Band A (Entry),27046.45,7.48,15669.14,6814.46
EMP1974,202300.0,2427600.0,Band D (Manager),353525.79,16.17,22002.58,27237.49
EMP1975,99100.0,1189200.0,Band C (Senior),121455.66,10.33,31570.98,17147.38
EMP1976,79700.0,956400.0,Band B (Mid),104151.15,12.2,25380.59,9761.53
EMP1977,79300.0,951600.0,Band B (Mid),142482.08,14.9,32942.26,8318.96
EMP1978,24000.0,288000.0,Band A (Entry),35949.61,15.67,9720.84,4157.95
EMP1979,111500.0,1338000.0,Band C (Senior),140744.78,10.59,31950.76,14000.13
EMP1980,281700.0,3380400.0,Band E (Director),488903.32,16.29,26409.49,49358.75
EMP1981,168700.0,2024400.0,Band D (Manager),231650.06,11.96,43421.29,25947.39
EMP1982,34600.0,415200.0,Band A (Entry),51954.19,13.01,18510.52,5771.01
EMP1983,33800.0,405600.0,Band A (Entry),53308.24,12.98,11545.17,4246.18
EMP1984,36100.0,433200.0,Band A (Entry),55352.73,13.47,11888.77,5668.46
EMP1985,37900.0,454800.0,Band A (Entry),47948.34,12.17,18418.16,6263.57
EMP1986,22000.0,264000.0,Band A (Entry),27355.77,11.08,8572.39,3395.21
EMP1987,71600.0,859200.0,Band B (Mid),83480.37,12.36,21309.96,12453.76
EMP1988,28400.0,340800.0,Band A (Entry),30128.62,5.51,8166.02,4898.46
EMP1989,155900.0,1870800.0,Band D (Manager),160079.99,10.96,36387.79,22663.38
EMP1990,52900.0,634800.0,Band B (Mid),97950.02,15.6,22530.22,9279.11
EMP1991,30600.0,367200.0,Band A (Entry),39879.44,11.41,10315.42,4807.12
EMP1992,173700.0,2084400.0,Band D (Manager),229985.95,11.15,34908.75,30022.12
EMP1993,130100.0,1561200.0,Band C (Senior),159838.76,14.35,26969.09,14497.82
EMP1994,82800.0,993600.0,Band C (Senior),113013.16,10.99,22044.29,10258.86
EMP1995,75900.0,910800.0,Band B (Mid),105222.45,13.81,23433.29,8505.03
EMP1996,32500.0,390000.0,Band A (Entry),49212.14,15.16,11479.63,3312.47
EMP1997,30500.0,366000.0,Band A (Entry),34140.68,13.39,9363.08,4648.49
EMP1998,84900.0,1018800.0,Band C (Senior),136245.85,18.33,29285.18,15083.58
EMP1999,49700.0,596400.0,Band B (Mid),57033.19,11.79,16587.87,7471.55
EMP2000,56200.0,674400.0,Band B (Mid),90306.09,13.56,20279.8,9999.51
EMP2001,30000.0,360000.0,Band A (Entry),23891.45,9.53,10153.37,4972.05
EMP2002,119600.0,1435200.0,Band C (Senior),97354.02,12.03,31478.05,17880.72
EMP2003,128600.0,1543200.0,Band C (Senior),189682.88,17.63,37733.7,16968.34
EMP2004,35300.0,423600.0,Band A (Entry),41878.06,13.96,12401.68,4088.72
EMP2005,45300.0,543600.0,Band B (Mid),55065.81,10.71,17248.67,7999.23
EMP2006,54600.0,655200.0,Band B (Mid),81187.9,13.13,20982.69,9571.44
EMP2007,151100.0,1813200.0,Band D (Manager),165255.6,11.82,31078.25,25976.2
EMP2008,155500.0,1866000.0,Band D (Manager),241068.35,15.8,38102.27,19702.0
EMP2009,123800.0,1485600.0,Band C (Senior),71110.71,3.54,21997.28,19800.73
EMP2010,39700.0,476400.0,Band A (Entry),54782.95,13.29,9306.94,5670.53
EMP2011,37800.0,453600.0,Band A (Entry),45580.97,11.05,15117.59,6269.76
EMP2012,81000.0,972000.0,Band C (Senior),117725.67,16.38,31595.03,11773.31
EMP2013,42400.0,508800.0,Band A (Entry),76274.51,16.06,18634.61,4279.45
EMP2014,147900.0,1774800.0,Band D (Manager),140333.27,12.33,57008.83,18073.27
EMP2015,27400.0,328800.0,Band A (Entry),46535.75,19.81,11629.71,3331.84
EMP2016,46700.0,560400.0,Band B (Mid),54986.09,12.79,13384.16,5897.42
EMP2017,77800.0,933600.0,Band B (Mid),64590.67,3.77,17494.52,9925.36
EMP2018,102100.0,1225200.0,Band C (Senior),64670.96,6.81,41748.61,10356.89
EMP2019,63200.0,758400.0,Band B (Mid),99775.14,17.87,21904.29,8904.97
EMP2020,71200.0,854400.0,Band B (Mid),92040.17,10.13,28239.38,12476.78
EMP2021,229800.0,2757600.0,Band E (Director),264294.96,11.99,54250.25,34318.87
EMP2022,166900.0,2002800.0,Band D (Manager),244000.5,7.85,35103.14,19534.93
EMP2023,253000.0,3036000.0,Band E (Director),302849.66,11.01,41829.81,44959.88
EMP2024,62200.0,746400.0,Band B (Mid),109638.03,20.25,21466.28,10581.13
EMP2025,69900.0,838800.0,Band B (Mid),83787.04,11.38,27602.78,11927.26
EMP2026,57800.0,693600.0,Band B (Mid),113092.28,20.51,15091.49,6320.37
EMP2027,48500.0,582000.0,Band B (Mid),57702.22,13.28,17977.9,7582.31
EMP2028,28700.0,344400.0,Band A (Entry),20723.92,6.93,10015.96,3625.23
EMP2029,69200.0,830400.0,Band B (Mid),115252.27,12.85,21709.83,11332.41
EMP2030,31300.0,375600.0,Band A (Entry),37450.63,12.7,11643.42,4068.13
EMP2031,42000.0,504000.0,Band A (Entry),55255.31,12.2,17780.56,5025.98
EMP2032,189800.0,2277600.0,Band D (Manager),340287.5,19.26,33947.42,33687.33
EMP2033,26400.0,316800.0,Band A (Entry),32163.6,11.96,12561.96,4444.58
EMP2034,74300.0,891600.0,Band B (Mid),140269.21,18.62,25673.98,11283.86
EMP2035,71600.0,859200.0,Band B (Mid),103022.23,13.39,20029.14,9914.79
EMP2036,37600.0,451200.0,Band A (Entry),42246.3,11.94,12415.96,5462.83
EMP2037,143800.0,1725600.0,Band D (Manager),208086.18,17.36,32519.81,21961.65
EMP2038,34800.0,417600.0,Band A (Entry),42559.23,11.41,16252.09,4672.15
EMP2039,172500.0,2070000.0,Band D (Manager),313106.24,18.87,22884.44,22887.06
EMP2040,120200.0,1442400.0,Band C (Senior),212133.62,16.45,35316.37,14573.7
EMP2041,23500.0,282000.0,Band A (Entry),36296.85,13.89,7391.0,3525.36
EMP2042,45200.0,542400.0,Band B (Mid),71985.13,13.61,17600.97,5553.64
EMP2043,46600.0,559200.0,Band B (Mid),65487.47,16.19,22849.06,6216.26
EMP2044,58000.0,696000.0,Band B (Mid),88529.75,14.38,16467.74,7136.6
EMP2045,33700.0,404400.0,Band A (Entry),59291.32,15.39,13706.4,5833.99
EMP2046,387800.0,4653600.0,Band E (Director),536853.87,13.53,11926.86,54881.56
EMP2047,29200.0,350400.0,Band A (Entry),49529.87,15.51,13557.76,3270.58
EMP2048,111500.0,1338000.0,Band C (Senior),100293.89,7.52,29810.41,12230.77
EMP2049,53500.0,642000.0,Band B (Mid),73169.96,14.01,19399.77,8652.56
EMP2050,255100.0,3061200.0,Band E (Director),366131.55,16.82,6901.63,44634.65
EMP2051,38100.0,457200.0,Band A (Entry),47957.79,9.2,16639.45,4495.99
EMP2052,77600.0,931200.0,Band B (Mid),85672.81,7.99,23621.59,11302.49
EMP2053,51900.0,622800.0,Band B (Mid),60393.21,11.47,17038.24,7211.46
EMP2054,25700.0,308400.0,Band A (Entry),45220.77,13.84,14007.16,3471.95
EMP2055,128800.0,1545600.0,Band C (Senior),159257.99,14.36,29083.94,20075.3
EMP2056,43800.0,525600.0,Band A (Entry),63518.63,14.13,15884.78,7196.93
EMP2057,51600.0,619200.0,Band B (Mid),106006.4,17.81,14284.46,8541.81
EMP2058,86700.0,1040400.0,Band C (Senior),116036.33,12.98,31184.94,10203.52
EMP2059,67400.0,808800.0,Band B (Mid),64795.23,8.41,17830.52,9989.68
EMP2060,42600.0,511200.0,Band A (Entry),58990.84,12.21,15300.15,4789.92
EMP2061,26100.0,313200.0,Band A (Entry),45000.09,14.24,11446.59,2999.71
EMP2062,47400.0,568800.0,Band B (Mid),59393.54,11.84,15262.56,6051.74
EMP2063,29400.0,352800.0,Band A (Entry),47236.82,14.87,14576.19,4286.0
EMP2064,34200.0,410400.0,Band A (Entry),53450.37,17.26,15054.98,4766.98
EMP2065,223000.0,2676000.0,Band E (Director),298766.98,11.92,33068.58,23141.28
EMP2066,53800.0,645600.0,Band B (Mid),72546.02,11.82,15836.14,7495.98
EMP2067,77900.0,934800.0,Band B (Mid),90659.57,9.72,21173.77,8846.96
EMP2068,74200.0,890400.0,Band B (Mid),103489.94,9.26,16062.35,8439.57
EMP2069,42000.0,504000.0,Band A (Entry),57061.23,16.59,14234.25,7100.43
EMP2070,55500.0,666000.0,Band B (Mid),80919.55,10.54,14986.44,8425.52
EMP2071,36600.0,439200.0,Band A (Entry),56465.55,17.08,12423.84,4382.95
EMP2072,49800.0,597600.0,Band B (Mid),71292.51,9.2,15579.94,8056.4
EMP2073,64300.0,771600.0,Band B (Mid),75000.48,13.5,24988.59,11480.45
EMP2074,58300.0,699600.0,Band B (Mid),88009.36,18.66,21119.16,9810.67
EMP2075,259000.0,3108000.0,Band E (Director),254218.92,3.74,9990.71,28973.1
EMP2076,28200.0,338400.0,Band A (Entry),27955.1,7.93,10326.62,4308.79
EMP2077,73400.0,880800.0,Band B (Mid),74373.17,12.75,25547.44,9747.47
EMP2078,51800.0,621600.0,Band B (Mid),72701.1,12.76,19111.21,7006.1
EMP2079,59600.0,715200.0,Band B (Mid),70780.82,10.9,17886.04,6838.29
EMP2080,134200.0,1610400.0,Band C (Senior),162368.71,11.91,29222.54,14765.16
EMP2081,30800.0,369600.0,Band A (Entry),40672.53,8.28,13102.35,5480.02
EMP2082,80700.0,968400.0,Band C (Senior),118453.92,15.36,23981.94,11020.45
EMP2083,67400.0,808800.0,Band B (Mid),91071.53,16.7,28470.77,7629.24
EMP2084,56800.0,681600.0,Band B (Mid),35989.92,7.17,14669.61,7789.95
EMP2085,169500.0,2034000.0,Band D (Manager),210143.76,13.14,32874.47,23139.21
EMP2086,98800.0,1185600.0,Band C (Senior),87705.01,11.63,36715.35,11112.68
EMP2087,151000.0,1812000.0,Band D (Manager),313498.31,22.17,26323.21,24042.41
EMP2088,56700.0,680400.0,Band B (Mid),78654.42,10.37,17321.54,8508.24
EMP2089,201200.0,2414400.0,Band D (Manager),220045.52,12.11,31356.32,31723.15
EMP2090,40400.0,484800.0,Band A (Entry),66409.18,12.22,14709.92,6753.32
EMP2091,76500.0,918000.0,Band B (Mid),108504.85,11.16,31932.61,13026.72
EMP2092,90900.0,1090800.0,Band C (Senior),122523.14,12.09,29759.89,16360.16
EMP2093,73800.0,885600.0,Band B (Mid),142201.83,16.58,27321.56,11538.49
EMP2094,100500.0,1206000.0,Band C (Senior),150576.42,10.38,25196.73,17940.61
EMP2095,232800.0,2793600.0,Band E (Director),356346.66,11.67,28851.25,41674.61
EMP2096,72100.0,865200.0,Band B (Mid),107940.55,15.04,29591.22,8329.12
EMP2097,107600.0,1291200.0,Band C (Senior),104110.63,9.98,21110.68,14123.29
EMP2098,166400.0,1996800.0,Band D (Manager),311584.62,20.65,37449.53,23044.49
EMP2099,159300.0,1911600.0,Band D (Manager),244835.72,14.08,40561.95,21897.95
EMP2100,188000.0,2256000.0,Band D (Manager),296214.39,15.69,29533.05,20261.58
EMP2101,68900.0,826800.0,Band B (Mid),84912.34,11.47,17849.98,9054.39
EMP2102,44900.0,538800.0,Band A (Entry),67132.07,17.02,13556.54,7326.31
EMP2103,24400.0,292800.0,Band A (Entry),39051.93,14.0,9907.41,3434.64
EMP2104,52100.0,625200.0,Band B (Mid),59603.3,10.97,17072.99,7987.58
EMP2105,131100.0,1573200.0,Band C (Senior),269273.69,23.74,38371.74,20382.47
EMP2106,58200.0,698400.0,Band B (Mid),81740.05,14.02,17640.07,8737.71
EMP2107,33300.0,399600.0,Band A (Entry),42757.82,11.01,20653.98,3364.56
EMP2108,41100.0,493200.0,Band A (Entry),54187.23,10.14,16395.08,5365.55
EMP2109,74900.0,898800.0,Band B (Mid),109092.61,16.87,22536.05,11967.6
EMP2110,132300.0,1587600.0,Band C (Senior),225262.77,15.95,35860.58,17108.62
EMP2111,27700.0,332400.0,Band A (Entry),42405.34,18.41,11728.15,4917.01
EMP2112,52200.0,626400.0,Band B (Mid),96310.01,16.26,11229.3,9226.66
EMP2113,173500.0,2082000.0,Band D (Manager),316209.94,18.96,38494.39,24463.32
EMP2114,220700.0,2648400.0,Band E (Director),192223.41,10.65,40979.97,39386.77
EMP2115,46700.0,560400.0,Band B (Mid),54655.59,14.75,18380.39,5447.83
EMP2116,196400.0,2356800.0,Band D (Manager),161638.49,7.6,27696.12,27191.81
EMP2117,87700.0,1052400.0,Band C (Senior),112113.39,16.39,30113.14,15266.17
EMP2118,152300.0,1827600.0,Band D (Manager),295822.49,17.4,22312.37,16321.83
EMP2119,48700.0,584400.0,Band B (Mid),85619.29,14.92,21161.12,6863.21
EMP2120,71200.0,854400.0,Band B (Mid),82953.55,9.11,19877.9,9491.22
EMP2121,83200.0,998400.0,Band C (Senior),109876.14,11.2,28646.51,10910.62
EMP2122,35900.0,430800.0,Band A (Entry),62190.93,15.35,14030.49,4834.96
EMP2123,90000.0,1080000.0,Band C (Senior),113255.34,6.5,21962.3,13334.25
EMP2124,63300.0,759600.0,Band B (Mid),70997.83,13.42,22171.69,11009.87
EMP2125,52200.0,626400.0,Band B (Mid),70444.82,13.89,18532.63,5434.77
EMP2126,30100.0,361200.0,Band A (Entry),28987.42,5.16,13071.23,3359.61
EMP2127,57800.0,693600.0,Band B (Mid),101754.69,15.45,22273.2,8955.95
EMP2128,47200.0,566400.0,Band B (Mid),71895.05,18.72,18737.22,6758.95
EMP2129,238400.0,2860800.0,Band E (Director),357610.03,15.41,25361.78,37612.2
EMP2130,449700.0,5396400.0,Band E (Director),462825.9,8.96,51065.78,75384.33
EMP2131,40300.0,483600.0,Band A (Entry),44103.97,13.97,13765.74,6678.14
EMP2132,24400.0,292800.0,Band A (Entry),26621.74,9.51,11194.52,3064.35
EMP2133,34700.0,416400.0,Band A (Entry),42494.08,13.47,14488.33,4070.32
EMP2134,69200.0,830400.0,Band B (Mid),98842.03,12.24,22460.12,10355.7
EMP2135,222300.0,2667600.0,Band E (Director),301694.73,12.86,44958.76,23202.82
EMP2136,70400.0,844800.0,Band B (Mid),133008.69,20.15,20609.9,10386.61
EMP2137,31800.0,381600.0,Band A (Entry),62002.08,18.05,12535.05,4757.1
EMP2138,27000.0,324000.0,Band A (Entry),33177.53,9.19,15245.93,3747.27
EMP2139,35100.0,421200.0,Band A (Entry),39224.55,10.82,11369.91,5907.13
EMP2140,197900.0,2374800.0,Band D (Manager),384211.01,18.43,26622.04,20853.33
EMP2141,54400.0,652800.0,Band B (Mid),60189.51,11.17,23533.0,5524.31
EMP2142,56100.0,673200.0,Band B (Mid),107334.59,17.3,22462.61,9793.57
EMP2143,35200.0,422400.0,Band A (Entry),65537.88,16.41,16502.67,5891.74
EMP2144,189800.0,2277600.0,Band D (Manager),223525.37,9.63,42917.51,19539.35
EMP2145,40500.0,486000.0,Band A (Entry),54770.46,12.05,17363.85,6383.3
EMP2146,100000.0,1200000.0,Band C (Senior),158321.23,11.3,22550.66,14694.62
EMP2147,278300.0,3339600.0,Band E (Director),295453.44,10.98,64549.12,31001.04
EMP2148,58000.0,696000.0,Band B (Mid),55536.31,9.34,19734.42,7719.61
EMP2149,210500.0,2526000.0,Band D (Manager),314349.93,9.72,35150.19,31103.37
EMP2150,50700.0,608400.0,Band B (Mid),82259.58,14.37,17967.71,7533.13
EMP2151,141500.0,1698000.0,Band D (Manager),200906.31,10.58,26288.47,16431.53
EMP2152,45900.0,550800.0,Band B (Mid),57212.59,12.1,13579.38,4632.9
EMP2153,64900.0,778800.0,Band B (Mid),83558.59,11.74,20578.63,6819.26
EMP2154,46100.0,553200.0,Band B (Mid),42160.44,8.41,16640.46,5499.07
EMP2155,33400.0,400800.0,Band A (Entry),63652.56,16.12,15037.49,4176.04
EMP2156,39900.0,478800.0,Band A (Entry),26485.05,8.45,13710.28,4649.38
EMP2157,49100.0,589200.0,Band B (Mid),55044.6,12.82,17872.6,6252.34
EMP2158,78700.0,944400.0,Band B (Mid),135420.03,14.88,31041.5,8509.77
EMP2159,77000.0,924000.0,Band B (Mid),76142.79,10.21,28624.56,10123.34
EMP2160,43300.0,519600.0,Band A (Entry),56099.11,15.3,10902.71,5490.43
EMP2161,448500.0,5382000.0,Band E (Director),770784.34,16.41,30199.64,55603.8
EMP2162,219800.0,2637600.0,Band D (Manager),221466.05,10.33,25807.17,28682.25
EMP2163,44900.0,538800.0,Band A (Entry),58720.06,18.94,14309.04,7589.55
EMP2164,73500.0,882000.0,Band B (Mid),70793.17,11.19,21098.98,11989.3
EMP2165,86300.0,1035600.0,Band C (Senior),127701.23,16.69,24106.65,9515.7
EMP2166,112100.0,1345200.0,Band C (Senior),158555.57,12.54,40968.78,12097.7
EMP2167,55200.0,662400.0,Band B (Mid),74971.07,14.93,16565.2,8003.61
EMP2168,128400.0,1540800.0,Band C (Senior),201221.46,21.75,37312.15,13738.16
EMP2169,31600.0,379200.0,Band A (Entry),45211.5,15.04,10209.54,5212.54
EMP2170,48400.0,580800.0,Band B (Mid),91619.46,19.44,19407.52,6281.35
EMP2171,110900.0,1330800.0,Band C (Senior),157038.4,17.55,23772.34,19794.95
EMP2172,103100.0,1237200.0,Band C (Senior),114022.41,10.51,41407.1,13343.32
EMP2173,152600.0,1831200.0,Band D (Manager),229957.6,16.82,47513.44,21858.79
EMP2174,42200.0,506400.0,Band A (Entry),62584.91,15.11,19986.78,4434.72
EMP2175,32400.0,388800.0,Band A (Entry),31918.57,9.32,13762.46,3686.13
EMP2176,29200.0,350400.0,Band A (Entry),48390.13,15.69,13357.82,3343.5
EMP2177,27300.0,327600.0,Band A (Entry),37202.01,18.43,13517.32,4783.49
EMP2178,33300.0,399600.0,Band A (Entry),45712.87,14.8,9066.82,5978.94
EMP2179,90000.0,1080000.0,Band C (Senior),105448.41,10.37,25424.31,13592.54
EMP2180,81000.0,972000.0,Band C (Senior),127445.79,16.0,31835.43,12166.1
EMP2181,112600.0,1351200.0,Band C (Senior),154424.95,12.81,23447.08,18129.51
EMP2182,85900.0,1030800.0,Band C (Senior),122558.81,11.95,36288.56,11620.99
EMP2183,30700.0,368400.0,Band A (Entry),35491.18,11.79,16530.27,5364.08
EMP2184,165900.0,1990800.0,Band D (Manager),104978.01,6.15,36595.26,19690.34
EMP2185,51900.0,622800.0,Band B (Mid),86551.32,16.6,22070.93,8976.21
EMP2186,208700.0,2504400.0,Band D (Manager),258226.44,10.31,42026.31,21200.05
EMP2187,44300.0,531600.0,Band A (Entry),29582.04,5.86,12965.83,6515.44
EMP2188,64300.0,771600.0,Band B (Mid),75043.71,8.55,21970.57,9599.05
EMP2189,223800.0,2685600.0,Band E (Director),195141.13,9.59,46042.42,35961.63
EMP2190,70700.0,848400.0,Band B (Mid),109570.25,14.43,23674.21,8096.42
EMP2191,74800.0,897600.0,Band B (Mid),88537.11,9.16,21766.48,9527.26
EMP2192,114600.0,1375200.0,Band C (Senior),165909.95,15.57,26732.1,19902.15
EMP2193,30800.0,369600.0,Band A (Entry),23076.94,11.01,8692.44,3566.0
EMP2194,180500.0,2166000.0,Band D (Manager),372052.53,20.34,65223.5,22324.32
EMP2195,227000.0,2724000.0,Band E (Director),370671.53,12.35,33751.1,33177.82
EMP2196,310900.0,3730800.0,Band E (Director),657177.61,20.16,17986.85,55663.38
EMP2197,83900.0,1006800.0,Band C (Senior),94110.34,7.23,32878.27,10609.33
EMP2198,65400.0,784800.0,Band B (Mid),90021.96,15.46,17601.95,7441.32
EMP2199,117800.0,1413600.0,Band C (Senior),123589.07,9.8,31927.0,12942.36
EMP2200,48600.0,583200.0,Band B (Mid),79899.37,13.51,20482.51,8699.55
EMP2201,44200.0,530400.0,Band A (Entry),65431.17,13.5,16638.88,5321.16
EMP2202,27000.0,324000.0,Band A (Entry),26287.08,6.56,10484.14,4305.44
EMP2203,28500.0,342000.0,Band A (Entry),27784.48,13.23,11082.53,3013.31
EMP2204,62600.0,751200.0,Band B (Mid),65299.31,8.74,15564.0,8405.58
EMP2205,31000.0,372000.0,Band A (Entry),32198.44,7.95,10759.7,4548.68
EMP2206,38100.0,457200.0,Band A (Entry),40895.16,12.46,14374.78,6050.0
EMP2207,23300.0,279600.0,Band A (Entry),33003.56,10.51,12029.07,3512.25
EMP2208,192000.0,2304000.0,Band D (Manager),185514.88,10.4,48820.89,25688.29
EMP2209,42800.0,513600.0,Band A (Entry),62106.11,10.93,14510.71,4846.7
EMP2210,33900.0,406800.0,Band A (Entry),49066.58,12.55,10555.14,4514.24
EMP2211,55100.0,661200.0,Band B (Mid),54961.56,15.24,17905.82,7556.04
EMP2212,42400.0,508800.0,Band A (Entry),49521.67,10.97,18150.97,5312.24
EMP2213,377800.0,4533600.0,Band E (Director),450874.74,12.29,17248.28,42145.96
EMP2214,283700.0,3404400.0,Band E (Director),312281.23,12.26,64968.36,48448.91
EMP2215,50600.0,607200.0,Band B (Mid),60334.4,12.52,16508.68,5843.6
EMP2216,97000.0,1164000.0,Band C (Senior),156123.16,13.26,30811.25,12630.98
EMP2217,79200.0,950400.0,Band B (Mid),103357.41,16.1,36647.39,10845.85
EMP2218,24400.0,292800.0,Band A (Entry),32234.94,15.05,10852.69,2763.16
EMP2219,31000.0,372000.0,Band A (Entry),39960.54,13.7,11790.58,5039.06
EMP2220,46000.0,552000.0,Band B (Mid),89597.73,19.49,20729.42,5191.14
EMP2221,47100.0,565200.0,Band B (Mid),91602.36,17.23,20693.41,7845.13
EMP2222,66500.0,798000.0,Band B (Mid),72718.15,9.83,15342.51,6789.64
EMP2223,24300.0,291600.0,Band A (Entry),33946.23,7.7,11530.4,2476.13
EMP2224,52800.0,633600.0,Band B (Mid),88024.1,18.34,14302.88,7464.27
EMP2225,69100.0,829200.0,Band B (Mid),72912.56,7.32,24182.13,9869.12
EMP2226,84200.0,1010400.0,Band C (Senior),124364.7,13.43,26807.58,11509.66
EMP2227,27700.0,332400.0,Band A (Entry),41167.83,16.06,13451.24,4802.74
EMP2228,46800.0,561600.0,Band B (Mid),57324.08,9.8,22874.56,7489.19
EMP2229,47300.0,567600.0,Band B (Mid),65778.99,13.13,22087.96,7850.08
EMP2230,32800.0,393600.0,Band A (Entry),27010.85,7.5,15720.18,5324.01
EMP2231,114800.0,1377600.0,Band C (Senior),133849.14,12.4,30306.87,19014.98
EMP2232,159700.0,1916400.0,Band D (Manager),102290.37,6.61,27222.21,26280.59
EMP2233,69100.0,829200.0,Band B (Mid),136375.46,19.07,21353.33,11826.07
EMP2234,41600.0,499200.0,Band A (Entry),74149.07,20.4,15132.89,6679.64
EMP2235,97300.0,1167600.0,Band C (Senior),164449.35,16.39,17378.19,11147.98
EMP2236,70000.0,840000.0,Band B (Mid),107629.34,11.17,18985.76,9878.02
EMP2237,29100.0,349200.0,Band A (Entry),49848.84,15.37,14072.66,4546.31
EMP2238,43000.0,516000.0,Band A (Entry),78995.28,17.94,20469.97,6050.87
EMP2239,82200.0,986400.0,Band C (Senior),137881.12,13.86,26056.1,11559.3
EMP2240,69700.0,836400.0,Band B (Mid),121884.9,17.07,19983.47,8759.03
EMP2241,37100.0,445200.0,Band A (Entry),41909.82,11.63,12964.09,4218.64
EMP2242,35000.0,420000.0,Band A (Entry),56345.32,18.28,11595.34,6026.47
EMP2243,42300.0,507600.0,Band A (Entry),53313.04,9.82,13557.13,5464.83
EMP2244,44400.0,532800.0,Band A (Entry),49737.88,10.52,12891.69,4529.65
EMP2245,79600.0,955200.0,Band B (Mid),81507.5,6.04,26763.55,10241.93
EMP2246,143200.0,1718400.0,Band D (Manager),192655.39,13.4,34583.23,25765.15
EMP2247,96500.0,1158000.0,Band C (Senior),143652.56,16.2,31506.11,9796.21
EMP2248,43200.0,518400.0,Band A (Entry),51100.67,9.14,17515.62,7735.74
EMP2249,38000.0,456000.0,Band A (Entry),72904.55,18.15,14086.19,4376.12
EMP2250,136900.0,1642800.0,Band C (Senior),252062.31,17.18,49700.21,14065.45
EMP2251,65700.0,788400.0,Band B (Mid),80283.56,10.32,28784.66,11793.49
EMP2252,43100.0,517200.0,Band A (Entry),51158.65,10.65,19468.25,5207.25
EMP2253,41100.0,493200.0,Band A (Entry),70388.39,13.44,16061.91,7309.81
EMP2254,129600.0,1555200.0,Band C (Senior),197978.41,17.08,33527.69,15641.87
EMP2255,103700.0,1244400.0,Band C (Senior),128014.72,12.73,44041.73,13305.81
EMP2256,253400.0,3040800.0,Band E (Director),259947.64,11.16,57124.31,45238.57
EMP2257,41700.0,500400.0,Band A (Entry),54888.93,16.03,15964.97,5030.03
EMP2258,68700.0,824400.0,Band B (Mid),43101.82,3.09,20326.43,11377.09
EMP2259,63600.0,763200.0,Band B (Mid),84309.45,12.3,23257.08,10623.11
EMP2260,29800.0,357600.0,Band A (Entry),49549.8,16.14,11216.47,3928.41
EMP2261,107200.0,1286400.0,Band C (Senior),149407.39,12.51,26259.51,11757.91
EMP2262,48600.0,583200.0,Band B (Mid),81433.58,17.11,12406.12,7999.38
EMP2263,36000.0,432000.0,Band A (Entry),48692.11,15.64,13183.46,4052.56
EMP2264,209900.0,2518800.0,Band D (Manager),341416.21,14.9,34478.6,27183.18
EMP2265,88700.0,1064400.0,Band C (Senior),140698.89,13.53,29563.24,10299.97
EMP2266,30800.0,369600.0,Band A (Entry),37673.18,12.58,15058.19,5295.2
EMP2267,31500.0,378000.0,Band A (Entry),36139.78,11.28,12176.09,3855.53
EMP2268,247400.0,2968800.0,Band E (Director),240373.41,11.8,56604.06,35605.82
EMP2269,203000.0,2436000.0,Band D (Manager),375030.23,18.64,38617.06,31221.23
EMP2270,67400.0,808800.0,Band B (Mid),127359.55,18.7,24515.53,8159.32
EMP2271,432700.0,5192400.0,Band E (Director),616044.08,16.92,33517.66,62971.05
EMP2272,138800.0,1665600.0,Band C (Senior),182061.21,11.31,17079.41,21853.19
EMP2273,135900.0,1630800.0,Band C (Senior),150774.98,12.04,23254.28,24289.83
EMP2274,217600.0,2611200.0,Band D (Manager),291356.39,11.36,37062.37,29265.33
EMP2275,63600.0,763200.0,Band B (Mid),105793.68,15.55,19923.97,8109.15
EMP2276,153600.0,1843200.0,Band D (Manager),228908.64,13.73,44678.96,19651.26
EMP2277,46600.0,559200.0,Band B (Mid),61342.76,7.76,14511.41,6743.63
EMP2278,110900.0,1330800.0,Band C (Senior),121721.63,11.38,22027.7,13891.19
EMP2279,38000.0,456000.0,Band A (Entry),66484.15,17.41,16151.64,5042.72
EMP2280,115400.0,1384800.0,Band C (Senior),170530.29,13.9,27426.81,17446.01
EMP2281,353200.0,4238400.0,Band E (Director),419792.1,12.43,26938.11,56140.49
EMP2282,33000.0,396000.0,Band A (Entry),49268.43,15.39,13132.79,5209.18
EMP2283,417700.0,5012400.0,Band E (Director),823867.44,18.17,27362.38,63723.52
EMP2284,46000.0,552000.0,Band B (Mid),56402.35,14.28,13688.64,5118.41
EMP2285,52000.0,624000.0,Band B (Mid),94891.82,22.45,17984.77,8005.75
EMP2286,35700.0,428400.0,Band A (Entry),62562.74,18.29,16027.83,4186.07
EMP2287,121800.0,1461600.0,Band C (Senior),162977.47,14.65,32678.24,20443.71
EMP2288,49000.0,588000.0,Band B (Mid),80108.47,16.5,8926.13,8418.14
EMP2289,40100.0,481200.0,Band A (Entry),56300.04,12.88,10800.86,4895.58
EMP2290,52200.0,626400.0,Band B (Mid),55174.73,10.68,13333.73,9204.09
EMP2291,42400.0,508800.0,Band A (Entry),65028.65,12.08,15731.41,6385.24
EMP2292,60000.0,720000.0,Band B (Mid),61834.5,12.23,24449.48,9516.47
EMP2293,174800.0,2097600.0,Band D (Manager),257188.36,11.56,21769.2,27646.4
EMP2294,157500.0,1890000.0,Band D (Manager),252671.22,12.34,46000.18,24145.78
EMP2295,121100.0,1453200.0,Band C (Senior),220662.31,15.91,34962.57,13440.07
EMP2296,74800.0,897600.0,Band B (Mid),121513.53,13.94,22981.46,11003.11
EMP2297,387900.0,4654800.0,Band E (Director),163511.85,2.75,8499.17,69076.92
EMP2298,40000.0,480000.0,Band A (Entry),52930.02,12.42,20962.74,6640.16
EMP2299,50700.0,608400.0,Band B (Mid),48628.23,7.85,18905.84,6899.86
EMP2300,28800.0,345600.0,Band A (Entry),41206.42,14.96,11211.4,5142.61
EMP2301,62400.0,748800.0,Band B (Mid),63302.13,12.93,15176.11,10735.56
EMP2302,48900.0,586800.0,Band B (Mid),71330.96,14.26,11760.07,6626.36
EMP2303,148600.0,1783200.0,Band D (Manager),290135.36,15.98,41731.6,24957.85
EMP2304,32500.0,390000.0,Band A (Entry),30754.43,7.93,13489.4,3940.89
EMP2305,36300.0,435600.0,Band A (Entry),60801.77,14.39,12749.36,4053.87
EMP2306,72900.0,874800.0,Band B (Mid),106809.73,15.1,26389.16,10210.42
EMP2307,306300.0,3675600.0,Band E (Director),267972.5,2.9,12829.57,50485.7
EMP2308,32100.0,385200.0,Band A (Entry),50527.54,15.81,17360.09,5003.57
EMP2309,28900.0,346800.0,Band A (Entry),41443.03,9.36,11175.77,3606.06
EMP2310,36100.0,433200.0,Band A (Entry),48593.52,12.42,17684.02,5033.93
EMP2311,56200.0,674400.0,Band B (Mid),70870.84,11.45,14052.05,9081.69
EMP2312,45600.0,547200.0,Band B (Mid),98796.03,21.01,20257.39,7221.91
EMP2313,64500.0,774000.0,Band B (Mid),81834.1,13.2,19886.39,11351.62
EMP2314,69300.0,831600.0,Band B (Mid),63338.32,7.74,18247.88,7756.51
EMP2315,85900.0,1030800.0,Band C (Senior),104783.21,8.47,31402.91,13661.79
EMP2316,62100.0,745200.0,Band B (Mid),75895.43,12.17,15404.42,9519.94
EMP2317,48300.0,579600.0,Band B (Mid),52476.25,13.8,14751.88,5922.58
EMP2318,189000.0,2268000.0,Band D (Manager),289764.46,12.18,23096.33,33380.07
EMP2319,82500.0,990000.0,Band C (Senior),94379.98,9.76,31414.52,11514.12
EMP2320,29000.0,348000.0,Band A (Entry),43014.11,12.34,10993.54,4382.16
EMP2321,33100.0,397200.0,Band A (Entry),42040.04,13.72,10471.42,5939.76
EMP2322,76900.0,922800.0,Band B (Mid),70621.52,7.39,31146.82,10998.77
EMP2323,183800.0,2205600.0,Band D (Manager),167514.26,8.73,27403.47,28158.07
EMP2324,26500.0,318000.0,Band A (Entry),32329.19,10.65,9999.73,3882.95
EMP2325,50500.0,606000.0,Band B (Mid),73180.83,13.91,19972.26,8441.89
EMP2326,34300.0,411600.0,Band A (Entry),52078.82,13.72,18323.3,5276.89
EMP2327,69400.0,832800.0,Band B (Mid),88199.64,14.39,26375.74,7749.47
EMP2328,216300.0,2595600.0,Band D (Manager),325321.95,14.37,38595.27,22598.83
EMP2329,86600.0,1039200.0,Band C (Senior),124495.74,16.47,33899.55,14906.02
EMP2330,61900.0,742800.0,Band B (Mid),123854.75,21.99,22008.97,9926.86
EMP2331,91500.0,1098000.0,Band C (Senior),106519.89,9.34,26871.38,10075.24
EMP2332,153900.0,1846800.0,Band D (Manager),222912.12,15.12,42031.97,26091.61
EMP2333,47700.0,572400.0,Band B (Mid),67271.89,17.97,17308.89,7295.39
EMP2334,55000.0,660000.0,Band B (Mid),65606.93,14.09,21736.97,8171.11
EMP2335,76300.0,915600.0,Band B (Mid),109146.13,10.6,21150.15,12223.44
EMP2336,112500.0,1350000.0,Band C (Senior),150756.87,10.58,32004.52,19603.56
EMP2337,97900.0,1174800.0,Band C (Senior),124039.85,12.4,15592.66,12156.54
EMP2338,133700.0,1604400.0,Band C (Senior),198711.31,14.01,30980.23,13968.7
EMP2339,96600.0,1159200.0,Band C (Senior),152154.99,14.1,23890.45,14897.34
EMP2340,48400.0,580800.0,Band B (Mid),83921.95,17.18,16114.06,6047.87
EMP2341,32800.0,393600.0,Band A (Entry),48275.3,10.9,12194.55,5168.04
EMP2342,32300.0,387600.0,Band A (Entry),44498.46,8.97,12947.04,4995.96
EMP2343,191200.0,2294400.0,Band D (Manager),357360.11,20.01,34757.46,29450.59
EMP2344,57500.0,690000.0,Band B (Mid),55098.82,9.49,12980.85,9488.92
EMP2345,37500.0,450000.0,Band A (Entry),62538.14,14.97,14376.7,4222.95
EMP2346,49800.0,597600.0,Band B (Mid),75828.6,17.34,17964.72,5700.05
EMP2347,114600.0,1375200.0,Band C (Senior),177922.8,13.65,22908.55,16228.98
EMP2348,138500.0,1662000.0,Band C (Senior),214581.26,14.65,34033.09,15702.55
EMP2349,167100.0,2005200.0,Band D (Manager),250453.24,12.03,51533.3,23445.16
EMP2350,48500.0,582000.0,Band B (Mid),75915.08,11.95,11823.0,5888.92
EMP2351,274100.0,3289200.0,Band E (Director),426696.61,16.06,64073.49,49025.05
EMP2352,134400.0,1612800.0,Band C (Senior),165927.39,13.85,36358.8,22447.02
EMP2353,91500.0,1098000.0,Band C (Senior),152205.82,14.54,20393.37,14924.23
EMP2354,103700.0,1244400.0,Band C (Senior),140222.63,16.76,28249.94,17570.36
EMP2355,203300.0,2439600.0,Band D (Manager),266277.9,11.2,40368.03,24310.8
EMP2356,163200.0,1958400.0,Band D (Manager),216673.13,9.44,27805.08,23251.21
EMP2357,63200.0,758400.0,Band B (Mid),64223.02,10.82,18903.95,9432.01
EMP2358,77100.0,925200.0,Band B (Mid),124646.51,17.08,27651.08,8017.8
EMP2359,49300.0,591600.0,Band B (Mid),95094.95,16.01,11662.08,5912.02
EMP2360,118700.0,1424400.0,Band C (Senior),253824.55,15.16,30913.8,19696.0
EMP2361,128600.0,1543200.0,Band C (Senior),224303.54,17.18,36348.2,15506.14
EMP2362,33000.0,396000.0,Band A (Entry),34731.34,11.05,11702.29,5691.14
EMP2363,34500.0,414000.0,Band A (Entry),60396.81,15.65,11712.41,4748.94
EMP2364,202700.0,2432400.0,Band D (Manager),202810.14,9.94,44886.76,28379.94
EMP2365,211800.0,2541600.0,Band D (Manager),248857.69,11.36,46350.33,23266.08
EMP2366,339900.0,4078800.0,Band E (Director),677663.06,16.43,13354.6,57176.21
EMP2367,57400.0,688800.0,Band B (Mid),46423.37,6.73,16019.54,7616.78
EMP2368,99000.0,1188000.0,Band C (Senior),177100.1,15.81,18012.42,11657.02
EMP2369,153500.0,1842000.0,Band D (Manager),238728.43,13.03,22806.06,17427.76
EMP2370,47700.0,572400.0,Band B (Mid),61570.42,11.11,21602.0,5399.82
EMP2371,29600.0,355200.0,Band A (Entry),28940.52,5.16,12361.14,4797.66
EMP2372,368800.0,4425600.0,Band E (Director),552323.18,17.52,24597.82,47694.54
EMP2373,32500.0,390000.0,Band A (Entry),40458.77,9.68,11436.33,4790.24
EMP2374,86200.0,1034400.0,Band C (Senior),154945.31,15.73,24521.17,11012.73
EMP2375,96600.0,1159200.0,Band C (Senior),160092.16,14.71,26723.41,16816.79
EMP2376,103200.0,1238400.0,Band C (Senior),93186.52,9.06,29028.57,14570.29
EMP2377,22000.0,264000.0,Band A (Entry),26267.57,8.15,12438.98,3017.37
EMP2378,110500.0,1326000.0,Band C (Senior),138241.78,12.11,28195.26,19393.86
EMP2379,47700.0,572400.0,Band B (Mid),45669.24,8.87,16893.34,7878.06
EMP2380,139600.0,1675200.0,Band C (Senior),115392.71,10.99,41011.38,24911.39
EMP2381,42100.0,505200.0,Band A (Entry),51092.79,11.19,15768.24,6792.82
EMP2382,157700.0,1892400.0,Band D (Manager),196381.81,11.14,28995.82,18659.08
EMP2383,118900.0,1426800.0,Band C (Senior),99568.87,6.98,36248.42,16282.25
EMP2384,40800.0,489600.0,Band A (Entry),53864.8,15.03,11233.77,6659.43
EMP2385,55400.0,664800.0,Band B (Mid),100466.76,11.82,26866.64,6563.02
EMP2386,133700.0,1604400.0,Band C (Senior),165529.31,9.78,40502.77,18150.2
EMP2387,35400.0,424800.0,Band A (Entry),41198.83,8.88,14936.1,3903.56
EMP2388,45800.0,549600.0,Band B (Mid),94154.87,18.37,17390.15,6203.2
EMP2389,75000.0,900000.0,Band B (Mid),129935.62,18.12,20946.56,10834.88
EMP2390,334000.0,4008000.0,Band E (Director),281627.53,8.15,45636.16,38078.97
EMP2391,50900.0,610800.0,Band B (Mid),64540.63,9.28,16465.79,7524.72
EMP2392,61300.0,735600.0,Band B (Mid),83760.01,14.71,20540.9,6855.31
EMP2393,343400.0,4120800.0,Band E (Director),337460.96,8.1,17751.8,47934.44
EMP2394,76800.0,921600.0,Band B (Mid),96220.65,11.51,22794.04,11936.1
EMP2395,56600.0,679200.0,Band B (Mid),80233.63,8.31,17908.79,8965.6
EMP2396,50100.0,601200.0,Band B (Mid),73402.49,13.94,10686.99,6745.25
EMP2397,30300.0,363600.0,Band A (Entry),21397.21,3.25,11226.85,3447.42
EMP2398,50300.0,603600.0,Band B (Mid),34687.99,5.58,16380.87,8960.08
EMP2399,157600.0,1891200.0,Band D (Manager),132965.38,10.18,38286.05,22613.34
EMP2400,46100.0,553200.0,Band B (Mid),77943.75,16.7,20268.67,6406.21
EMP2401,92800.0,1113600.0,Band C (Senior),124969.09,13.27,20160.14,9564.7
EMP2402,33000.0,396000.0,Band A (Entry),23951.45,9.53,12989.83,5302.31
EMP2403,61600.0,739200.0,Band B (Mid),85664.61,9.62,23467.43,10037.72
EMP2404,41300.0,495600.0,Band A (Entry),61262.88,15.89,11830.22,6507.44
EMP2405,66500.0,798000.0,Band B (Mid),93107.08,11.87,18303.86,9081.79
EMP2406,121500.0,1458000.0,Band C (Senior),162798.29,11.73,40078.14,16657.51
EMP2407,70600.0,847200.0,Band B (Mid),107532.53,11.67,23176.57,11707.12
EMP2408,48900.0,586800.0,Band B (Mid),86229.58,17.47,15814.62,8538.19
EMP2409,47800.0,573600.0,Band B (Mid),64693.87,15.46,18440.76,7049.98
EMP2410,126300.0,1515600.0,Band C (Senior),201304.89,16.58,42981.49,19092.92
EMP2411,31900.0,382800.0,Band A (Entry),41343.09,12.65,11833.05,5330.31
EMP2412,99100.0,1189200.0,Band C (Senior),107304.44,12.68,30742.45,12596.16
EMP2413,41800.0,501600.0,Band A (Entry),43149.36,11.87,14587.75,4768.36
EMP2414,45400.0,544800.0,Band B (Mid),67096.85,17.19,15891.38,7270.83
EMP2415,161500.0,1938000.0,Band D (Manager),209213.84,14.25,24793.64,24108.38
EMP2416,68500.0,822000.0,Band B (Mid),96689.32,12.18,20683.48,8717.34
EMP2417,40200.0,482400.0,Band A (Entry),58695.96,16.14,18740.17,6726.21
EMP2418,340400.0,4084800.0,Band E (Director),499817.65,14.48,12675.7,54580.57
EMP2419,49300.0,591600.0,Band B (Mid),82234.58,15.94,15011.04,5060.02
EMP2420,74000.0,888000.0,Band B (Mid),58552.22,6.91,18779.44,10395.88
EMP2421,67500.0,810000.0,Band B (Mid),105746.56,16.08,21123.01,10549.65
EMP2422,89100.0,1069200.0,Band C (Senior),102612.26,9.69,24589.74,15371.86
EMP2423,105400.0,1264800.0,Band C (Senior),103419.0,8.58,23294.38,16519.34
EMP2424,42500.0,510000.0,Band A (Entry),53178.59,10.79,13147.8,5053.94
EMP2425,157500.0,1890000.0,Band D (Manager),242256.76,15.31,25127.82,17650.77
EMP2426,102100.0,1225200.0,Band C (Senior),177734.24,15.04,26063.01,18082.6
EMP2427,379800.0,4557600.0,Band E (Director),421252.17,6.6,31295.05,64093.99
EMP2428,94000.0,1128000.0,Band C (Senior),86481.88,10.73,20667.37,12587.12
EMP2429,180200.0,2162400.0,Band D (Manager),227537.64,12.8,50237.11,23954.89
EMP2430,63500.0,762000.0,Band B (Mid),73301.41,11.21,14985.87,10241.75
EMP2431,47900.0,574800.0,Band B (Mid),84838.91,19.09,16895.52,7258.21
EMP2432,74500.0,894000.0,Band B (Mid),73093.57,8.71,15874.75,9019.46
EMP2433,85400.0,1024800.0,Band C (Senior),51132.42,5.62,17652.51,11858.67
EMP2434,70700.0,848400.0,Band B (Mid),101355.61,15.73,16565.11,12602.38
EMP2435,128000.0,1536000.0,Band C (Senior),188037.16,11.95,32748.63,17403.01
EMP2436,24400.0,292800.0,Band A (Entry),38487.19,15.12,10854.47,2480.4
EMP2437,100500.0,1206000.0,Band C (Senior),146831.54,18.55,34914.83,10896.17
EMP2438,31800.0,381600.0,Band A (Entry),54723.46,18.37,14974.64,3567.77
EMP2439,185800.0,2229600.0,Band D (Manager),224831.08,12.09,32930.32,28284.23
EMP2440,38300.0,459600.0,Band A (Entry),45225.12,9.44,15536.21,4956.49
EMP2441,38600.0,463200.0,Band A (Entry),34790.94,9.41,17436.3,5896.76
EMP2442,109900.0,1318800.0,Band C (Senior),152846.67,13.07,26657.33,13505.16
EMP2443,139500.0,1674000.0,Band C (Senior),224721.74,13.41,34998.37,22788.31
EMP2444,118700.0,1424400.0,Band C (Senior),154657.9,14.42,23773.88,16590.43
EMP2445,435100.0,5221200.0,Band E (Director),661014.94,18.16,46154.15,76080.91
EMP2446,29900.0,358800.0,Band A (Entry),47410.94,11.11,11186.56,4820.16
EMP2447,142100.0,1705200.0,Band D (Manager),241057.83,20.01,39607.97,19650.88
EMP2448,73500.0,882000.0,Band B (Mid),109119.63,14.08,21651.75,13069.25
EMP2449,78500.0,942000.0,Band B (Mid),94550.84,14.84,26549.34,9877.87
EMP2450,68100.0,817200.0,Band B (Mid),75403.05,14.28,23036.33,9367.1
EMP2451,27600.0,331200.0,Band A (Entry),25047.87,6.8,9206.82,3545.99
EMP2452,70700.0,848400.0,Band B (Mid),75012.73,6.89,22734.11,7252.09
EMP2453,118100.0,1417200.0,Band C (Senior),167633.31,12.03,31905.1,14743.45
EMP2454,41500.0,498000.0,Band A (Entry),72483.98,15.76,17440.1,4386.09
EMP2455,191700.0,2300400.0,Band D (Manager),381899.66,19.19,56193.45,20933.65
EMP2456,70700.0,848400.0,Band B (Mid),98745.75,14.21,26422.71,7742.28
EMP2457,36500.0,438000.0,Band A (Entry),50055.98,12.07,13229.69,4735.1
EMP2458,177800.0,2133600.0,Band D (Manager),178791.06,6.4,55940.05,25691.94
EMP2459,46500.0,558000.0,Band B (Mid),76176.58,14.4,16402.79,6756.99
EMP2460,37800.0,453600.0,Band A (Entry),60885.36,16.85,14143.96,5703.44
EMP2461,113200.0,1358400.0,Band C (Senior),139548.37,13.21,25233.55,13017.6
EMP2462,27800.0,333600.0,Band A (Entry),45567.6,14.74,9043.31,3424.16
EMP2463,47800.0,573600.0,Band B (Mid),66634.01,14.34,17406.42,5263.93
EMP2464,155700.0,1868400.0,Band D (Manager),128529.72,6.63,30770.74,26847.92
EMP2465,31900.0,382800.0,Band A (Entry),55026.62,15.09,10334.74,3590.83
EMP2466,130100.0,1561200.0,Band C (Senior),197678.89,10.05,36628.94,19586.44
EMP2467,138800.0,1665600.0,Band C (Senior),178337.06,13.16,26827.36,19377.9
EMP2468,26600.0,319200.0,Band A (Entry),31429.51,10.2,9825.83,2818.41
EMP2469,79000.0,948000.0,Band B (Mid),142215.64,18.48,29213.35,13148.28
EMP2470,34700.0,416400.0,Band A (Entry),65383.3,12.93,12862.96,4876.93
EMP2471,62400.0,748800.0,Band B (Mid),130157.75,19.1,16496.0,9037.44
EMP2472,22000.0,264000.0,Band A (Entry),22856.08,11.76,7110.49,3520.84
EMP2473,203500.0,2442000.0,Band D (Manager),267845.81,6.28,33221.18,25327.7
EMP2474,37800.0,453600.0,Band A (Entry),59945.17,18.4,16003.21,4952.71
EMP2475,126300.0,1515600.0,Band C (Senior),148758.11,10.1,32756.17,14079.4
EMP2476,33400.0,400800.0,Band A (Entry),34734.6,9.15,11252.37,5685.79
EMP2477,43000.0,516000.0,Band A (Entry),36387.78,3.92,13526.2,5614.33
EMP2478,70300.0,843600.0,Band B (Mid),125684.61,20.87,20644.99,11803.28
EMP2479,75300.0,903600.0,Band B (Mid),131244.93,16.45,21225.79,12663.22
EMP2480,330700.0,3968400.0,Band E (Director),517387.79,15.28,25895.1,43806.58
EMP2481,41000.0,492000.0,Band A (Entry),54939.69,13.18,17751.7,6056.86
EMP2482,38300.0,459600.0,Band A (Entry),44219.46,9.93,14426.08,4556.74
EMP2483,55400.0,664800.0,Band B (Mid),65967.33,13.11,19754.46,7672.17
EMP2484,83100.0,997200.0,Band C (Senior),112963.07,12.78,19829.25,10405.47
EMP2485,251600.0,3019200.0,Band E (Director),263878.76,12.27,45637.19,43875.86
EMP2486,242000.0,2904000.0,Band E (Director),397894.7,13.66,41710.47,37164.76
EMP2487,202300.0,2427600.0,Band D (Manager),270596.13,9.68,47931.16,34761.7
EMP2488,38200.0,458400.0,Band A (Entry),49037.36,7.33,14621.11,4580.5
EMP2489,77300.0,927600.0,Band B (Mid),130992.14,19.35,28845.65,9009.1
EMP2490,105500.0,1266000.0,Band C (Senior),136446.74,9.0,27899.2,10566.53
EMP2491,30100.0,361200.0,Band A (Entry),47060.05,12.42,10459.93,4422.89
EMP2492,121000.0,1452000.0,Band C (Senior),142936.88,12.71,38902.81,14945.35
EMP2493,38100.0,457200.0,Band A (Entry),25316.9,6.04,18070.92,4647.14
EMP2494,29600.0,355200.0,Band A (Entry),48490.91,18.79,9295.58,4028.37
EMP2495,181000.0,2172000.0,Band D (Manager),184514.58,12.27,28554.04,26324.61
EMP2496,28400.0,340800.0,Band A (Entry),48156.19,17.58,8765.63,4546.71
EMP2497,371200.0,4454400.0,Band E (Director),311512.78,9.17,32839.82,63420.4
EMP2498,34800.0,417600.0,Band A (Entry),34806.1,3.46,16359.03,4020.88
EMP2499,41500.0,498000.0,Band A (Entry),57280.76,12.01,17844.49,5787.85
EMP2500,39400.0,472800.0,Band A (Entry),59508.11,13.52,16683.46,6837.86
EMP2501,43700.0,524400.0,Band A (Entry),56287.5,12.91,16794.91,5482.04
EMP2502,66900.0,802800.0,Band B (Mid),64395.26,6.57,19111.65,9657.03
EMP2503,33200.0,398400.0,Band A (Entry),54220.32,13.72,10104.1,4503.45
EMP2504,55500.0,666000.0,Band B (Mid),50089.47,6.68,23273.4,8874.74
EMP2505,233300.0,2799600.0,Band E (Director),305099.44,13.48,39297.6,36923.74
EMP2506,96700.0,1160400.0,Band C (Senior),108880.91,10.91,30888.52,12755.83
EMP2507,37300.0,447600.0,Band A (Entry),40211.39,10.81,15482.8,4522.29
EMP2508,49400.0,592800.0,Band B (Mid),66451.29,14.97,13005.6,7430.06
EMP2509,87400.0,1048800.0,Band C (Senior),115463.83,11.56,20719.89,15272.74
EMP2510,75400.0,904800.0,Band B (Mid),110674.29,13.27,34104.1,9962.48
EMP2511,42300.0,507600.0,Band A (Entry),74325.82,14.55,16921.74,5920.77
EMP2512,61300.0,735600.0,Band B (Mid),53176.29,4.11,19719.51,7341.01
EMP2513,94000.0,1128000.0,Band C (Senior),88563.17,10.48,31205.93,16071.55
EMP2514,43900.0,526800.0,Band A (Entry),57536.63,13.29,15270.03,4580.52
EMP2515,52000.0,624000.0,Band B (Mid),60800.73,11.69,22981.0,6785.47
EMP2516,332500.0,3990000.0,Band E (Director),483865.72,14.61,10202.12,35643.92
EMP2517,41200.0,494400.0,Band A (Entry),27618.63,7.2,15997.71,5574.71
EMP2518,46800.0,561600.0,Band B (Mid),77510.37,18.95,21922.56,6925.96
EMP2519,30200.0,362400.0,Band A (Entry),51671.59,15.44,11620.66,3285.06
EMP2520,84100.0,1009200.0,Band C (Senior),106364.54,9.82,19195.75,12894.48
EMP2521,69700.0,836400.0,Band B (Mid),81093.06,6.29,18242.0,8452.62
EMP2522,42500.0,510000.0,Band A (Entry),55313.87,14.16,17330.2,4966.74
EMP2523,69000.0,828000.0,Band B (Mid),84977.38,13.04,23385.28,8765.39
EMP2524,89600.0,1075200.0,Band C (Senior),120210.4,16.07,20704.2,15619.83
EMP2525,38400.0,460800.0,Band A (Entry),42131.1,13.96,13302.48,6549.78
EMP2526,265700.0,3188400.0,Band E (Director),486642.27,15.41,64709.61,32982.58
EMP2527,34000.0,408000.0,Band A (Entry),48088.53,8.6,14056.46,3484.94
EMP2528,24400.0,292800.0,Band A (Entry),47024.47,15.94,8592.81,2631.45
EMP2529,221100.0,2653200.0,Band E (Director),109262.67,2.13,8386.34,30118.72
EMP2530,117000.0,1404000.0,Band C (Senior),129019.38,8.91,36500.13,11938.86
EMP2531,82300.0,987600.0,Band C (Senior),127229.97,11.54,27120.19,12759.08
EMP2532,195300.0,2343600.0,Band D (Manager),179116.63,8.03,33790.01,28886.67
EMP2533,73100.0,877200.0,Band B (Mid),118076.11,14.72,14773.54,9724.62
EMP2534,60800.0,729600.0,Band B (Mid),53594.61,5.01,22239.7,6809.49
EMP2535,117500.0,1410000.0,Band C (Senior),163605.35,14.65,25981.9,20732.63
EMP2536,137600.0,1651200.0,Band C (Senior),134983.35,11.55,35600.71,17812.33
EMP2537,38200.0,458400.0,Band A (Entry),45904.73,8.78,16457.52,4573.57
EMP2538,61300.0,735600.0,Band B (Mid),89258.03,13.52,17995.42,10960.68
EMP2539,94600.0,1135200.0,Band C (Senior),116716.4,13.72,31690.03,15140.85
EMP2540,34700.0,416400.0,Band A (Entry),41998.04,10.88,14409.81,4974.78
EMP2541,411000.0,4932000.0,Band E (Director),800566.25,21.18,44334.41,52629.51
EMP2542,76600.0,919200.0,Band B (Mid),105039.88,13.15,22502.09,12613.96
EMP2543,73700.0,884400.0,Band B (Mid),87392.04,11.7,25657.3,11509.29
EMP2544,67200.0,806400.0,Band B (Mid),110864.7,15.84,20340.7,11474.59
EMP2545,50100.0,601200.0,Band B (Mid),83606.15,15.17,13162.34,8926.92
EMP2546,32300.0,387600.0,Band A (Entry),50866.89,17.82,13898.35,4728.73
EMP2547,353500.0,4242000.0,Band E (Director),661726.37,20.14,28834.37,58740.43
EMP2548,62300.0,747600.0,Band B (Mid),73103.81,10.11,20444.15,10782.07
EMP2549,97600.0,1171200.0,Band C (Senior),152275.5,15.07,28185.35,11362.44
EMP2550,58700.0,704400.0,Band B (Mid),97055.69,14.87,16554.68,8818.46
EMP2551,38600.0,463200.0,Band A (Entry),48373.27,12.07,17638.68,6480.6
EMP2552,39000.0,468000.0,Band A (Entry),62914.81,12.58,13889.19,6394.3
EMP2553,64100.0,769200.0,Band B (Mid),27761.6,3.72,27974.32,10205.06
EMP2554,39700.0,476400.0,Band A (Entry),44221.41,11.31,17805.52,5429.48
EMP2555,130100.0,1561200.0,Band C (Senior),258804.67,18.46,27778.69,22013.08
EMP2556,212900.0,2554800.0,Band D (Manager),203322.77,6.92,46804.78,29651.85
EMP2557,44800.0,537600.0,Band A (Entry),56468.81,11.31,15986.26,5534.31
EMP2558,31300.0,375600.0,Band A (Entry),49168.34,16.69,12030.46,4242.51
EMP2559,156300.0,1875600.0,Band D (Manager),244220.72,16.89,29157.32,25939.91
EMP2560,36900.0,442800.0,Band A (Entry),67000.57,16.62,12916.76,3923.19
EMP2561,213000.0,2556000.0,Band D (Manager),173034.87,8.19,29657.52,21508.21
EMP2562,57300.0,687600.0,Band B (Mid),74961.29,12.14,23987.77,6019.98
EMP2563,38500.0,462000.0,Band A (Entry),59658.56,15.29,19763.59,4259.79
EMP2564,30600.0,367200.0,Band A (Entry),31676.38,8.25,10934.86,3628.04
EMP2565,183500.0,2202000.0,Band D (Manager),248739.82,11.57,30798.36,20362.5
EMP2566,31000.0,372000.0,Band A (Entry),59690.57,16.0,13568.84,3145.43
EMP2567,179500.0,2154000.0,Band D (Manager),326618.95,12.08,51094.84,21822.25
EMP2568,47500.0,570000.0,Band B (Mid),72699.92,14.96,22267.17,7044.94
EMP2569,36700.0,440400.0,Band A (Entry),16473.91,6.95,15920.79,5852.61
EMP2570,175700.0,2108400.0,Band D (Manager),216490.19,10.57,32884.63,24220.65
EMP2571,34900.0,418800.0,Band A (Entry),47494.2,15.09,14926.92,6077.25
EMP2572,44000.0,528000.0,Band A (Entry),46483.88,11.12,16472.14,4552.55
EMP2573,66200.0,794400.0,Band B (Mid),91453.92,13.31,19122.77,11279.92
EMP2574,241300.0,2895600.0,Band E (Director),457807.58,18.41,33745.75,25058.46
EMP2575,46600.0,559200.0,Band B (Mid),52712.81,11.42,15789.65,6896.54
EMP2576,35100.0,421200.0,Band A (Entry),33197.86,9.4,14521.24,4085.24
EMP2577,220700.0,2648400.0,Band E (Director),343745.75,9.08,23473.36,34736.95
EMP2578,126000.0,1512000.0,Band C (Senior),157198.04,12.28,31974.39,20131.64
EMP2579,212600.0,2551200.0,Band D (Manager),298619.06,11.6,36619.49,35109.32
EMP2580,105800.0,1269600.0,Band C (Senior),139239.01,7.53,17077.76,13075.08
EMP2581,151500.0,1818000.0,Band D (Manager),231274.22,16.27,45501.46,17064.76
EMP2582,70300.0,843600.0,Band B (Mid),106893.54,13.6,24807.62,11305.73
EMP2583,51900.0,622800.0,Band B (Mid),57312.78,9.56,16338.88,8042.53
EMP2584,177400.0,2128800.0,Band D (Manager),237813.47,13.01,52306.32,24190.84
EMP2585,132000.0,1584000.0,Band C (Senior),180902.3,13.31,34667.89,17763.31
EMP2586,444200.0,5330400.0,Band E (Director),527685.22,9.33,35070.56,62236.32
EMP2587,74300.0,891600.0,Band B (Mid),116136.73,15.5,21584.46,13107.01
EMP2588,52500.0,630000.0,Band B (Mid),81256.89,14.18,20367.5,5781.43
EMP2589,65900.0,790800.0,Band B (Mid),71558.18,13.89,25231.71,9729.49
EMP2590,86100.0,1033200.0,Band C (Senior),140378.06,17.22,34878.69,14521.71
EMP2591,51500.0,618000.0,Band B (Mid),109487.84,18.11,16851.65,5569.43
EMP2592,76700.0,920400.0,Band B (Mid),146632.29,16.91,15662.41,12228.82
EMP2593,50300.0,603600.0,Band B (Mid),74594.31,13.38,15553.73,8325.28
EMP2594,43000.0,516000.0,Band A (Entry),70870.88,16.55,19760.14,5155.11
EMP2595,59200.0,710400.0,Band B (Mid),88257.16,9.16,19088.31,7547.0
EMP2596,57500.0,690000.0,Band B (Mid),65069.97,6.32,19772.55,7717.5
EMP2597,221600.0,2659200.0,Band E (Director),410786.96,18.29,54175.11,39698.87
EMP2598,57600.0,691200.0,Band B (Mid),86296.79,15.69,17427.65,9943.45
EMP2599,43000.0,516000.0,Band A (Entry),68196.29,11.54,17059.73,7493.91
EMP2600,45100.0,541200.0,Band B (Mid),67407.91,9.33,10284.48,5832.69
EMP2601,72500.0,870000.0,Band B (Mid),106940.54,12.05,23915.78,12380.75
EMP2602,29400.0,352800.0,Band A (Entry),36387.47,11.37,13876.04,4106.68
EMP2603,204500.0,2454000.0,Band D (Manager),281390.05,15.16,46783.25,30225.99
EMP2604,222300.0,2667600.0,Band E (Director),385264.11,14.79,36602.98,33954.08
EMP2605,86000.0,1032000.0,Band C (Senior),119073.89,9.62,24125.49,13672.31
EMP2606,88600.0,1063200.0,Band C (Senior),152159.29,15.87,23247.31,11233.99
EMP2607,38300.0,459600.0,Band A (Entry),32089.48,8.51,18004.78,4970.48
EMP2608,97300.0,1167600.0,Band C (Senior),87888.65,10.04,30719.93,10701.16
EMP2609,43800.0,525600.0,Band A (Entry),80959.27,16.28,14617.14,7428.2
EMP2610,110700.0,1328400.0,Band C (Senior),222725.98,19.26,17710.69,15080.84
EMP2611,39400.0,472800.0,Band A (Entry),51169.69,13.53,15653.53,6965.97
EMP2612,119100.0,1429200.0,Band C (Senior),144085.66,10.12,28366.29,14430.35
EMP2613,50200.0,602400.0,Band B (Mid),47894.84,8.88,25375.28,7542.69
EMP2614,82800.0,993600.0,Band C (Senior),121263.62,11.58,27233.35,14883.91
EMP2615,53700.0,644400.0,Band B (Mid),73796.49,16.86,15518.95,8372.14
EMP2616,49700.0,596400.0,Band B (Mid),57591.97,9.15,17385.8,8530.36
EMP2617,68200.0,818400.0,Band B (Mid),113034.48,12.61,23011.14,11909.44
EMP2618,109600.0,1315200.0,Band C (Senior),155653.46,14.5,17287.85,15645.41
EMP2619,86500.0,1038000.0,Band C (Senior),110439.18,16.52,16490.42,9910.39
EMP2620,26000.0,312000.0,Band A (Entry),27964.94,4.97,9242.88,3908.51
EMP2621,77400.0,928800.0,Band B (Mid),137314.87,14.27,24561.92,11779.55
EMP2622,27700.0,332400.0,Band A (Entry),29014.17,11.44,13617.12,3482.52
EMP2623,111500.0,1338000.0,Band C (Senior),214812.08,14.22,22808.4,12786.36
EMP2624,47400.0,568800.0,Band B (Mid),61482.9,12.86,15358.03,6060.48
EMP2625,42100.0,505200.0,Band A (Entry),44623.68,6.37,15894.92,6837.49
EMP2626,70000.0,840000.0,Band B (Mid),109625.23,16.66,18503.79,8782.01
EMP2627,130400.0,1564800.0,Band C (Senior),253163.54,11.66,20823.01,21335.45
EMP2628,88700.0,1064400.0,Band C (Senior),108778.13,7.33,23082.11,11442.9
EMP2629,27400.0,328800.0,Band A (Entry),47823.99,18.44,11909.77,4499.69
EMP2630,29300.0,351600.0,Band A (Entry),24971.87,9.86,10079.16,4358.14
EMP2631,82700.0,992400.0,Band C (Senior),124839.16,14.38,23616.69,14489.87
EMP2632,47400.0,568800.0,Band B (Mid),81552.4,17.17,20028.63,5597.88
EMP2633,48900.0,586800.0,Band B (Mid),32209.66,7.78,18042.31,7904.12
EMP2634,38000.0,456000.0,Band A (Entry),65962.37,17.25,19107.73,5163.86
EMP2635,43900.0,526800.0,Band A (Entry),70628.7,14.18,19636.77,5113.08
EMP2636,85700.0,1028400.0,Band C (Senior),120997.9,10.83,19323.53,9712.28
EMP2637,31800.0,381600.0,Band A (Entry),25932.71,8.83,14646.59,3808.01
EMP2638,163700.0,1964400.0,Band D (Manager),234557.6,19.86,44765.22,25265.41
EMP2639,33700.0,404400.0,Band A (Entry),29473.5,13.57,16918.04,5660.91
EMP2640,103500.0,1242000.0,Band C (Senior),101159.85,11.21,32101.1,12864.63
EMP2641,63200.0,758400.0,Band B (Mid),80952.66,12.84,20355.3,8037.03
EMP2642,98900.0,1186800.0,Band C (Senior),95866.81,10.62,33860.71,10857.3
EMP2643,86800.0,1041600.0,Band C (Senior),147729.45,16.9,18771.58,12356.14
EMP2644,47300.0,567600.0,Band B (Mid),46656.53,12.52,16924.63,5147.47
EMP2645,63600.0,763200.0,Band B (Mid),67391.16,9.75,18528.26,7957.37
EMP2646,29800.0,357600.0,Band A (Entry),40140.84,11.68,13623.39,5140.23
EMP2647,64000.0,768000.0,Band B (Mid),85650.81,17.0,15758.72,9052.53
EMP2648,34800.0,417600.0,Band A (Entry),57984.6,11.36,13916.16,4342.95
EMP2649,60100.0,721200.0,Band B (Mid),95389.37,16.15,17592.5,9634.59
EMP2650,26000.0,312000.0,Band A (Entry),35698.3,8.46,10699.75,2601.79
EMP2651,156800.0,1881600.0,Band D (Manager),192057.61,10.11,27573.94,24947.33
EMP2652,90100.0,1081200.0,Band C (Senior),123041.68,12.56,29440.77,14824.48
EMP2653,47800.0,573600.0,Band B (Mid),74151.06,14.75,19531.5,6641.5
EMP2654,65400.0,784800.0,Band B (Mid),104253.64,15.33,17978.82,7652.14
EMP2655,34700.0,416400.0,Band A (Entry),34221.36,9.43,15307.71,4091.02
EMP2656,36700.0,440400.0,Band A (Entry),40331.35,6.24,11974.68,6312.89
EMP2657,173500.0,2082000.0,Band D (Manager),332294.66,17.16,23739.63,27289.7
EMP2658,119200.0,1430400.0,Band C (Senior),199391.2,15.13,25402.54,21205.69
EMP2659,41000.0,492000.0,Band A (Entry),57151.63,10.91,16387.33,4727.65
EMP2660,178300.0,2139600.0,Band D (Manager),248238.75,14.93,55189.76,23822.43
EMP2661,58000.0,696000.0,Band B (Mid),72327.79,8.39,23478.21,9428.61
EMP2662,28800.0,345600.0,Band A (Entry),29129.28,10.95,9724.15,4230.44
EMP2663,48800.0,585600.0,Band B (Mid),60088.26,11.03,16283.64,6767.91
EMP2664,54400.0,652800.0,Band B (Mid),60780.44,11.24,21144.15,6017.86
EMP2665,37700.0,452400.0,Band A (Entry),41009.27,13.26,19479.64,6612.72
EMP2666,102200.0,1226400.0,Band C (Senior),82402.29,8.45,24917.61,11954.5
EMP2667,31600.0,379200.0,Band A (Entry),47360.28,8.11,10429.46,4980.02
EMP2668,254900.0,3058800.0,Band E (Director),350343.47,15.52,40113.35,37803.87
EMP2669,129600.0,1555200.0,Band C (Senior),144074.46,5.67,34246.68,21070.93
EMP2670,106100.0,1273200.0,Band C (Senior),147435.58,13.27,25015.25,17151.81
EMP2671,55600.0,667200.0,Band B (Mid),52807.43,5.65,17078.68,7609.24
EMP2672,179500.0,2154000.0,Band D (Manager),201249.58,9.53,27646.71,25675.65
EMP2673,47700.0,572400.0,Band B (Mid),54307.83,12.45,11482.39,5068.2
EMP2674,91400.0,1096800.0,Band C (Senior),91702.64,8.08,28728.76,14632.49
EMP2675,61300.0,735600.0,Band B (Mid),55339.87,11.3,23714.57,7512.31
EMP2676,187000.0,2244000.0,Band D (Manager),247291.03,13.22,36716.46,20476.37
EMP2677,43100.0,517200.0,Band A (Entry),38708.49,13.88,15299.02,4461.24
EMP2678,85300.0,1023600.0,Band C (Senior),117445.83,16.82,29984.24,10525.68
EMP2679,141100.0,1693200.0,Band D (Manager),187634.63,10.18,29034.51,15586.45
EMP2680,56100.0,673200.0,Band B (Mid),85772.06,12.93,18222.15,6368.39
EMP2681,188600.0,2263200.0,Band D (Manager),258659.91,14.45,34907.55,24952.33
EMP2682,55100.0,661200.0,Band B (Mid),49104.0,7.52,17288.55,7036.79
EMP2683,47500.0,570000.0,Band B (Mid),62700.94,12.61,22532.79,5771.09
EMP2684,74300.0,891600.0,Band B (Mid),100721.26,11.34,27588.93,8498.65
EMP2685,82100.0,985200.0,Band C (Senior),128214.12,12.59,26526.99,12218.48
EMP2686,38300.0,459600.0,Band A (Entry),48571.21,10.65,19881.31,5482.53
EMP2687,41200.0,494400.0,Band A (Entry),46574.38,9.49,19359.13,5408.8
EMP2688,37300.0,447600.0,Band A (Entry),57658.76,12.41,15782.16,4308.78
EMP2689,115900.0,1390800.0,Band C (Senior),203752.23,15.76,38927.46,18864.67
EMP2690,204300.0,2451600.0,Band D (Manager),316044.2,18.53,41589.61,22091.96
EMP2691,46700.0,560400.0,Band B (Mid),73320.31,19.1,14482.07,6098.59
EMP2692,28700.0,344400.0,Band A (Entry),45076.32,13.97,10019.63,3344.44
EMP2693,41600.0,499200.0,Band A (Entry),68276.24,15.26,18821.1,6575.12
EMP2694,180100.0,2161200.0,Band D (Manager),291183.56,16.46,39722.94,25721.57
EMP2695,86000.0,1032000.0,Band C (Senior),120448.41,16.79,25061.71,14861.9
EMP2696,46900.0,562800.0,Band B (Mid),69094.21,13.37,15595.6,7191.46
EMP2697,25300.0,303600.0,Band A (Entry),43192.3,12.24,9183.24,3834.64
EMP2698,200800.0,2409600.0,Band D (Manager),389336.49,19.16,27338.54,21350.66
EMP2699,214700.0,2576400.0,Band D (Manager),253471.66,14.99,45746.02,21668.39
EMP2700,33800.0,405600.0,Band A (Entry),40152.84,17.01,10948.59,5112.44
EMP2701,124900.0,1498800.0,Band C (Senior),140824.85,10.15,28210.64,20328.86
EMP2702,46700.0,560400.0,Band B (Mid),56681.32,8.66,19378.84,7890.1
EMP2703,40300.0,483600.0,Band A (Entry),52692.74,15.25,14941.12,7218.56
EMP2704,105400.0,1264800.0,Band C (Senior),119218.67,8.99,26266.57,17930.62
EMP2705,72000.0,864000.0,Band B (Mid),63395.51,6.72,23141.49,10382.84
EMP2706,50100.0,601200.0,Band B (Mid),81511.45,16.1,14608.12,7764.56
EMP2707,143300.0,1719600.0,Band D (Manager),142279.34,7.93,14863.13,18385.11
EMP2708,172000.0,2064000.0,Band D (Manager),239420.26,11.0,37015.34,30657.15
EMP2709,34500.0,414000.0,Band A (Entry),53040.08,9.29,13743.83,6139.72
EMP2710,61000.0,732000.0,Band B (Mid),99298.27,16.25,19659.28,9552.49
EMP2711,100200.0,1202400.0,Band C (Senior),183116.78,15.84,20764.8,11877.55
EMP2712,68200.0,818400.0,Band B (Mid),92098.25,14.67,26868.93,9889.05
EMP2713,450000.0,5400000.0,Band E (Director),604944.81,8.4,25382.46,69635.38
EMP2714,140300.0,1683600.0,Band D (Manager),161393.63,8.44,24886.11,23158.28
EMP2715,28300.0,339600.0,Band A (Entry),29925.62,7.11,10125.74,4288.91
EMP2716,37100.0,445200.0,Band A (Entry),49260.27,12.02,15409.42,6081.05
EMP2717,154700.0,1856400.0,Band D (Manager),120858.77,5.55,41007.64,25072.03
EMP2718,363800.0,4365600.0,Band E (Director),520629.06,14.38,41321.81,55390.68
EMP2719,39200.0,470400.0,Band A (Entry),57478.52,15.42,14561.89,4283.33
EMP2720,40200.0,482400.0,Band A (Entry),63631.59,14.63,17546.12,6391.43
EMP2721,135600.0,1627200.0,Band C (Senior),180204.9,10.12,35100.02,18648.17
EMP2722,48400.0,580800.0,Band B (Mid),59380.37,17.09,19065.07,7932.58
EMP2723,41500.0,498000.0,Band A (Entry),46424.29,11.22,12691.48,4510.85
EMP2724,233800.0,2805600.0,Band E (Director),239332.92,12.61,44155.21,32538.92
EMP2725,149000.0,1788000.0,Band D (Manager),160126.2,8.56,39595.35,18683.43
EMP2726,218700.0,2624400.0,Band D (Manager),344261.91,16.09,30588.33,30317.14
EMP2727,130500.0,1566000.0,Band C (Senior),249591.3,19.71,30910.76,23302.2
EMP2728,32200.0,386400.0,Band A (Entry),49587.61,14.55,10757.47,5203.16
EMP2729,210800.0,2529600.0,Band D (Manager),364916.71,15.62,45343.64,35932.24
EMP2730,35000.0,420000.0,Band A (Entry),41416.65,7.88,9963.47,5846.82
EMP2731,31700.0,380400.0,Band A (Entry),50516.36,16.03,13900.1,3327.03
EMP2732,255600.0,3067200.0,Band E (Director),288776.81,10.28,37004.9,40307.52
EMP2733,128000.0,1536000.0,Band C (Senior),170764.77,15.63,30585.95,20417.69
EMP2734,215700.0,2588400.0,Band D (Manager),282305.4,13.23,47323.47,34642.18
EMP2735,40600.0,487200.0,Band A (Entry),37401.2,10.21,13867.56,4880.56
EMP2736,344800.0,4137600.0,Band E (Director),571471.84,15.95,22763.18,44792.23
EMP2737,97600.0,1171200.0,Band C (Senior),137723.33,11.89,28391.68,14817.55
EMP2738,126100.0,1513200.0,Band C (Senior),163297.38,9.96,32957.82,15352.81
EMP2739,210800.0,2529600.0,Band D (Manager),306991.97,15.77,26080.75,29609.51
EMP2740,70400.0,844800.0,Band B (Mid),98402.2,13.92,22092.66,9360.32
EMP2741,134700.0,1616400.0,Band C (Senior),164248.72,9.65,33675.16,14285.69
EMP2742,107200.0,1286400.0,Band C (Senior),157446.78,15.09,31195.66,11337.99
EMP2743,104600.0,1255200.0,Band C (Senior),99334.41,12.19,20068.16,12180.67
EMP2744,202200.0,2426400.0,Band D (Manager),265113.74,12.89,42505.86,27568.03
EMP2745,104100.0,1249200.0,Band C (Senior),130029.31,6.83,22743.72,18032.51
EMP2746,45300.0,543600.0,Band B (Mid),44165.59,5.84,16162.94,7294.21
EMP2747,49900.0,598800.0,Band B (Mid),48705.35,9.3,20209.91,6217.36
EMP2748,316800.0,3801600.0,Band E (Director),381808.43,14.62,12596.13,51592.14
EMP2749,276300.0,3315600.0,Band E (Director),385662.46,11.04,15577.86,45501.34
EMP2750,244300.0,2931600.0,Band E (Director),386723.66,15.66,16150.79,42567.37
EMP2751,54400.0,652800.0,Band B (Mid),51176.32,5.13,23731.91,8494.52
EMP2752,50800.0,609600.0,Band B (Mid),66529.87,12.22,17348.4,7588.32
EMP2753,114900.0,1378800.0,Band C (Senior),79747.5,6.68,24617.84,17653.22
EMP2754,115300.0,1383600.0,Band C (Senior),121833.91,5.46,34160.21,12221.56
EMP2755,27700.0,332400.0,Band A (Entry),40521.73,5.29,12443.64,4089.19
EMP2756,59700.0,716400.0,Band B (Mid),38997.36,6.87,18475.14,6171.52
EMP2757,36000.0,432000.0,Band A (Entry),26969.81,6.97,15170.66,5425.65
EMP2758,38200.0,458400.0,Band A (Entry),56977.68,11.99,10742.92,5856.9
EMP2759,35200.0,422400.0,Band A (Entry),47489.34,15.13,13070.61,4583.44
EMP2760,38600.0,463200.0,Band A (Entry),51910.72,14.24,12833.85,4396.64
EMP2761,30000.0,360000.0,Band A (Entry),25236.73,5.86,11394.13,4237.07
EMP2762,148200.0,1778400.0,Band D (Manager),300754.17,19.16,20209.87,16676.66
EMP2763,163000.0,1956000.0,Band D (Manager),215043.36,14.51,36064.43,21274.12
EMP2764,226700.0,2720400.0,Band E (Director),216903.52,8.71,52850.64,35472.27
EMP2765,71700.0,860400.0,Band B (Mid),145579.49,17.52,31491.42,7354.06
EMP2766,50800.0,609600.0,Band B (Mid),76350.77,16.45,17341.25,8882.23
EMP2767,69300.0,831600.0,Band B (Mid),84135.12,10.86,21163.44,11846.03
EMP2768,78300.0,939600.0,Band B (Mid),120731.15,13.96,24327.89,10122.81
EMP2769,59900.0,718800.0,Band B (Mid),72510.24,11.83,22531.06,9932.83
EMP2770,125000.0,1500000.0,Band C (Senior),188169.82,12.35,35097.07,20667.08
EMP2771,169200.0,2030400.0,Band D (Manager),214006.76,14.75,35280.32,26530.15
EMP2772,194500.0,2334000.0,Band D (Manager),219466.04,6.15,45916.66,25971.79
EMP2773,33200.0,398400.0,Band A (Entry),58491.17,17.9,11599.15,4282.1
EMP2774,82800.0,993600.0,Band C (Senior),110067.62,9.91,25018.07,9626.77
EMP2775,31500.0,378000.0,Band A (Entry),27606.48,9.69,11364.28,5172.27
EMP2776,38700.0,464400.0,Band A (Entry),42809.01,7.57,15662.39,5949.6
EMP2777,98900.0,1186800.0,Band C (Senior),151336.63,15.27,30350.61,17546.65
EMP2778,68000.0,816000.0,Band B (Mid),85505.03,13.44,19370.5,10165.38
EMP2779,170000.0,2040000.0,Band D (Manager),235444.17,14.99,46881.87,17056.18
EMP2780,39500.0,474000.0,Band A (Entry),60127.85,17.6,14897.43,4583.21
EMP2781,450000.0,5400000.0,Band E (Director),636365.74,13.02,70017.5,46611.28
EMP2782,450000.0,5400000.0,Band E (Director),461788.09,8.01,21169.11,55445.11
EMP2783,71100.0,853200.0,Band B (Mid),123410.65,15.01,24190.06,10375.37
EMP2784,176800.0,2121600.0,Band D (Manager),281937.5,17.13,40833.87,25483.31
EMP2785,45900.0,550800.0,Band B (Mid),78118.58,14.65,18944.94,6814.16
EMP2786,117900.0,1414800.0,Band C (Senior),211833.39,19.9,25718.6,15257.14
EMP2787,170700.0,2048400.0,Band D (Manager),232553.31,14.75,24226.16,29550.98
EMP2788,158500.0,1902000.0,Band D (Manager),273730.7,17.28,32595.75,21392.85
EMP2789,101000.0,1212000.0,Band C (Senior),189101.6,18.65,30050.9,12009.4
EMP2790,44500.0,534000.0,Band A (Entry),57673.42,13.2,14843.53,5920.13
EMP2791,82900.0,994800.0,Band C (Senior),158313.79,16.69,23814.84,10844.74
EMP2792,121600.0,1459200.0,Band C (Senior),224671.23,17.32,25308.33,13910.79
EMP2793,37700.0,452400.0,Band A (Entry),54543.56,12.41,13079.33,5499.26
EMP2794,42400.0,508800.0,Band A (Entry),89979.21,18.01,20309.72,6030.73
EMP2795,94100.0,1129200.0,Band C (Senior),162137.51,15.1,26917.92,9522.34
EMP2796,48800.0,585600.0,Band B (Mid),55762.3,11.72,20964.38,6048.94
EMP2797,67700.0,812400.0,Band B (Mid),122869.71,13.83,28172.84,7403.77
EMP2798,204300.0,2451600.0,Band D (Manager),327152.52,20.11,43726.09,25972.41
EMP2799,107000.0,1284000.0,Band C (Senior),156764.74,13.85,27333.67,12137.01
EMP2800,73700.0,884400.0,Band B (Mid),108744.29,15.71,29107.65,7769.77
EMP2801,72000.0,864000.0,Band B (Mid),125577.54,19.33,21055.62,9341.99
EMP2802,83200.0,998400.0,Band C (Senior),133817.35,9.51,26454.71,8593.12
EMP2803,169900.0,2038800.0,Band D (Manager),190717.88,9.97,49156.05,17902.73
EMP2804,41700.0,500400.0,Band A (Entry),74272.53,17.04,12022.73,6586.11
EMP2805,60900.0,730800.0,Band B (Mid),93187.87,10.15,16486.7,7180.8
EMP2806,162700.0,1952400.0,Band D (Manager),197666.99,12.03,41670.22,26232.2
EMP2807,166200.0,1994400.0,Band D (Manager),214830.51,9.57,46864.57,22143.39
EMP2808,71600.0,859200.0,Band B (Mid),85694.8,10.46,19554.64,10419.74
EMP2809,40700.0,488400.0,Band A (Entry),53209.92,11.39,19504.47,6788.58
EMP2810,136500.0,1638000.0,Band C (Senior),196150.24,9.91,39313.28,14803.46
EMP2811,80200.0,962400.0,Band C (Senior),128928.71,16.29,34237.38,8170.91
EMP2812,27700.0,332400.0,Band A (Entry),52884.68,17.3,9990.65,3553.71
EMP2813,91500.0,1098000.0,Band C (Senior),147216.24,14.85,20692.51,16128.67
EMP2814,128000.0,1536000.0,Band C (Senior),230476.04,17.3,33025.92,16475.11
EMP2815,56600.0,679200.0,Band B (Mid),100409.65,23.36,19877.78,7513.03
EMP2816,128600.0,1543200.0,Band C (Senior),239047.59,17.48,30198.9,19108.91
EMP2817,35100.0,421200.0,Band A (Entry),37729.26,12.5,13169.36,3513.75
EMP2818,40700.0,488400.0,Band A (Entry),65343.85,14.89,11674.18,5999.34
EMP2819,80300.0,963600.0,Band C (Senior),108786.72,12.2,23960.62,12249.69
EMP2820,74100.0,889200.0,Band B (Mid),98654.57,12.81,27592.48,12798.09
EMP2821,115400.0,1384800.0,Band C (Senior),160391.82,14.43,24157.15,17495.91
EMP2822,233900.0,2806800.0,Band E (Director),286723.41,11.32,27536.3,35862.73
EMP2823,148000.0,1776000.0,Band D (Manager),186174.61,13.62,30759.66,15911.51
EMP2824,34400.0,412800.0,Band A (Entry),38507.58,8.24,13821.01,4663.67
EMP2825,70300.0,843600.0,Band B (Mid),116156.91,19.58,17965.38,8213.99
EMP2826,33400.0,400800.0,Band A (Entry),52932.36,9.45,12877.95,4154.5
EMP2827,109400.0,1312800.0,Band C (Senior),129282.81,14.36,25238.74,11593.63
EMP2828,43300.0,519600.0,Band A (Entry),64356.77,14.72,16630.34,5670.92
EMP2829,52300.0,627600.0,Band B (Mid),79655.36,15.52,19061.45,5857.47
EMP2830,114500.0,1374000.0,Band C (Senior),124815.28,8.71,28648.85,14221.32
EMP2831,112700.0,1352400.0,Band C (Senior),150437.12,10.01,30768.74,11571.22
EMP2832,32800.0,393600.0,Band A (Entry),24978.15,7.32,10767.51,5838.17
EMP2833,37200.0,446400.0,Band A (Entry),15736.13,5.74,17658.31,4939.65
EMP2834,150900.0,1810800.0,Band D (Manager),100610.59,4.01,37425.68,19111.66
EMP2835,81400.0,976800.0,Band C (Senior),146005.74,15.55,29092.63,12617.2
EMP2836,27500.0,330000.0,Band A (Entry),28627.53,8.01,12415.18,4400.72
EMP2837,158800.0,1905600.0,Band D (Manager),222711.6,16.15,39478.69,24504.31
EMP2838,83900.0,1006800.0,Band C (Senior),137830.99,16.11,21801.65,10510.08
EMP2839,61500.0,738000.0,Band B (Mid),61484.19,9.99,17483.07,8829.2
EMP2840,41400.0,496800.0,Band A (Entry),73809.7,16.23,16409.49,5564.53
EMP2841,71700.0,860400.0,Band B (Mid),134812.26,23.54,23572.44,11500.52
EMP2842,40300.0,483600.0,Band A (Entry),67495.52,16.86,19979.45,5294.19
EMP2843,40000.0,480000.0,Band A (Entry),74460.79,19.8,16316.14,6954.81
EMP2844,89200.0,1070400.0,Band C (Senior),128410.92,16.54,29460.71,11866.88
EMP2845,86500.0,1038000.0,Band C (Senior),76202.98,15.07,18677.91,10170.41
EMP2846,202200.0,2426400.0,Band D (Manager),313655.02,16.87,32230.21,34271.0
EMP2847,261600.0,3139200.0,Band E (Director),274347.75,8.52,56804.51,27574.71
EMP2848,55200.0,662400.0,Band B (Mid),36180.05,8.51,19856.46,9908.46
EMP2849,43700.0,524400.0,Band A (Entry),49130.83,7.87,17504.34,7830.2
EMP2850,157100.0,1885200.0,Band D (Manager),329229.91,19.24,46692.89,21894.02
EMP2851,279900.0,3358800.0,Band E (Director),346294.46,8.49,11050.98,35111.2
EMP2852,214100.0,2569200.0,Band D (Manager),300835.07,11.94,47905.03,23344.76
EMP2853,36400.0,436800.0,Band A (Entry),37449.07,8.31,15290.26,4949.68
EMP2854,32500.0,390000.0,Band A (Entry),49851.6,13.85,10679.91,5119.92
EMP2855,35300.0,423600.0,Band A (Entry),40711.12,11.91,14087.71,4111.83
EMP2856,83700.0,1004400.0,Band C (Senior),122742.65,8.54,27632.06,12967.76
EMP2857,52200.0,626400.0,Band B (Mid),55028.61,5.7,15494.13,6513.98
EMP2858,62200.0,746400.0,Band B (Mid),44893.61,7.26,20474.19,8915.53
EMP2859,49100.0,589200.0,Band B (Mid),61736.36,11.78,13701.59,8026.83
EMP2860,33000.0,396000.0,Band A (Entry),55567.98,14.61,9335.2,4579.35
EMP2861,59500.0,714000.0,Band B (Mid),116772.64,19.34,22201.0,9083.57
EMP2862,44700.0,536400.0,Band A (Entry),79793.33,9.25,25917.28,5712.21
EMP2863,101300.0,1215600.0,Band C (Senior),190818.15,17.58,21703.14,14848.24
EMP2864,135900.0,1630800.0,Band C (Senior),192136.46,12.59,21310.08,22429.58
EMP2865,150800.0,1809600.0,Band D (Manager),152509.72,11.6,37056.53,25713.62
EMP2866,43000.0,516000.0,Band A (Entry),48741.83,6.23,14351.37,7566.94
EMP2867,101400.0,1216800.0,Band C (Senior),132809.6,11.85,33034.22,12465.06
EMP2868,106800.0,1281600.0,Band C (Senior),83175.66,4.64,31024.76,11550.32
EMP2869,33800.0,405600.0,Band A (Entry),38638.59,17.26,12276.98,3456.3
EMP2870,33500.0,402000.0,Band A (Entry),58898.58,19.53,12665.22,3763.33
EMP2871,53500.0,642000.0,Band B (Mid),84601.67,13.23,16770.86,8420.38
EMP2872,39000.0,468000.0,Band A (Entry),64462.34,16.22,16845.43,4488.56
EMP2873,44300.0,531600.0,Band A (Entry),52677.84,11.13,17113.79,7145.21
EMP2874,37000.0,444000.0,Band A (Entry),30857.6,9.05,13679.6,3860.08
EMP2875,41100.0,493200.0,Band A (Entry),51888.71,10.56,14570.22,6690.33
EMP2876,87900.0,1054800.0,Band C (Senior),116977.48,11.33,33990.03,11651.91
EMP2877,61300.0,735600.0,Band B (Mid),103354.95,18.83,22068.41,6907.62
EMP2878,34000.0,408000.0,Band A (Entry),65580.7,20.69,12493.31,5016.44
EMP2879,120000.0,1440000.0,Band C (Senior),120817.87,11.09,20877.47,19240.86
EMP2880,51300.0,615600.0,Band B (Mid),74272.81,14.49,16991.46,5364.5
EMP2881,27000.0,324000.0,Band A (Entry),33672.94,12.72,10095.4,3591.48
EMP2882,41300.0,495600.0,Band A (Entry),52069.76,9.85,17213.35,4443.93
EMP2883,101300.0,1215600.0,Band C (Senior),120323.14,5.16,28407.0,17855.66
EMP2884,415600.0,4987200.0,Band E (Director),572812.84,11.77,33878.97,55834.79
EMP2885,91000.0,1092000.0,Band C (Senior),118575.24,13.94,29995.94,12512.74
EMP2886,31300.0,375600.0,Band A (Entry),43138.74,14.87,11250.79,4626.18
EMP2887,44400.0,532800.0,Band A (Entry),43710.06,11.28,17480.47,7349.57
EMP2888,36600.0,439200.0,Band A (Entry),56216.2,11.12,16837.39,6407.21
EMP2889,201900.0,2422800.0,Band D (Manager),179000.67,5.7,39503.32,26693.59
EMP2890,55500.0,666000.0,Band B (Mid),90502.34,17.42,23947.07,7421.54
EMP2891,379800.0,4557600.0,Band E (Director),444178.42,11.93,40331.05,63377.6
EMP2892,70900.0,850800.0,Band B (Mid),101866.62,10.86,24892.34,11273.62
EMP2893,41100.0,493200.0,Band A (Entry),47124.11,12.05,17172.97,6349.78
EMP2894,160100.0,1921200.0,Band D (Manager),219100.55,13.68,32647.27,26306.53
EMP2895,34500.0,414000.0,Band A (Entry),40481.2,10.21,13720.37,6019.37
EMP2896,161100.0,1933200.0,Band D (Manager),147261.4,7.21,46594.24,16782.73
EMP2897,39400.0,472800.0,Band A (Entry),62373.61,13.95,15543.7,5734.83
EMP2898,228800.0,2745600.0,Band E (Director),336735.43,16.28,44295.44,27712.45
EMP2899,45300.0,543600.0,Band B (Mid),73211.87,14.91,12899.83,7860.99
EMP2900,33800.0,405600.0,Band A (Entry),66288.5,19.72,12992.48,3438.27
EMP2901,123900.0,1486800.0,Band C (Senior),203533.21,11.79,30347.77,16353.55
EMP2902,37200.0,446400.0,Band A (Entry),57331.78,12.02,8983.3,5118.12
EMP2903,46600.0,559200.0,Band B (Mid),57864.51,12.52,19299.32,4958.22
EMP2904,107000.0,1284000.0,Band C (Senior),194092.3,16.56,22149.07,13539.64
EMP2905,62400.0,748800.0,Band B (Mid),97838.02,16.72,20497.52,8147.72
EMP2906,227500.0,2730000.0,Band E (Director),352398.31,11.19,30329.45,24607.19
EMP2907,53000.0,636000.0,Band B (Mid),66445.72,14.71,16742.62,8557.88
EMP2908,94300.0,1131600.0,Band C (Senior),151428.37,13.69,29144.89,12089.66
EMP2909,32300.0,387600.0,Band A (Entry),52762.18,18.7,15785.2,4424.98
EMP2910,38500.0,462000.0,Band A (Entry),30513.35,4.47,12048.8,6323.97
EMP2911,367900.0,4414800.0,Band E (Director),431206.22,12.96,21120.36,63659.19
EMP2912,42700.0,512400.0,Band A (Entry),48768.28,13.82,12862.83,5153.24
EMP2913,47800.0,573600.0,Band B (Mid),62394.17,12.05,12904.56,7659.85
EMP2914,30500.0,366000.0,Band A (Entry),21271.62,3.47,13445.72,3775.27
EMP2915,27200.0,326400.0,Band A (Entry),41356.41,14.31,11229.12,4790.06
EMP2916,61600.0,739200.0,Band B (Mid),67012.88,11.09,19235.43,10709.88
EMP2917,137000.0,1644000.0,Band C (Senior),185427.1,9.46,24785.34,19133.99
EMP2918,111000.0,1332000.0,Band C (Senior),147806.42,8.47,25211.34,11917.55
EMP2919,190500.0,2286000.0,Band D (Manager),189708.54,8.24,36063.09,32047.17
EMP2920,35600.0,427200.0,Band A (Entry),48516.55,9.46,12730.99,5508.5
EMP2921,77800.0,933600.0,Band B (Mid),65648.77,8.23,16690.84,12710.15
EMP2922,52700.0,632400.0,Band B (Mid),55181.02,7.66,19862.94,7435.25
EMP2923,180200.0,2162400.0,Band D (Manager),196255.0,8.14,41156.88,31891.21
EMP2924,33700.0,404400.0,Band A (Entry),44585.14,11.16,12068.59,4330.37
EMP2925,88900.0,1066800.0,Band C (Senior),116522.85,16.16,27792.27,14364.94
EMP2926,35700.0,428400.0,Band A (Entry),39384.78,10.54,18623.54,3852.34
EMP2927,116600.0,1399200.0,Band C (Senior),255910.97,19.46,25293.49,20245.31
EMP2928,114800.0,1377600.0,Band C (Senior),145603.98,14.56,26448.85,14564.73
EMP2929,201800.0,2421600.0,Band D (Manager),216393.73,7.22,37101.4,22428.52
EMP2930,26100.0,313200.0,Band A (Entry),33004.61,13.11,14404.34,3490.25
EMP2931,264200.0,3170400.0,Band E (Director),308803.34,11.28,19331.01,29187.14
EMP2932,36300.0,435600.0,Band A (Entry),59419.03,13.16,10295.08,5300.23
EMP2933,46800.0,561600.0,Band B (Mid),56149.64,7.55,21371.47,7055.4
EMP2934,34000.0,408000.0,Band A (Entry),34691.37,6.51,16677.64,4050.86
EMP2935,27200.0,326400.0,Band A (Entry),56654.73,12.6,12149.54,2916.96
EMP2936,82500.0,990000.0,Band C (Senior),108092.55,12.79,27830.27,13840.77
EMP2937,25900.0,310800.0,Band A (Entry),28673.83,11.36,11857.66,3998.44
EMP2938,83600.0,1003200.0,Band C (Senior),96914.57,13.27,25366.29,12505.83
EMP2939,142700.0,1712400.0,Band D (Manager),177712.52,15.25,40882.76,25238.28
EMP2940,153500.0,1842000.0,Band D (Manager),274894.03,16.72,34620.06,16681.63
EMP2941,107800.0,1293600.0,Band C (Senior),169707.98,13.99,30997.54,15328.39
EMP2942,97800.0,1173600.0,Band C (Senior),148316.96,17.23,40794.12,10185.69
EMP2943,25600.0,307200.0,Band A (Entry),12385.77,5.89,8352.61,4336.56
EMP2944,103400.0,1240800.0,Band C (Senior),182254.3,12.42,31932.09,17316.12
EMP2945,39600.0,475200.0,Band A (Entry),63934.52,17.58,16169.02,5212.13
EMP2946,31500.0,378000.0,Band A (Entry),61024.74,18.53,11134.58,4636.09
EMP2947,35800.0,429600.0,Band A (Entry),51905.22,12.05,10794.51,5701.88
EMP2948,117200.0,1406400.0,Band C (Senior),118114.58,8.96,36007.97,17803.21
EMP2949,42400.0,508800.0,Band A (Entry),61569.32,12.94,14308.84,6603.33
EMP2950,147000.0,1764000.0,Band D (Manager),158802.63,8.79,37311.84,17816.6
EMP2951,79600.0,955200.0,Band B (Mid),58794.21,8.66,33542.09,12578.96
EMP2952,54000.0,648000.0,Band B (Mid),71856.96,10.88,19299.33,8619.15
EMP2953,91600.0,1099200.0,Band C (Senior),165872.01,15.8,24173.05,12724.75
EMP2954,29900.0,358800.0,Band A (Entry),44250.57,16.51,12783.22,4287.58
EMP2955,77400.0,928800.0,Band B (Mid),101780.97,15.97,20334.69,10261.03
EMP2956,126600.0,1519200.0,Band C (Senior),116566.19,8.84,36080.06,18844.68
EMP2957,102100.0,1225200.0,Band C (Senior),189369.31,21.46,38089.45,17651.6
EMP2958,33200.0,398400.0,Band A (Entry),35827.28,9.96,18517.26,3413.55
EMP2959,172400.0,2068800.0,Band D (Manager),239991.23,15.69,39868.54,27828.97
EMP2960,31000.0,372000.0,Band A (Entry),36698.79,10.76,15060.44,4908.05
EMP2961,28500.0,342000.0,Band A (Entry),52440.43,18.49,13334.14,3838.39
EMP2962,32700.0,392400.0,Band A (Entry),49252.34,13.67,9913.73,3818.02
EMP2963,75500.0,906000.0,Band B (Mid),132958.3,15.67,29073.77,11333.21
EMP2964,36000.0,432000.0,Band A (Entry),46753.25,11.99,18158.21,5798.38
EMP2965,153400.0,1840800.0,Band D (Manager),183336.03,18.44,30833.18,17220.31
EMP2966,30700.0,368400.0,Band A (Entry),43328.47,12.74,14925.57,4454.79
EMP2967,157400.0,1888800.0,Band D (Manager),146964.17,7.99,36888.67,25115.5
EMP2968,39300.0,471600.0,Band A (Entry),57461.55,18.6,12840.17,4768.09
EMP2969,77800.0,933600.0,Band B (Mid),137575.91,13.15,17583.47,12917.06
EMP2970,106800.0,1281600.0,Band C (Senior),148027.4,10.18,32400.04,15341.92
EMP2971,74900.0,898800.0,Band B (Mid),97694.94,11.94,27141.2,7947.5
EMP2972,39100.0,469200.0,Band A (Entry),57475.86,11.64,14015.12,6516.22
EMP2973,54300.0,651600.0,Band B (Mid),97413.9,15.14,17724.16,5575.61
EMP2974,329200.0,3950400.0,Band E (Director),494211.22,13.05,21247.66,54635.54
EMP2975,258500.0,3102000.0,Band E (Director),389232.56,15.77,12754.33,37261.4
EMP2976,38700.0,464400.0,Band A (Entry),44175.12,12.83,11408.8,3888.07
EMP2977,83600.0,1003200.0,Band C (Senior),89625.23,8.3,19996.56,9365.39
EMP2978,76500.0,918000.0,Band B (Mid),99711.06,10.99,23931.13,8428.3
EMP2979,26700.0,320400.0,Band A (Entry),40528.63,9.86,9746.76,4052.34
EMP2980,116300.0,1395600.0,Band C (Senior),125988.23,13.68,24571.18,18764.5
EMP2981,67900.0,814800.0,Band B (Mid),80152.31,14.04,22318.11,8765.2
EMP2982,68600.0,823200.0,Band B (Mid),116736.67,13.27,19290.79,10397.63
EMP2983,128900.0,1546800.0,Band C (Senior),183024.42,14.5,33501.92,18674.11
EMP2984,42500.0,510000.0,Band A (Entry),58019.65,13.25,18094.26,7166.23
EMP2985,87100.0,1045200.0,Band C (Senior),129096.47,13.95,32972.27,10387.29
EMP2986,72700.0,872400.0,Band B (Mid),93473.76,11.66,33403.98,8007.03
EMP2987,39600.0,475200.0,Band A (Entry),52682.93,11.38,15756.86,5256.9
EMP2988,77800.0,933600.0,Band B (Mid),112440.81,12.65,27448.07,12977.52
EMP2989,369700.0,4436400.0,Band E (Director),288882.4,8.26,28985.01,44565.87
EMP2990,48200.0,578400.0,Band B (Mid),86840.79,17.52,18022.02,7969.99
EMP2991,34700.0,416400.0,Band A (Entry),29258.59,9.33,11806.3,3717.27
EMP2992,141500.0,1698000.0,Band D (Manager),248248.95,15.07,28132.19,23869.67
EMP2993,421600.0,5059200.0,Band E (Director),461348.93,11.92,13726.29,57228.32
EMP2994,206100.0,2473200.0,Band D (Manager),413649.43,20.42,34583.69,34300.13
EMP2995,61700.0,740400.0,Band B (Mid),76596.21,9.46,25637.97,8468.32
EMP2996,51900.0,622800.0,Band B (Mid),61470.02,12.43,12803.97,7377.25
EMP2997,59600.0,715200.0,Band B (Mid),108031.95,17.05,22212.13,9277.2
EMP2998,155200.0,1862400.0,Band D (Manager),224853.71,13.78,48979.95,17591.78
EMP2999,196100.0,2353200.0,Band D (Manager),293772.93,12.17,26444.24,20006.53
EMP3000,175200.0,2102400.0,Band D (Manager),244240.97,12.75,47189.62,22970.31
