Employee_ID,Employee_Name,Gender,Age,Marital_Status,Education_Level,Department,Job_Role,Job_Level,Location,Hire_Date,Employment_Status
EMP0001,Sai Banerjee,Male,43,Single,Bachelor's Degree,Marketing,Brand Strategist,Senior,Noida,2023-05-21,Active
EMP0002,Anjali Gupta,Female,34,Married,Diploma,Sales,Senior Sales Executive,Mid,Bengaluru,2023-07-04,Active
EMP0003,Harsh Nair,Male,29,Married,Bachelor's Degree,Customer Support,Customer Support Associate,Entry,Bengaluru,2025-09-17,Active
EMP0004,Sanjay Ghosh,Male,32,Married,Bachelor's Degree,Operations,Senior Operations Analyst,Senior,Delhi NCR,2018-07-01,Active
EMP0005,Deepak Saxena,Male,23,Single,Diploma,IT,QA Engineer,Entry,Hyderabad,2024-01-29,Active
EMP0006,Divya Rastogi,Female,31,Married,Bachelor's Degree,Procurement,Vendor Manager,Senior,Mumbai,2022-07-08,Active
EMP0007,Priya Desai,Female,28,Married,PhD,Operations,Senior Process Associate,Mid,Mumbai,2025-07-02,Active
EMP0008,Rekha Reddy,Female,28,Single,Master's Degree,Marketing,Marketing Executive,Entry,Delhi NCR,2025-09-18,Exited
EMP0009,Priya Sharma,Female,24,Single,PhD,IT,QA Engineer,Entry,Gurugram,2024-03-08,Active
EMP0010,Shreya Saxena,Female,41,Married,High School,Sales,Key Account Manager,Senior,Noida,2020-08-07,Active
EMP0011,Ananya Bhatt,Female,23,Single,Bachelor's Degree,Sales,Sales Executive,Entry,Delhi NCR,2025-02-10,Exited
EMP0012,Dhruv Saxena,Male,48,Single,Bachelor's Degree,Customer Support,Customer Support Manager,Manager,Bengaluru,2016-05-18,Active
EMP0013,Reyansh Nair,Male,29,Divorced,Master's Degree,HR,HR Business Partner,Senior,Bengaluru,2022-02-13,Active
EMP0014,Aadhya Pillai,Female,35,Single,PhD,Marketing,Brand Strategist,Senior,Delhi NCR,2018-02-15,Active
EMP0015,Kavya Dutta,Female,28,Widowed,Bachelor's Degree,Sales,Inside Sales Representative,Entry,Gurugram,2024-04-25,Active
EMP0016,Karan Nair,Male,42,Married,Bachelor's Degree,IT,DevOps Engineer,Senior,Gurugram,2022-10-24,Active
EMP0017,Sunita Gupta,Female,50,Married,PhD,Finance,Finance Manager,Manager,Mumbai,2024-04-25,Active
EMP0018,Priya Kulkarni,Female,24,Single,Bachelor's Degree,IT,IT Support Engineer,Entry,Delhi NCR,2023-10-29,Exited
EMP0019,Krishna Desai,Male,26,Married,Master's Degree,Marketing,Marketing Executive,Entry,Kolkata,2024-09-03,Active
EMP0020,Karan Mathur,Male,22,Single,Bachelor's Degree,HR,Talent Acquisition Associate,Entry,Pune,2025-05-31,Active
EMP0021,Ishaan Dutta,Male,26,Divorced,Bachelor's Degree,Operations,Operations Analyst,Mid,Hyderabad,2024-04-10,Active
EMP0022,Siddharth Pandey,Male,41,Single,Bachelor's Degree,Sales,Senior Business Development Manager,Senior,Kolkata,2019-02-03,Active
EMP0023,Sai Sharma,Male,36,Single,Bachelor's Degree,Procurement,Vendor Coordinator,Mid,Chennai,2021-03-09,Active
EMP0024,Suresh Kapoor,Male,35,Married,Bachelor's Degree,Customer Support,Technical Support Engineer,Mid,Bengaluru,2022-07-07,Active
EMP0025,Rohan Chawla,Male,23,Single,Master's Degree,Marketing,Digital Marketing Associate,Entry,Pune,2024-06-29,Active
EMP0026,Rohan Menon,Male,27,Married,Bachelor's Degree,IT,Software Engineer I,Entry,Gurugram,2025-09-15,Active
EMP0027,Anjali Mathur,Female,29,Married,Bachelor's Degree,Sales,Sales Executive,Entry,Bengaluru,2025-08-11,Exited
EMP0028,Preeti Kulkarni,Female,49,Single,Master's Degree,IT,Technical Lead,Manager,Bengaluru,2015-01-29,Active
EMP0029,Vihaan Rao,Male,30,Single,Diploma,IT,Data Analyst,Mid,Bengaluru,2021-12-24,Active
EMP0030,Rajesh Agarwal,Male,26,Married,High School,Operations,Operations Analyst,Mid,Mumbai,2025-05-30,Active
EMP0031,Vihaan Malhotra,Male,39,Married,Diploma,Operations,Operations Team Lead,Senior,Hyderabad,2020-12-05,Active
EMP0032,Varun Gupta,Male,28,Married,Master's Degree,Procurement,Procurement Executive,Entry,Hyderabad,2025-08-07,Active
EMP0033,Ajay Chatterjee,Male,22,Single,Bachelor's Degree,Sales,Inside Sales Representative,Entry,Bengaluru,2025-01-27,Active
EMP0034,Aryan Naidu,Male,24,Single,Master's Degree,Sales,Sales Executive,Entry,Gurugram,2025-09-04,Active
EMP0035,Krishna Nair,Male,44,Single,Bachelor's Degree,Sales,Sales Director,Director,Noida,2022-11-27,Active
EMP0036,Shalini Chatterjee,Female,41,Single,Bachelor's Degree,IT,DevOps Engineer,Senior,Gurugram,2012-10-20,Active
EMP0037,Sai Malhotra,Male,35,Married,Master's Degree,IT,Data Analyst,Mid,Bengaluru,2024-05-19,Active
EMP0038,Anika Saxena,Female,29,Single,Bachelor's Degree,Sales,Inside Sales Representative,Entry,Kolkata,2025-09-20,Active
EMP0039,Aditya Agarwal,Male,23,Single,Master's Degree,IT,IT Support Engineer,Entry,Kolkata,2025-07-07,Exited
EMP0040,Dhruv Mathur,Male,36,Single,Bachelor's Degree,Operations,Senior Process Associate,Mid,Hyderabad,2020-09-20,Active
EMP0041,Divya Khan,Female,26,Married,Diploma,Sales,Senior Sales Executive,Mid,Kolkata,2024-05-25,Active
EMP0042,Krishna Joshi,Male,33,Single,Master's Degree,Marketing,Brand Manager,Manager,Pune,2020-12-24,Active
EMP0043,Nisha Nair,Female,36,Single,Bachelor's Degree,Operations,Operations Team Lead,Senior,Bengaluru,2018-01-05,Active
EMP0044,Rekha Rastogi,Female,29,Married,Bachelor's Degree,Sales,Business Development Executive,Mid,Delhi NCR,2020-12-24,Active
EMP0045,Rajesh Shah,Male,34,Widowed,Master's Degree,Marketing,Brand Strategist,Senior,Mumbai,2021-03-15,Active
EMP0046,Ajay Yadav,Male,47,Widowed,Bachelor's Degree,Marketing,Marketing Director,Director,Noida,2021-08-13,Active
EMP0047,Ishaan Desai,Male,36,Married,Master's Degree,Sales,Business Development Executive,Mid,Pune,2023-12-23,Active
EMP0048,Vivaan Mukherjee,Male,42,Single,High School,Sales,Senior Business Development Manager,Senior,Gurugram,2022-04-18,Active
EMP0049,Arjun Choudhary,Male,39,Married,Master's Degree,Operations,Operations Manager,Manager,Noida,2009-09-12,Active
EMP0050,Vikram Bhatt,Male,29,Married,Bachelor's Degree,IT,IT Support Engineer,Entry,Bengaluru,2025-06-03,Active
EMP0051,Sunita Dutta,Female,48,Widowed,Bachelor's Degree,IT,Engineering Manager,Manager,Gurugram,2018-10-19,Active
EMP0052,Pari Mehta,Female,28,Married,PhD,IT,IT Support Engineer,Entry,Mumbai,2023-01-07,Active
EMP0053,Reyansh Khan,Male,44,Married,Master's Degree,Marketing,Brand Strategist,Senior,Hyderabad,2024-08-10,Active
EMP0054,Aditya Verma,Male,42,Single,Master's Degree,Operations,Senior Operations Analyst,Senior,Pune,2018-11-17,Active
EMP0055,Myra Rastogi,Female,29,Single,Bachelor's Degree,Operations,Senior Process Associate,Mid,Noida,2021-10-10,Active
EMP0056,Riya Dutta,Female,28,Married,Bachelor's Degree,Marketing,Digital Marketing Specialist,Mid,Gurugram,2021-11-27,Active
EMP0057,Reyansh Mukherjee,Male,33,Widowed,Bachelor's Degree,Sales,Business Development Executive,Mid,Delhi NCR,2022-10-24,Active
EMP0058,Vikram Gupta,Male,26,Married,Bachelor's Degree,Finance,Accounts Executive,Entry,Bengaluru,2025-02-12,Active
EMP0059,Rekha Trivedi,Female,23,Single,Bachelor's Degree,IT,Software Engineer I,Entry,Delhi NCR,2025-04-26,Exited
EMP0060,Myra Yadav,Female,28,Single,Bachelor's Degree,IT,Software Engineer I,Entry,Gurugram,2024-11-24,Active
EMP0061,Sneha Chatterjee,Female,34,Single,High School,Operations,Operations Analyst,Mid,Chennai,2023-06-23,Active
EMP0062,Varun Agarwal,Male,25,Divorced,Master's Degree,Sales,Senior Sales Executive,Mid,Noida,2025-06-25,Exited
EMP0063,Reyansh Trivedi,Male,29,Single,Bachelor's Degree,Finance,Finance Analyst,Entry,Bengaluru,2025-03-19,Active
EMP0064,Suresh Patel,Male,35,Single,Bachelor's Degree,Operations,Operations Manager,Manager,Chennai,2016-04-13,Active
EMP0065,Rajesh Jain,Male,36,Married,Bachelor's Degree,HR,HR Generalist,Mid,Noida,2020-05-28,Active
EMP0066,Kiara Menon,Female,28,Married,High School,Finance,Accountant,Mid,Bengaluru,2022-04-18,Active
EMP0067,Deepak Nair,Male,31,Married,Bachelor's Degree,Finance,Accountant,Mid,Gurugram,2021-04-25,Active
EMP0068,Anjali Yadav,Female,26,Single,Bachelor's Degree,Sales,Sales Executive,Entry,Hyderabad,2025-09-06,Active
EMP0069,Shalini Das,Female,44,Married,Diploma,IT,DevOps Engineer,Senior,Delhi NCR,2018-11-27,Active
EMP0070,Navya Khan,Female,30,Married,Master's Degree,Sales,Business Development Executive,Mid,Hyderabad,2023-02-01,Active
EMP0071,Sneha Choudhary,Female,28,Single,Bachelor's Degree,IT,QA Engineer,Entry,Gurugram,2025-09-18,Active
EMP0072,Divya Agarwal,Female,52,Single,Bachelor's Degree,Sales,VP of Sales,Director,Bengaluru,2010-03-05,Active
EMP0073,Siddharth Pillai,Male,43,Married,Diploma,Customer Support,Support Team Lead,Senior,Noida,2024-02-09,Active
EMP0074,Aryan Pillai,Male,35,Married,Bachelor's Degree,IT,DevOps Engineer,Senior,Bengaluru,2021-04-17,Active
EMP0075,Manish Trivedi,Male,37,Married,Bachelor's Degree,IT,Engineering Manager,Manager,Bengaluru,2011-11-25,Active
EMP0076,Shreya Malhotra,Female,41,Single,Diploma,Sales,Sales Manager,Manager,Bengaluru,2016-04-18,Active
EMP0077,Pooja Rastogi,Female,29,Single,Bachelor's Degree,Sales,Inside Sales Representative,Entry,Pune,2025-09-18,Active
EMP0078,Aryan Pillai,Male,35,Single,Bachelor's Degree,Operations,Operations Analyst,Mid,Delhi NCR,2023-05-18,Active
EMP0079,Vivaan Kumar,Male,29,Married,Diploma,Finance,Senior Finance Analyst,Mid,Mumbai,2024-04-26,Active
EMP0080,Anil Reddy,Male,29,Married,Diploma,Marketing,Marketing Executive,Entry,Mumbai,2024-08-11,Active
EMP0081,Reyansh Saxena,Male,24,Single,Master's Degree,Operations,Operations Executive,Entry,Noida,2024-08-09,Active
EMP0082,Preeti Pillai,Female,26,Married,Bachelor's Degree,Sales,Sales Executive,Entry,Mumbai,2023-03-15,Active
EMP0083,Dhruv Agarwal,Male,33,Divorced,Bachelor's Degree,Marketing,Brand Strategist,Senior,Mumbai,2022-10-26,Active
EMP0084,Swati Joshi,Female,44,Single,Master's Degree,IT,Senior Software Engineer,Senior,Pune,2020-05-19,Active
EMP0085,Sai Menon,Male,43,Single,Bachelor's Degree,IT,DevOps Engineer,Senior,Kolkata,2021-03-13,Active
EMP0086,Krishna Malhotra,Male,27,Single,Bachelor's Degree,IT,IT Support Engineer,Entry,Hyderabad,2025-05-17,Active
EMP0087,Arjun Ghosh,Male,26,Single,Master's Degree,Operations,Process Associate,Entry,Bengaluru,2025-09-16,Active
EMP0088,Sam Mathur,Other,30,Single,Bachelor's Degree,Sales,Business Development Executive,Mid,Mumbai,2021-05-29,Active
EMP0089,Meera Iyer,Female,28,Widowed,Bachelor's Degree,IT,Systems Administrator,Mid,Gurugram,2022-08-07,Active
EMP0090,Varun Choudhary,Male,49,Married,Master's Degree,Finance,Financial Controller,Manager,Bengaluru,2016-04-18,Active
EMP0091,Siddharth Gupta,Male,41,Married,Bachelor's Degree,IT,Technical Lead,Manager,Noida,2023-07-10,Active
EMP0092,Pari Trivedi,Female,36,Divorced,Bachelor's Degree,Operations,Operations Manager,Manager,Hyderabad,2022-05-20,Active
EMP0093,Kavya Ghosh,Female,38,Single,Master's Degree,Sales,Regional Sales Manager,Manager,Delhi NCR,2023-12-23,Active
EMP0094,Vidya Menon,Female,56,Married,Bachelor's Degree,Sales,Sales Director,Director,Bengaluru,2016-11-25,Exited
EMP0095,Neha Trivedi,Female,28,Widowed,Master's Degree,Sales,Business Development Executive,Mid,Chennai,2021-11-28,Active
EMP0096,Ananya Joshi,Female,27,Married,Bachelor's Degree,HR,HR Executive,Entry,Pune,2025-09-15,Active
EMP0097,Deepak Shah,Male,22,Single,Bachelor's Degree,Sales,Sales Executive,Entry,Bengaluru,2025-08-17,Exited
EMP0098,Ira Joshi,Female,27,Married,Bachelor's Degree,IT,Software Engineer II,Mid,Bengaluru,2023-02-16,Exited
EMP0099,Aditya Gupta,Male,28,Single,Bachelor's Degree,IT,QA Engineer,Entry,Hyderabad,2025-09-16,Exited
EMP0100,Navya Chawla,Female,28,Single,Bachelor's Degree,Procurement,Purchase Associate,Entry,Pune,2024-07-08,Active
EMP0101,Riya Pandey,Other,49,Married,Bachelor's Degree,Customer Support,VP of Customer Experience,Director,Bengaluru,2019-11-30,Active
EMP0102,Pooja Rastogi,Female,28,Married,Master's Degree,Operations,Operations Executive,Entry,Mumbai,2025-09-17,Active
EMP0103,Rohan Bose,Male,39,Single,Master's Degree,IT,IT Director,Director,Pune,2016-02-14,Active
EMP0104,Neha Saxena,Female,35,Single,Bachelor's Degree,Procurement,Vendor Manager,Senior,Mumbai,2023-10-22,Active
EMP0105,Nisha Menon,Female,38,Single,Diploma,Marketing,Senior Marketing Specialist,Senior,Bengaluru,2024-06-06,Active
EMP0106,Sunita Rao,Female,44,Single,Master's Degree,Operations,Operations Team Lead,Senior,Pune,2022-09-08,Active
EMP0107,Kavya Banerjee,Female,25,Single,Bachelor's Degree,Sales,Inside Sales Representative,Entry,Kolkata,2024-10-16,Exited
EMP0108,Varun Khan,Male,30,Single,Master's Degree,IT,Senior Software Engineer,Senior,Pune,2022-12-03,Active
EMP0109,Sanjay Khan,Male,29,Single,Diploma,IT,Software Engineer I,Entry,Noida,2025-07-09,Active
EMP0110,Vidya Rastogi,Female,49,Divorced,Bachelor's Degree,Customer Support,Customer Support Manager,Manager,Bengaluru,2022-01-10,Exited
EMP0111,Riya Mehta,Female,26,Married,Bachelor's Degree,Sales,Sales Executive,Entry,Bengaluru,2024-10-27,Active
EMP0112,Nisha Patel,Female,24,Single,High School,IT,Software Engineer I,Entry,Kolkata,2023-12-31,Exited
EMP0113,Pari Chawla,Female,35,Single,Master's Degree,Sales,Senior Business Development Manager,Senior,Delhi NCR,2022-06-05,Active
EMP0114,Vihaan Iyer,Male,39,Single,Bachelor's Degree,Finance,Senior Accountant,Senior,Delhi NCR,2020-12-05,Active
EMP0115,Amit Desai,Male,28,Married,Master's Degree,IT,Data Analyst,Mid,Pune,2023-10-19,Active
EMP0116,Ananya Mukherjee,Female,36,Widowed,Bachelor's Degree,Customer Support,Technical Support Engineer,Mid,Gurugram,2022-03-06,Exited
EMP0117,Reyansh Das,Male,24,Single,Master's Degree,Operations,Operations Executive,Entry,Chennai,2024-10-21,Active
EMP0118,Pari Malhotra,Female,37,Divorced,Bachelor's Degree,Operations,Operations Team Lead,Senior,Bengaluru,2017-03-20,Active
EMP0119,Kavya Mathur,Female,26,Single,Bachelor's Degree,Sales,Sales Executive,Entry,Bengaluru,2024-09-06,Active
EMP0120,Saanvi Saxena,Female,24,Single,Master's Degree,HR,Talent Acquisition Associate,Entry,Noida,2025-09-06,Active
EMP0121,Harsh Kapoor,Male,22,Single,Bachelor's Degree,HR,Talent Acquisition Associate,Entry,Bengaluru,2025-08-01,Active
EMP0122,Sunita Menon,Female,23,Single,Bachelor's Degree,HR,Talent Acquisition Associate,Entry,Pune,2025-09-16,Active
EMP0123,Nikhil Dutta,Male,24,Single,Bachelor's Degree,IT,IT Support Engineer,Entry,Bengaluru,2025-08-18,Exited
EMP0124,Amit Desai,Male,33,Single,Bachelor's Degree,Sales,Senior Sales Executive,Mid,Pune,2024-03-05,Active
EMP0125,Yash Kapoor,Male,29,Married,Diploma,IT,Software Engineer I,Entry,Pune,2025-09-05,Exited
EMP0126,Sai Malhotra,Male,26,Single,Bachelor's Degree,Finance,Finance Analyst,Entry,Bengaluru,2024-10-20,Active
EMP0127,Sunita Shah,Female,26,Married,Master's Degree,Sales,Business Development Executive,Mid,Bengaluru,2023-10-14,Exited
EMP0128,Anjali Gupta,Female,24,Single,Master's Degree,IT,QA Engineer,Entry,Pune,2024-10-10,Active
EMP0129,Rohan Bose,Male,31,Single,Master's Degree,IT,DevOps Engineer,Senior,Mumbai,2021-01-10,Exited
EMP0130,Isha Ghosh,Female,34,Single,Master's Degree,HR,HR Manager,Manager,Gurugram,2018-02-08,Active
EMP0131,Siddharth Nair,Male,26,Single,Bachelor's Degree,IT,Systems Administrator,Mid,Gurugram,2023-03-07,Active
EMP0132,Shalini Singh,Female,38,Married,Master's Degree,Customer Support,Support Operations Manager,Manager,Bengaluru,2024-05-23,Active
EMP0133,Swati Rana,Female,26,Single,Bachelor's Degree,HR,HR Executive,Entry,Pune,2025-09-21,Active
EMP0134,Navya Jain,Female,23,Married,Master's Degree,Sales,Sales Executive,Entry,Noida,2024-03-24,Active
EMP0135,Vivaan Jain,Male,33,Married,Bachelor's Degree,HR,HR Business Partner,Senior,Delhi NCR,2020-03-19,Active
EMP0136,Karan Gupta,Male,33,Single,Bachelor's Degree,IT,Senior Software Engineer,Senior,Noida,2019-04-22,Active
EMP0137,Rajesh Mathur,Male,47,Married,Bachelor's Degree,Customer Support,Customer Support Manager,Manager,Kolkata,2020-09-21,Active
EMP0138,Aadhya Chawla,Female,22,Single,High School,Finance,Finance Analyst,Entry,Hyderabad,2025-09-18,Exited
EMP0139,Pallavi Bhatt,Female,37,Single,Bachelor's Degree,Marketing,Brand Strategist,Senior,Bengaluru,2021-02-06,Active
EMP0140,Harsh Das,Male,30,Single,Master's Degree,IT,Software Engineer II,Mid,Bengaluru,2024-03-09,Active
EMP0141,Suresh Malhotra,Male,27,Married,Bachelor's Degree,Finance,Finance Analyst,Entry,Bengaluru,2024-05-26,Exited
EMP0142,Riya Yadav,Female,23,Single,High School,Finance,Accounts Executive,Entry,Gurugram,2024-07-01,Active
EMP0143,Gaurav Saxena,Male,49,Married,Master's Degree,Customer Support,Customer Support Director,Director,Bengaluru,2008-02-02,Active
EMP0144,Riya Rana,Female,25,Single,Master's Degree,Finance,Finance Analyst,Entry,Kolkata,2025-06-29,Active
EMP0145,Shreya Jain,Female,30,Single,Master's Degree,Sales,Key Account Manager,Senior,Delhi NCR,2023-02-13,Active
EMP0146,Sai Das,Male,32,Single,Bachelor's Degree,IT,Software Engineer II,Mid,Kolkata,2022-07-08,Active
EMP0147,Harsh Kapoor,Male,31,Single,Bachelor's Degree,Sales,Key Account Manager,Senior,Mumbai,2024-04-28,Exited
EMP0148,Amit Trivedi,Male,30,Single,Master's Degree,Finance,Senior Accountant,Senior,Hyderabad,2021-10-28,Active
EMP0149,Rohan Kumar,Male,36,Single,Diploma,Sales,Sales Manager,Manager,Bengaluru,2019-11-19,Active
EMP0150,Saanvi Shah,Female,27,Single,Bachelor's Degree,IT,IT Support Engineer,Entry,Gurugram,2024-02-03,Active
EMP0151,Divya Naidu,Female,23,Married,Bachelor's Degree,Marketing,Marketing Executive,Entry,Bengaluru,2025-02-03,Active
EMP0152,Rohan Menon,Male,36,Single,Master's Degree,Customer Support,Technical Support Engineer,Mid,Chennai,2022-08-09,Active
EMP0153,Reyansh Trivedi,Male,34,Divorced,Bachelor's Degree,IT,Systems Administrator,Mid,Bengaluru,2020-08-17,Exited
EMP0154,Amit Iyer,Male,22,Married,Master's Degree,Finance,Accounts Executive,Entry,Delhi NCR,2025-05-29,Exited
EMP0155,Siddharth Chatterjee,Male,24,Married,Master's Degree,IT,QA Engineer,Entry,Pune,2025-06-03,Active
EMP0156,Pallavi Kumar,Female,25,Single,PhD,Operations,Operations Executive,Entry,Delhi NCR,2024-05-17,Active
EMP0157,Pallavi Malhotra,Female,25,Single,Bachelor's Degree,Sales,Inside Sales Representative,Entry,Noida,2023-01-03,Active
EMP0158,Myra Rastogi,Female,28,Married,Bachelor's Degree,Operations,Operations Executive,Entry,Bengaluru,2024-08-16,Active
EMP0159,Suresh Joshi,Male,39,Single,Master's Degree,Operations,Operations Manager,Manager,Chennai,2011-07-08,Active
EMP0160,Arjun Kapoor,Male,24,Single,PhD,Operations,Process Associate,Entry,Delhi NCR,2024-04-17,Active
EMP0161,Siddharth Iyer,Male,59,Divorced,Master's Degree,IT,IT Director,Director,Pune,2018-05-28,Active
EMP0162,Jordan Naidu,Other,49,Single,Bachelor's Degree,Customer Support,Customer Support Director,Director,Kolkata,2004-10-29,Active
EMP0163,Shreya Rana,Female,29,Single,Bachelor's Degree,IT,Software Engineer I,Entry,Noida,2024-10-23,Active
EMP0164,Anika Saxena,Female,40,Married,Bachelor's Degree,IT,Senior Software Engineer,Senior,Bengaluru,2015-09-10,Exited
EMP0165,Dhruv Mehta,Male,27,Single,Bachelor's Degree,Finance,Accountant,Mid,Bengaluru,2024-10-19,Active
EMP0166,Varun Ghosh,Male,42,Married,Bachelor's Degree,Sales,Senior Business Development Manager,Senior,Chennai,2019-07-02,Exited
EMP0167,Shreya Singh,Female,27,Married,Bachelor's Degree,Marketing,Digital Marketing Associate,Entry,Delhi NCR,2024-11-22,Exited
EMP0168,Gaurav Verma,Male,26,Married,Bachelor's Degree,Marketing,Marketing Executive,Entry,Mumbai,2024-08-03,Active
EMP0169,Diya Patel,Female,26,Single,Diploma,Sales,Inside Sales Representative,Entry,Bengaluru,2025-08-10,Active
EMP0170,Manish Rao,Male,35,Single,Bachelor's Degree,Customer Support,Senior Support Associate,Mid,Mumbai,2024-03-10,Active
EMP0171,Taran Patel,Other,41,Married,Bachelor's Degree,Sales,VP of Sales,Director,Hyderabad,2017-07-30,Active
EMP0172,Rajesh Saxena,Male,42,Single,High School,Finance,Financial Analyst Lead,Senior,Bengaluru,2020-12-03,Active
EMP0173,Preeti Singh,Female,41,Married,Bachelor's Degree,IT,Data Scientist,Senior,Pune,2021-02-01,Active
EMP0174,Aditya Rastogi,Male,42,Married,Bachelor's Degree,Customer Support,Customer Support Director,Director,Bengaluru,2008-10-25,Active
EMP0175,Karan Khan,Male,32,Married,Bachelor's Degree,IT,Senior Software Engineer,Senior,Delhi NCR,2022-10-28,Active
EMP0176,Sai Choudhary,Male,26,Single,Bachelor's Degree,IT,Software Engineer I,Entry,Delhi NCR,2025-03-20,Active
EMP0177,Vihaan Kapoor,Male,38,Married,Bachelor's Degree,Sales,Regional Sales Manager,Manager,Gurugram,2018-09-05,Active
EMP0178,Saanvi Rastogi,Female,32,Single,Diploma,Procurement,Procurement Analyst,Mid,Bengaluru,2019-11-24,Active
EMP0179,Isha Reddy,Female,22,Single,Diploma,Customer Support,Customer Support Associate,Entry,Bengaluru,2025-07-03,Active
EMP0180,Kavya Menon,Female,29,Single,Bachelor's Degree,Operations,Senior Process Associate,Mid,Gurugram,2023-02-12,Active
EMP0181,Noor Kapoor,Other,49,Married,PhD,Customer Support,Support Operations Manager,Manager,Delhi NCR,2015-11-25,Active
EMP0182,Sneha Yadav,Female,29,Married,Diploma,Customer Support,Customer Support Associate,Entry,Bengaluru,2025-08-08,Active
EMP0183,Amit Trivedi,Male,34,Single,Master's Degree,Finance,Accountant,Mid,Gurugram,2022-04-23,Active
EMP0184,Preeti Yadav,Female,26,Single,Bachelor's Degree,Sales,Sales Executive,Entry,Pune,2025-09-14,Exited
EMP0185,Varun Malhotra,Male,23,Single,Bachelor's Degree,Marketing,Marketing Executive,Entry,Hyderabad,2024-04-15,Exited
EMP0186,Shreya Bhatt,Female,25,Single,Diploma,Operations,Process Associate,Entry,Gurugram,2025-09-11,Exited
EMP0187,Reyansh Yadav,Male,34,Single,Bachelor's Degree,Sales,Key Account Manager,Senior,Pune,2022-03-25,Active
EMP0188,Sunita Bose,Female,43,Single,Master's Degree,IT,Technical Lead,Manager,Pune,2018-09-17,Active
EMP0189,Suresh Kapoor,Male,26,Married,Master's Degree,Operations,Operations Executive,Entry,Noida,2025-09-22,Active
EMP0190,Ishaan Rana,Male,27,Married,Bachelor's Degree,IT,IT Support Engineer,Entry,Bengaluru,2024-11-16,Active
EMP0191,Anil Bose,Male,26,Single,Bachelor's Degree,Customer Support,Technical Support Associate,Entry,Mumbai,2024-04-24,Active
EMP0192,Nikhil Agarwal,Male,27,Single,Bachelor's Degree,IT,QA Engineer,Entry,Bengaluru,2025-09-03,Active
EMP0193,Vivaan Gupta,Male,27,Married,Bachelor's Degree,IT,Data Analyst,Mid,Kolkata,2021-10-25,Active
EMP0194,Suresh Mehta,Male,31,Single,Bachelor's Degree,Marketing,Senior Marketing Specialist,Senior,Hyderabad,2022-11-29,Exited
EMP0195,Aditya Saxena,Male,38,Married,Bachelor's Degree,IT,Senior Software Engineer,Senior,Chennai,2023-04-23,Exited
EMP0196,Isha Rao,Female,35,Married,Master's Degree,IT,Data Analyst,Mid,Pune,2023-04-12,Active
EMP0197,Rahul Joshi,Male,28,Married,Master's Degree,HR,HR Generalist,Mid,Noida,2022-04-30,Exited
EMP0198,Saanvi Ghosh,Female,23,Single,Bachelor's Degree,Customer Support,Technical Support Associate,Entry,Gurugram,2025-08-02,Active
EMP0199,Aryan Chawla,Male,28,Single,Master's Degree,IT,QA Engineer,Entry,Hyderabad,2025-06-29,Active
EMP0200,Diya Yadav,Female,40,Married,Master's Degree,Sales,Sales Manager,Manager,Delhi NCR,2012-03-21,Exited
EMP0201,Aarav Rastogi,Male,30,Married,Bachelor's Degree,Marketing,Brand Strategist,Senior,Hyderabad,2021-09-06,Active
EMP0202,Sanjay Pillai,Male,38,Widowed,Master's Degree,Procurement,Sourcing Manager,Manager,Bengaluru,2019-10-19,Active
EMP0203,Ishaan Iyer,Male,33,Married,Bachelor's Degree,Finance,Financial Controller,Manager,Hyderabad,2019-05-27,Active
EMP0204,Priya Kulkarni,Female,37,Married,Diploma,IT,Senior Software Engineer,Senior,Gurugram,2023-02-10,Active
EMP0205,Suresh Patel,Male,37,Married,Master's Degree,IT,Technical Lead,Manager,Bengaluru,2014-10-22,Active
EMP0206,Aarav Choudhary,Male,25,Single,Master's Degree,IT,Systems Administrator,Mid,Delhi NCR,2025-01-31,Active
EMP0207,Nikhil Rana,Male,24,Single,Bachelor's Degree,IT,Software Engineer I,Entry,Gurugram,2025-09-03,Active
EMP0208,Anil Choudhary,Male,29,Married,Bachelor's Degree,Operations,Process Associate,Entry,Hyderabad,2025-01-29,Active
EMP0209,Nikhil Jain,Male,29,Married,Bachelor's Degree,IT,IT Support Engineer,Entry,Bengaluru,2025-03-18,Exited
EMP0210,Sneha Malhotra,Female,27,Single,High School,Finance,Finance Analyst,Entry,Delhi NCR,2025-09-10,Active
EMP0211,Sai Yadav,Male,34,Married,Bachelor's Degree,Operations,Senior Process Associate,Mid,Bengaluru,2021-04-10,Active
EMP0212,Pallavi Menon,Female,44,Single,Bachelor's Degree,HR,HR Business Partner,Senior,Bengaluru,2014-09-11,Active
EMP0213,Karan Kapoor,Male,42,Single,Bachelor's Degree,IT,Senior Software Engineer,Senior,Bengaluru,2017-10-30,Exited
EMP0214,Ajay Patel,Male,28,Married,Bachelor's Degree,Marketing,Content Strategist,Mid,Hyderabad,2020-11-20,Active
EMP0215,Kabir Ghosh,Male,22,Single,Master's Degree,Operations,Operations Executive,Entry,Gurugram,2025-09-12,Active
EMP0216,Rajesh Singh,Male,43,Married,Bachelor's Degree,Operations,Senior Operations Analyst,Senior,Hyderabad,2015-04-21,Active
EMP0217,Vihaan Agarwal,Male,26,Single,Bachelor's Degree,IT,Software Engineer II,Mid,Chennai,2022-07-13,Exited
EMP0218,Meera Rastogi,Female,22,Single,Diploma,IT,QA Engineer,Entry,Gurugram,2025-07-03,Active
EMP0219,Saanvi Sharma,Female,27,Married,Master's Degree,Customer Support,Technical Support Associate,Entry,Kolkata,2024-08-02,Exited
EMP0220,Aryan Choudhary,Male,27,Single,Bachelor's Degree,Sales,Inside Sales Representative,Entry,Delhi NCR,2025-08-07,Active
EMP0221,Aarav Nair,Male,29,Divorced,Bachelor's Degree,Sales,Inside Sales Representative,Entry,Bengaluru,2025-09-18,Active
EMP0222,Pooja Singh,Female,32,Single,PhD,Finance,Senior Accountant,Senior,Bengaluru,2016-03-08,Active
EMP0223,Suresh Verma,Male,41,Married,Bachelor's Degree,Operations,Operations Team Lead,Senior,Hyderabad,2015-02-08,Active
EMP0224,Gaurav Nair,Male,42,Single,Bachelor's Degree,Customer Support,Support Team Lead,Senior,Gurugram,2017-08-05,Active
EMP0225,Sneha Rana,Female,29,Married,Bachelor's Degree,Sales,Sales Executive,Entry,Delhi NCR,2025-01-11,Active
EMP0226,Manish Rana,Male,41,Married,Bachelor's Degree,Customer Support,Support Team Lead,Senior,Hyderabad,2019-07-10,Active
EMP0227,Aarav Naidu,Male,31,Married,Bachelor's Degree,IT,Senior Software Engineer,Senior,Gurugram,2021-07-08,Active
EMP0228,Aditya Ghosh,Male,26,Single,Master's Degree,Finance,Accounts Executive,Entry,Hyderabad,2025-03-23,Active
EMP0229,Ira Saxena,Female,29,Single,Bachelor's Degree,HR,HR Business Partner,Senior,Delhi NCR,2024-11-27,Active
EMP0230,Vihaan Chawla,Male,33,Single,Bachelor's Degree,IT,Data Analyst,Mid,Hyderabad,2020-09-15,Active
EMP0231,Kavya Agarwal,Female,29,Married,High School,IT,Software Engineer II,Mid,Hyderabad,2020-04-29,Active
EMP0232,Nikhil Verma,Male,22,Single,Master's Degree,Sales,Inside Sales Representative,Entry,Mumbai,2025-06-29,Active
EMP0233,Rohan Naidu,Male,29,Single,Bachelor's Degree,Procurement,Procurement Analyst,Mid,Kolkata,2023-04-21,Active
EMP0234,Varun Rana,Male,29,Single,High School,HR,HR Executive,Entry,Delhi NCR,2024-07-04,Active
EMP0235,Shreya Kumar,Female,26,Single,Bachelor's Degree,Customer Support,Technical Support Associate,Entry,Pune,2025-09-18,Exited
EMP0236,Rahul Joshi,Male,25,Married,Master's Degree,Marketing,Marketing Executive,Entry,Mumbai,2025-08-10,Exited
EMP0237,Neha Banerjee,Female,49,Single,Bachelor's Degree,Sales,VP of Sales,Director,Pune,2010-12-03,Active
EMP0238,Gaurav Mukherjee,Male,23,Single,Bachelor's Degree,Marketing,Digital Marketing Associate,Entry,Bengaluru,2025-06-24,Active
EMP0239,Aarav Naidu,Male,36,Married,Bachelor's Degree,IT,Data Analyst,Mid,Gurugram,2024-02-07,Active
EMP0240,Manish Mukherjee,Male,24,Single,PhD,IT,Software Engineer I,Entry,Hyderabad,2023-09-06,Active
EMP0241,Siddharth Khan,Male,34,Single,Bachelor's Degree,Marketing,Marketing Manager,Manager,Mumbai,2019-01-31,Active
EMP0242,Harsh Saxena,Male,30,Married,Master's Degree,Marketing,Digital Marketing Specialist,Mid,Bengaluru,2024-08-09,Active
EMP0243,Riya Verma,Female,48,Divorced,Diploma,IT,Technical Lead,Manager,Noida,2022-08-10,Active
EMP0244,Divya Trivedi,Female,25,Single,Bachelor's Degree,Finance,Finance Analyst,Entry,Bengaluru,2025-09-08,Exited
EMP0245,Pallavi Rastogi,Female,24,Single,Bachelor's Degree,HR,HR Executive,Entry,Hyderabad,2024-03-17,Active
EMP0246,Vidya Agarwal,Female,32,Married,Bachelor's Degree,Customer Support,Technical Support Engineer,Mid,Pune,2024-10-21,Active
EMP0247,Vihaan Kapoor,Male,34,Single,Bachelor's Degree,HR,HR Generalist,Mid,Gurugram,2022-04-23,Active
EMP0248,Ira Yadav,Female,43,Single,Bachelor's Degree,Sales,Key Account Manager,Senior,Kolkata,2020-10-18,Active
EMP0249,Sanjay Pillai,Male,41,Married,Bachelor's Degree,Sales,Regional Sales Manager,Manager,Bengaluru,2015-06-05,Active
EMP0250,Neha Nair,Female,35,Single,Bachelor's Degree,Sales,Senior Sales Executive,Mid,Bengaluru,2024-11-30,Active
EMP0251,Ananya Das,Female,40,Married,Bachelor's Degree,Operations,Operations Director,Director,Delhi NCR,2016-03-11,Active
EMP0252,Krishna Kumar,Male,28,Married,Bachelor's Degree,Customer Support,Senior Support Associate,Mid,Hyderabad,2021-08-08,Active
EMP0253,Vidya Malhotra,Female,23,Single,Bachelor's Degree,Sales,Inside Sales Representative,Entry,Bengaluru,2025-09-09,Active
EMP0254,Shreya Patel,Female,34,Married,Master's Degree,IT,Software Engineer II,Mid,Hyderabad,2023-04-18,Active
EMP0255,Deepak Jain,Male,28,Single,Bachelor's Degree,IT,IT Support Engineer,Entry,Hyderabad,2024-10-24,Active
EMP0256,Divya Joshi,Female,32,Single,Bachelor's Degree,Operations,Senior Operations Analyst,Senior,Mumbai,2023-03-16,Active
EMP0257,Vikram Yadav,Male,26,Single,Bachelor's Degree,Marketing,Digital Marketing Associate,Entry,Pune,2025-04-29,Active
EMP0258,Suresh Kapoor,Male,26,Married,Master's Degree,IT,QA Engineer,Entry,Hyderabad,2024-06-27,Active
EMP0259,Rajesh Khan,Male,31,Single,High School,IT,Software Engineer II,Mid,Hyderabad,2022-10-21,Active
EMP0260,Rohan Dutta,Male,29,Single,Bachelor's Degree,HR,HR Executive,Entry,Hyderabad,2025-08-13,Active
EMP0261,Siddharth Patel,Male,26,Single,Bachelor's Degree,IT,Software Engineer I,Entry,Noida,2023-09-13,Active
EMP0262,Vidya Malhotra,Female,43,Single,Master's Degree,Marketing,Senior Marketing Specialist,Senior,Mumbai,2021-03-25,Active
EMP0263,Aryan Mehta,Male,27,Married,High School,Sales,Sales Executive,Entry,Noida,2025-09-15,Exited
EMP0264,Harsh Trivedi,Male,30,Widowed,Bachelor's Degree,IT,Data Analyst,Mid,Kolkata,2023-09-05,Active
EMP0265,Ananya Jain,Female,25,Single,Diploma,Customer Support,Customer Support Associate,Entry,Mumbai,2025-02-08,Active
EMP0266,Vihaan Singh,Male,25,Single,Bachelor's Degree,IT,IT Support Engineer,Entry,Chennai,2025-01-04,Active
EMP0267,Riya Shah,Female,25,Single,Bachelor's Degree,Sales,Sales Executive,Entry,Bengaluru,2025-09-14,Active
EMP0268,Amit Menon,Male,37,Married,Diploma,IT,Senior Software Engineer,Senior,Hyderabad,2023-04-26,Active
EMP0269,Riya Trivedi,Female,50,Married,Bachelor's Degree,IT,IT Director,Director,Delhi NCR,2022-02-13,Active
EMP0270,Myra Saxena,Female,27,Married,Diploma,IT,Software Engineer I,Entry,Hyderabad,2025-08-09,Exited
EMP0271,Reyansh Verma,Male,40,Single,PhD,IT,VP of Engineering,Director,Delhi NCR,2014-06-30,Active
EMP0272,Karan Das,Male,36,Married,Bachelor's Degree,IT,Software Engineer II,Mid,Chennai,2021-07-07,Active
EMP0273,Sai Pillai,Male,44,Single,Diploma,IT,Senior Software Engineer,Senior,Kolkata,2019-07-09,Active
EMP0274,Preeti Desai,Female,36,Single,Bachelor's Degree,HR,HR Business Partner,Senior,Mumbai,2022-09-09,Active
EMP0275,Anjali Iyer,Female,35,Divorced,Bachelor's Degree,Operations,Operations Team Lead,Senior,Gurugram,2022-08-08,Active
EMP0276,Aditya Chatterjee,Male,29,Married,High School,Sales,Key Account Manager,Senior,Delhi NCR,2022-02-11,Exited
EMP0277,Sanjay Chawla,Male,36,Single,Diploma,Sales,Business Development Executive,Mid,Pune,2019-12-25,Active
EMP0278,Diya Kapoor,Female,36,Married,Bachelor's Degree,Finance,Accountant,Mid,Pune,2024-11-15,Active
EMP0279,Aryan Pandey,Male,24,Single,Master's Degree,Customer Support,Customer Support Associate,Entry,Delhi NCR,2024-11-18,Active
EMP0280,Anika Kapoor,Female,26,Single,Master's Degree,Customer Support,Customer Support Associate,Entry,Pune,2022-07-08,Active
EMP0281,Pallavi Joshi,Female,38,Married,Diploma,IT,DevOps Engineer,Senior,Gurugram,2018-11-16,Active
EMP0282,Sanjay Ghosh,Male,28,Married,Bachelor's Degree,IT,Software Engineer I,Entry,Bengaluru,2024-10-23,Active
EMP0283,Nikhil Kumar,Male,27,Single,Bachelor's Degree,IT,IT Support Engineer,Entry,Gurugram,2024-09-22,Exited
EMP0284,Yash Shah,Male,29,Married,Bachelor's Degree,IT,Software Engineer I,Entry,Mumbai,2024-03-14,Active
EMP0285,Harsh Rana,Male,29,Single,Bachelor's Degree,Finance,Accounts Executive,Entry,Bengaluru,2025-03-05,Active
EMP0286,Divya Bose,Female,29,Married,Bachelor's Degree,Sales,Senior Sales Executive,Mid,Noida,2022-10-30,Active
EMP0287,Anjali Pandey,Female,28,Widowed,Bachelor's Degree,IT,Data Analyst,Mid,Mumbai,2022-01-11,Active
EMP0288,Aadhya Iyer,Female,32,Married,Bachelor's Degree,Sales,Business Development Executive,Mid,Gurugram,2023-12-06,Active
EMP0289,Aditya Verma,Male,22,Single,Bachelor's Degree,Finance,Finance Analyst,Entry,Bengaluru,2025-09-06,Exited
EMP0290,Deepak Patel,Male,31,Single,Bachelor's Degree,IT,Data Analyst,Mid,Bengaluru,2025-04-26,Exited
EMP0291,Saanvi Khan,Female,30,Married,High School,Marketing,Content Strategist,Mid,Chennai,2022-10-20,Exited
EMP0292,Ishaan Trivedi,Male,35,Widowed,Bachelor's Degree,IT,Data Scientist,Senior,Mumbai,2022-06-05,Active
EMP0293,Varun Agarwal,Male,32,Single,Bachelor's Degree,Customer Support,Senior Support Associate,Mid,Hyderabad,2021-11-16,Active
EMP0294,Harsh Mathur,Male,33,Single,Bachelor's Degree,IT,Systems Administrator,Mid,Mumbai,2020-09-08,Active
EMP0295,Myra Iyer,Female,30,Single,Bachelor's Degree,Marketing,Content Strategist,Mid,Pune,2021-12-31,Active
EMP0296,Neha Choudhary,Female,45,Married,PhD,Customer Support,Customer Support Director,Director,Kolkata,2014-09-06,Exited
EMP0297,Sanjay Patel,Male,29,Single,Bachelor's Degree,Procurement,Vendor Manager,Senior,Bengaluru,2019-08-14,Active
EMP0298,Pari Das,Female,25,Married,Master's Degree,Marketing,Content Strategist,Mid,Mumbai,2024-04-22,Active
EMP0299,Ishaan Khan,Male,33,Single,Bachelor's Degree,Marketing,Content Strategist,Mid,Hyderabad,2019-11-16,Active
EMP0300,Aryan Bose,Male,22,Single,Master's Degree,HR,Talent Acquisition Associate,Entry,Bengaluru,2025-07-02,Active
EMP0301,Vivaan Rao,Male,36,Single,Master's Degree,Marketing,Brand Manager,Manager,Gurugram,2012-01-05,Active
EMP0302,Nisha Shah,Female,29,Married,Bachelor's Degree,IT,IT Support Engineer,Entry,Bengaluru,2024-08-06,Active
EMP0303,Aditya Desai,Male,26,Divorced,Master's Degree,Finance,Finance Analyst,Entry,Hyderabad,2022-05-18,Active
EMP0304,Arjun Gupta,Male,56,Married,Master's Degree,Finance,VP of Finance,Director,Mumbai,2010-09-23,Active
EMP0305,Dhruv Choudhary,Male,42,Single,Diploma,Customer Support,Support Team Lead,Senior,Pune,2018-09-04,Active
EMP0306,Divya Desai,Female,23,Married,Bachelor's Degree,Sales,Sales Executive,Entry,Chennai,2025-01-02,Active
EMP0307,Saanvi Singh,Female,29,Single,Bachelor's Degree,Sales,Inside Sales Representative,Entry,Delhi NCR,2023-04-30,Active
EMP0308,Kabir Singh,Male,23,Married,PhD,HR,HR Executive,Entry,Bengaluru,2025-06-22,Exited
EMP0309,Shreya Shah,Female,32,Single,Bachelor's Degree,IT,Systems Administrator,Mid,Bengaluru,2024-02-06,Active
EMP0310,Siddharth Khan,Male,29,Single,High School,IT,QA Engineer,Entry,Delhi NCR,2024-01-08,Active
EMP0311,Manish Mukherjee,Male,43,Married,Master's Degree,Sales,Sales Manager,Manager,Hyderabad,2014-07-10,Exited
EMP0312,Sneha Desai,Female,50,Married,Master's Degree,Sales,Sales Manager,Manager,Bengaluru,2010-12-05,Active
EMP0313,Anjali Das,Female,25,Single,Bachelor's Degree,IT,Data Analyst,Mid,Kolkata,2025-05-26,Active
EMP0314,Vivaan Naidu,Male,27,Married,Bachelor's Degree,Sales,Senior Sales Executive,Mid,Gurugram,2021-03-20,Active
EMP0315,Manish Rao,Male,22,Single,Master's Degree,Sales,Inside Sales Representative,Entry,Hyderabad,2025-09-17,Active
EMP0316,Siddharth Gupta,Male,24,Single,Bachelor's Degree,Sales,Sales Executive,Entry,Bengaluru,2024-11-24,Active
EMP0317,Manish Pandey,Male,43,Single,Bachelor's Degree,Sales,Key Account Manager,Senior,Noida,2020-11-15,Active
EMP0318,Saanvi Pandey,Female,23,Single,Diploma,Operations,Operations Executive,Entry,Delhi NCR,2025-07-31,Exited
EMP0319,Diya Kumar,Female,25,Single,Bachelor's Degree,Sales,Sales Executive,Entry,Hyderabad,2025-09-21,Active
EMP0320,Suresh Banerjee,Male,29,Single,Master's Degree,Customer Support,Technical Support Associate,Entry,Mumbai,2023-03-18,Exited
EMP0321,Vidya Mathur,Female,29,Single,Bachelor's Degree,Customer Support,Customer Support Associate,Entry,Chennai,2025-09-19,Active
EMP0322,Vidya Rao,Female,32,Single,Bachelor's Degree,Finance,Senior Finance Analyst,Mid,Bengaluru,2020-11-28,Active
EMP0323,Sai Patel,Male,34,Single,Bachelor's Degree,Sales,Key Account Manager,Senior,Gurugram,2014-12-24,Exited
EMP0324,Nikhil Menon,Male,40,Married,Master's Degree,Finance,Financial Analyst Lead,Senior,Noida,2021-01-04,Active
EMP0325,Ritu Singh,Female,30,Single,Bachelor's Degree,Marketing,Content Strategist,Mid,Mumbai,2023-08-05,Active
EMP0326,Sai Jain,Male,34,Divorced,Master's Degree,Operations,Operations Manager,Manager,Kolkata,2023-10-13,Active
EMP0327,Isha Malhotra,Female,32,Married,High School,Marketing,Digital Marketing Specialist,Mid,Hyderabad,2024-03-20,Active
EMP0328,Rohan Bhatt,Male,36,Married,Master's Degree,Finance,Financial Controller,Manager,Gurugram,2017-09-14,Active
EMP0329,Rekha Ghosh,Female,25,Single,Bachelor's Degree,HR,HR Generalist,Mid,Pune,2024-03-08,Exited
EMP0330,Harsh Menon,Male,26,Single,Bachelor's Degree,Sales,Inside Sales Representative,Entry,Pune,2025-08-12,Active
EMP0331,Ananya Rastogi,Female,46,Married,Master's Degree,Operations,Process Excellence Manager,Manager,Delhi NCR,2014-05-23,Active
EMP0332,Sneha Verma,Female,23,Single,Bachelor's Degree,IT,QA Engineer,Entry,Delhi NCR,2024-09-20,Active
EMP0333,Arjun Das,Male,22,Single,Bachelor's Degree,Operations,Process Associate,Entry,Pune,2025-09-04,Exited
EMP0334,Pari Malhotra,Female,23,Single,Bachelor's Degree,Customer Support,Technical Support Associate,Entry,Pune,2024-10-28,Exited
EMP0335,Isha Chatterjee,Female,36,Married,High School,IT,Systems Administrator,Mid,Mumbai,2023-09-10,Active
EMP0336,Aditya Reddy,Male,33,Married,Bachelor's Degree,HR,HR Generalist,Mid,Kolkata,2024-01-28,Active
EMP0337,Varun Chatterjee,Male,27,Single,Master's Degree,IT,Systems Administrator,Mid,Noida,2025-04-28,Active
EMP0338,Diya Naidu,Female,33,Single,Bachelor's Degree,Operations,Operations Manager,Manager,Pune,2022-03-15,Active
EMP0339,Preeti Rao,Female,27,Married,Master's Degree,IT,Software Engineer I,Entry,Pune,2024-09-04,Active
EMP0340,Varun Naidu,Male,36,Married,PhD,Customer Support,Technical Support Engineer,Mid,Chennai,2023-04-30,Active
EMP0341,Navya Saxena,Female,27,Married,Bachelor's Degree,IT,Data Analyst,Mid,Gurugram,2022-09-18,Active
EMP0342,Dhruv Jain,Male,43,Married,Master's Degree,Customer Support,Senior Technical Support Engineer,Senior,Delhi NCR,2023-01-29,Active
EMP0343,Vihaan Shah,Male,27,Married,Bachelor's Degree,Marketing,Marketing Executive,Entry,Gurugram,2023-09-22,Active
EMP0344,Swati Trivedi,Female,29,Single,Bachelor's Degree,HR,HR Executive,Entry,Bengaluru,2025-04-10,Active
EMP0345,Aarav Mehta,Male,35,Single,Diploma,Marketing,Content Strategist,Mid,Bengaluru,2023-12-28,Active
EMP0346,Siddharth Dutta,Male,35,Single,Bachelor's Degree,Marketing,Senior Marketing Specialist,Senior,Hyderabad,2019-10-26,Active
EMP0347,Rajesh Naidu,Male,33,Single,Bachelor's Degree,Customer Support,Senior Technical Support Engineer,Senior,Mumbai,2025-08-14,Active
EMP0348,Aryan Gupta,Male,34,Married,Master's Degree,IT,Data Analyst,Mid,Gurugram,2024-04-24,Active
EMP0349,Anil Saxena,Male,32,Married,PhD,HR,HR Business Partner,Senior,Noida,2024-01-01,Active
EMP0350,Sneha Agarwal,Female,33,Married,Bachelor's Degree,IT,Data Analyst,Mid,Chennai,2021-03-05,Active
EMP0351,Krishna Joshi,Male,29,Single,Bachelor's Degree,HR,HR Executive,Entry,Hyderabad,2024-11-19,Active
EMP0352,Navya Pillai,Female,24,Single,Master's Degree,IT,IT Support Engineer,Entry,Gurugram,2023-09-24,Active
EMP0353,Myra Ghosh,Female,26,Single,Master's Degree,Finance,Accounts Executive,Entry,Kolkata,2024-05-25,Exited
EMP0354,Krishna Naidu,Male,27,Single,Bachelor's Degree,Finance,Accounts Executive,Entry,Hyderabad,2024-09-17,Active
EMP0355,Amit Chawla,Male,29,Married,Master's Degree,Sales,Business Development Executive,Mid,Bengaluru,2023-04-20,Exited
EMP0356,Anika Kumar,Female,33,Single,Bachelor's Degree,Finance,Accountant,Mid,Chennai,2021-10-21,Active
EMP0357,Krishna Jain,Male,33,Single,High School,Operations,Senior Process Associate,Mid,Bengaluru,2022-09-12,Active
EMP0358,Vihaan Malhotra,Male,31,Single,Bachelor's Degree,Marketing,Digital Marketing Specialist,Mid,Gurugram,2022-08-02,Active
EMP0359,Nisha Kulkarni,Female,41,Single,Master's Degree,Finance,Financial Analyst Lead,Senior,Pune,2016-12-01,Active
EMP0360,Myra Kapoor,Female,33,Single,Diploma,HR,Senior HR Generalist,Senior,Pune,2023-10-23,Active
EMP0361,Shreya Mukherjee,Female,22,Single,Master's Degree,Customer Support,Customer Support Associate,Entry,Chennai,2025-07-12,Exited
EMP0362,Karan Rastogi,Male,31,Single,Master's Degree,IT,Software Engineer II,Mid,Pune,2022-01-04,Active
EMP0363,Deepak Das,Male,31,Single,High School,IT,Systems Administrator,Mid,Pune,2020-01-28,Active
EMP0364,Rohan Mehta,Male,35,Single,Bachelor's Degree,IT,Data Analyst,Mid,Bengaluru,2024-06-27,Active
EMP0365,Pooja Bhatt,Female,22,Single,Bachelor's Degree,Operations,Operations Executive,Entry,Bengaluru,2025-08-04,Active
EMP0366,Suresh Kumar,Male,29,Married,Diploma,Sales,Inside Sales Representative,Entry,Pune,2024-12-25,Active
EMP0367,Reyansh Verma,Male,31,Married,Bachelor's Degree,Marketing,Brand Strategist,Senior,Delhi NCR,2022-10-19,Active
EMP0368,Aditya Gupta,Male,29,Married,PhD,Operations,Operations Team Lead,Senior,Bengaluru,2023-02-16,Exited
EMP0369,Anika Malhotra,Female,25,Single,Bachelor's Degree,Sales,Inside Sales Representative,Entry,Pune,2024-02-04,Active
EMP0370,Swati Mathur,Female,36,Married,Bachelor's Degree,Customer Support,Senior Support Associate,Mid,Pune,2024-10-28,Active
EMP0371,Vikram Joshi,Male,36,Single,Master's Degree,Operations,Operations Manager,Manager,Noida,2018-10-26,Active
EMP0372,Gaurav Iyer,Male,22,Single,Master's Degree,IT,IT Support Engineer,Entry,Hyderabad,2025-02-03,Exited
EMP0373,Siddharth Trivedi,Male,37,Single,Master's Degree,Sales,Sales Manager,Manager,Chennai,2019-03-06,Active
EMP0374,Amit Kumar,Male,22,Married,High School,Sales,Inside Sales Representative,Entry,Chennai,2025-09-17,Active
EMP0375,Siddharth Rana,Male,36,Married,Diploma,IT,Software Engineer II,Mid,Hyderabad,2020-08-12,Active
EMP0376,Krishna Choudhary,Male,27,Married,Bachelor's Degree,IT,Software Engineer II,Mid,Pune,2025-02-02,Active
EMP0377,Ananya Shah,Female,26,Single,Bachelor's Degree,Customer Support,Technical Support Associate,Entry,Gurugram,2024-09-17,Active
EMP0378,Swati Kapoor,Female,40,Divorced,Master's Degree,Sales,Regional Sales Manager,Manager,Hyderabad,2021-08-15,Active
EMP0379,Pari Chatterjee,Female,30,Married,Master's Degree,Sales,Business Development Executive,Mid,Noida,2023-01-07,Active
EMP0380,Diya Saxena,Female,54,Married,Master's Degree,Operations,VP of Operations,Director,Kolkata,2022-04-15,Active
EMP0381,Varun Rao,Male,25,Single,Bachelor's Degree,Finance,Finance Analyst,Entry,Delhi NCR,2024-09-11,Active
EMP0382,Krishna Bose,Male,45,Married,Master's Degree,Customer Support,Support Operations Manager,Manager,Bengaluru,2021-07-06,Active
EMP0383,Gaurav Rastogi,Male,33,Divorced,Bachelor's Degree,Marketing,Marketing Manager,Manager,Bengaluru,2020-03-05,Active
EMP0384,Anjali Bose,Female,31,Married,Bachelor's Degree,Sales,Senior Sales Executive,Mid,Pune,2022-07-06,Active
EMP0385,Aryan Chawla,Male,29,Single,Diploma,Sales,Inside Sales Representative,Entry,Hyderabad,2025-05-23,Exited
EMP0386,Gaurav Shah,Male,33,Married,Diploma,Procurement,Senior Procurement Analyst,Senior,Gurugram,2015-08-15,Active
EMP0387,Aditya Agarwal,Male,29,Single,Master's Degree,Operations,Senior Process Associate,Mid,Mumbai,2023-12-24,Active
EMP0388,Anil Yadav,Male,43,Married,Bachelor's Degree,Customer Support,Customer Support Manager,Manager,Delhi NCR,2024-03-21,Exited
EMP0389,Myra Mukherjee,Female,33,Widowed,Master's Degree,IT,Systems Administrator,Mid,Delhi NCR,2021-11-26,Active
EMP0390,Swati Gupta,Female,24,Single,Diploma,Customer Support,Customer Support Associate,Entry,Bengaluru,2023-12-31,Active
EMP0391,Suresh Singh,Male,25,Married,Bachelor's Degree,HR,HR Executive,Entry,Gurugram,2025-09-13,Active
EMP0392,Saanvi Shah,Female,34,Single,Diploma,IT,Data Scientist,Senior,Noida,2019-08-06,Active
EMP0393,Anil Bose,Male,45,Married,Bachelor's Degree,HR,HR Director,Director,Mumbai,2018-09-08,Active
EMP0394,Aditya Joshi,Male,25,Single,Bachelor's Degree,Operations,Process Associate,Entry,Delhi NCR,2024-11-18,Active
EMP0395,Reyansh Malhotra,Male,33,Widowed,Bachelor's Degree,IT,Data Scientist,Senior,Bengaluru,2022-02-10,Active
EMP0396,Swati Mathur,Female,43,Single,Master's Degree,Sales,Sales Manager,Manager,Delhi NCR,2018-06-30,Active
EMP0397,Priya Singh,Female,26,Married,High School,Marketing,Digital Marketing Associate,Entry,Chennai,2024-09-12,Active
EMP0398,Rohan Rastogi,Male,22,Single,Bachelor's Degree,Sales,Sales Executive,Entry,Gurugram,2025-09-15,Active
EMP0399,Sneha Sharma,Female,29,Married,High School,Sales,Senior Business Development Manager,Senior,Bengaluru,2018-09-14,Active
EMP0400,Varun Rao,Male,33,Divorced,Master's Degree,Sales,Senior Business Development Manager,Senior,Hyderabad,2021-03-09,Active
EMP0401,Harsh Nair,Male,29,Married,Bachelor's Degree,Sales,Sales Executive,Entry,Kolkata,2025-05-23,Active
EMP0402,Shreya Das,Female,30,Married,Bachelor's Degree,Customer Support,Senior Technical Support Engineer,Senior,Delhi NCR,2020-09-23,Active
EMP0403,Sunita Pillai,Female,32,Single,Master's Degree,Marketing,Digital Marketing Specialist,Mid,Hyderabad,2020-09-22,Exited
EMP0404,Neha Kapoor,Female,50,Single,Bachelor's Degree,IT,Technical Lead,Manager,Delhi NCR,2013-03-11,Active
EMP0405,Vidya Shah,Female,37,Married,Bachelor's Degree,Procurement,Procurement Manager,Manager,Bengaluru,2017-04-19,Active
EMP0406,Reyansh Gupta,Male,41,Single,Bachelor's Degree,Customer Support,Senior Technical Support Engineer,Senior,Chennai,2022-04-20,Active
EMP0407,Ritu Malhotra,Female,26,Married,Bachelor's Degree,Sales,Senior Sales Executive,Mid,Pune,2025-08-01,Active
EMP0408,Isha Sharma,Female,27,Single,Diploma,Marketing,Marketing Executive,Entry,Bengaluru,2025-09-19,Exited
EMP0409,Sanjay Trivedi,Male,31,Single,Diploma,IT,Software Engineer II,Mid,Bengaluru,2023-07-08,Active
EMP0410,Varun Khan,Male,25,Married,Master's Degree,Procurement,Procurement Executive,Entry,Bengaluru,2025-05-24,Exited
EMP0411,Navya Naidu,Female,30,Married,Master's Degree,Operations,Operations Team Lead,Senior,Delhi NCR,2023-02-01,Active
EMP0412,Dhruv Desai,Male,22,Divorced,Bachelor's Degree,Operations,Process Associate,Entry,Gurugram,2025-09-03,Active
EMP0413,Rohan Kulkarni,Male,35,Single,Master's Degree,IT,Data Analyst,Mid,Delhi NCR,2024-06-23,Active
EMP0414,Shalini Kulkarni,Female,27,Single,Bachelor's Degree,Customer Support,Customer Support Associate,Entry,Hyderabad,2024-10-23,Active
EMP0415,Rekha Khan,Female,23,Single,Bachelor's Degree,IT,Software Engineer I,Entry,Noida,2024-12-02,Active
EMP0416,Diya Mathur,Female,24,Single,Bachelor's Degree,IT,Software Engineer I,Entry,Noida,2023-12-30,Active
EMP0417,Nisha Menon,Female,28,Married,PhD,IT,Systems Administrator,Mid,Delhi NCR,2020-08-15,Active
EMP0418,Siddharth Ghosh,Male,39,Divorced,Bachelor's Degree,Marketing,Senior Marketing Specialist,Senior,Delhi NCR,2022-11-27,Active
EMP0419,Swati Trivedi,Female,22,Single,Bachelor's Degree,IT,Software Engineer I,Entry,Bengaluru,2025-09-17,Exited
EMP0420,Vihaan Sharma,Male,43,Single,PhD,Customer Support,Support Operations Manager,Manager,Noida,2018-03-17,Active
EMP0421,Navya Bhatt,Female,39,Married,Bachelor's Degree,Operations,Process Excellence Manager,Manager,Bengaluru,2018-01-30,Active
EMP0422,Deepak Kulkarni,Male,35,Single,Master's Degree,IT,Software Engineer II,Mid,Noida,2021-02-10,Active
EMP0423,Myra Naidu,Female,37,Married,Diploma,IT,Data Scientist,Senior,Pune,2018-10-13,Active
EMP0424,Kavya Banerjee,Female,31,Widowed,Diploma,IT,Systems Administrator,Mid,Bengaluru,2020-07-08,Active
EMP0425,Swati Singh,Female,25,Single,Master's Degree,HR,HR Executive,Entry,Bengaluru,2023-09-18,Active
EMP0426,Siddharth Patel,Male,32,Married,Bachelor's Degree,Marketing,Digital Marketing Specialist,Mid,Kolkata,2023-02-13,Active
EMP0427,Aryan Choudhary,Male,28,Single,Master's Degree,IT,QA Engineer,Entry,Mumbai,2025-09-08,Exited
EMP0428,Siddharth Dutta,Male,47,Married,Master's Degree,Marketing,Brand Manager,Manager,Pune,2016-02-01,Active
EMP0429,Ishaan Chawla,Male,50,Single,Bachelor's Degree,IT,IT Project Manager,Manager,Chennai,2011-02-17,Active
EMP0430,Nisha Banerjee,Female,39,Married,Bachelor's Degree,Marketing,Senior Marketing Specialist,Senior,Mumbai,2015-10-24,Active
EMP0431,Arjun Kumar,Male,35,Married,Bachelor's Degree,Customer Support,Senior Support Associate,Mid,Noida,2022-04-12,Active
EMP0432,Manish Saxena,Male,35,Married,Bachelor's Degree,Marketing,Digital Marketing Specialist,Mid,Noida,2021-04-19,Active
EMP0433,Siddharth Naidu,Male,55,Divorced,Bachelor's Degree,Operations,VP of Operations,Director,Gurugram,2007-02-14,Active
EMP0434,Vihaan Agarwal,Male,27,Married,Bachelor's Degree,Marketing,Digital Marketing Associate,Entry,Bengaluru,2025-08-14,Active
EMP0435,Preeti Mukherjee,Female,25,Single,Bachelor's Degree,IT,QA Engineer,Entry,Kolkata,2022-11-27,Active
EMP0436,Gaurav Rao,Male,30,Single,High School,IT,Systems Administrator,Mid,Delhi NCR,2024-09-19,Active
EMP0437,Yash Saxena,Male,29,Single,Bachelor's Degree,IT,QA Engineer,Entry,Pune,2024-10-21,Active
EMP0438,Siddharth Ghosh,Male,25,Single,Bachelor's Degree,Finance,Finance Analyst,Entry,Gurugram,2024-12-30,Active
EMP0439,Varun Mukherjee,Male,27,Single,Master's Degree,Operations,Process Associate,Entry,Bengaluru,2024-04-21,Active
EMP0440,Myra Dutta,Female,35,Single,Diploma,HR,HR Generalist,Mid,Bengaluru,2021-02-04,Active
EMP0441,Vihaan Kulkarni,Male,23,Single,Bachelor's Degree,Customer Support,Customer Support Associate,Entry,Gurugram,2025-07-11,Exited
EMP0442,Krishna Khan,Male,25,Single,Bachelor's Degree,IT,QA Engineer,Entry,Delhi NCR,2022-11-26,Active
EMP0443,Vidya Joshi,Female,26,Single,Diploma,Operations,Process Associate,Entry,Mumbai,2025-09-22,Exited
EMP0444,Amit Joshi,Male,33,Married,Bachelor's Degree,IT,Software Engineer II,Mid,Gurugram,2024-08-04,Exited
EMP0445,Pooja Khan,Female,49,Single,Master's Degree,IT,Engineering Manager,Manager,Chennai,2015-10-19,Active
EMP0446,Ishaan Mathur,Male,26,Married,Master's Degree,Operations,Process Associate,Entry,Bengaluru,2023-12-30,Exited
EMP0447,Meera Mathur,Female,41,Single,Bachelor's Degree,Procurement,Senior Procurement Analyst,Senior,Pune,2015-01-04,Active
EMP0448,Siddharth Trivedi,Male,41,Single,Master's Degree,HR,Senior HR Generalist,Senior,Hyderabad,2019-09-20,Active
EMP0449,Rahul Joshi,Male,28,Single,High School,IT,QA Engineer,Entry,Chennai,2025-02-02,Active
EMP0450,Navya Mehta,Female,38,Married,Bachelor's Degree,HR,HR Business Partner,Senior,Bengaluru,2021-01-10,Active
EMP0451,Ananya Mukherjee,Female,33,Married,Bachelor's Degree,IT,Data Scientist,Senior,Pune,2020-03-15,Active
EMP0452,Vidya Khan,Female,30,Married,High School,Customer Support,Senior Support Associate,Mid,Chennai,2022-09-19,Active
EMP0453,Sunita Banerjee,Female,29,Single,Diploma,Operations,Process Associate,Entry,Gurugram,2025-09-16,Active
EMP0454,Amit Rastogi,Male,25,Single,Bachelor's Degree,IT,QA Engineer,Entry,Bengaluru,2025-08-09,Active
EMP0455,Saanvi Dutta,Female,54,Single,Master's Degree,IT,IT Director,Director,Kolkata,2009-05-28,Active
EMP0456,Preeti Mathur,Female,42,Single,Bachelor's Degree,IT,Senior Software Engineer,Senior,Bengaluru,2019-04-27,Exited
EMP0457,Aditya Khan,Male,35,Single,PhD,Procurement,Procurement Manager,Manager,Mumbai,2019-04-29,Active
EMP0458,Siddharth Choudhary,Male,49,Single,Bachelor's Degree,Sales,Sales Manager,Manager,Hyderabad,2022-08-08,Active
EMP0459,Sai Kapoor,Male,23,Single,Master's Degree,Marketing,Marketing Executive,Entry,Delhi NCR,2024-11-30,Active
EMP0460,Priya Rana,Female,35,Married,Master's Degree,HR,Senior HR Generalist,Senior,Hyderabad,2017-08-18,Active
EMP0461,Kabir Mehta,Male,28,Married,Bachelor's Degree,Finance,Accountant,Mid,Noida,2022-09-07,Active
EMP0462,Varun Patel,Male,29,Single,Master's Degree,IT,DevOps Engineer,Senior,Mumbai,2020-04-20,Active
EMP0463,Rekha Mathur,Female,25,Single,PhD,Customer Support,Technical Support Associate,Entry,Hyderabad,2023-02-16,Active
EMP0464,Ira Malhotra,Female,29,Married,Bachelor's Degree,Sales,Sales Executive,Entry,Noida,2024-02-10,Active
EMP0465,Sanjay Bhatt,Male,37,Single,Bachelor's Degree,Finance,Financial Analyst Lead,Senior,Gurugram,2023-06-04,Active
EMP0466,Sunita Iyer,Female,32,Single,Master's Degree,Operations,Operations Team Lead,Senior,Mumbai,2018-05-17,Active
EMP0467,Amit Agarwal,Male,27,Single,Master's Degree,HR,Talent Acquisition Specialist,Mid,Mumbai,2023-08-08,Exited
EMP0468,Shreya Khan,Female,26,Divorced,Master's Degree,Customer Support,Customer Support Associate,Entry,Mumbai,2023-01-30,Active
EMP0469,Ajay Ghosh,Male,29,Married,Bachelor's Degree,IT,QA Engineer,Entry,Mumbai,2024-03-18,Active
EMP0470,Dhruv Pillai,Male,57,Single,Diploma,Finance,Finance Director,Director,Noida,2004-06-23,Active
EMP0471,Saanvi Choudhary,Female,27,Married,Bachelor's Degree,Sales,Senior Sales Executive,Mid,Bengaluru,2023-05-18,Exited
EMP0472,Krishna Chawla,Male,26,Married,Bachelor's Degree,Sales,Senior Sales Executive,Mid,Pune,2023-08-05,Active
EMP0473,Sanjay Dutta,Male,26,Single,Bachelor's Degree,IT,Data Analyst,Mid,Gurugram,2024-07-04,Exited
EMP0474,Yash Pillai,Male,25,Single,Bachelor's Degree,IT,Data Analyst,Mid,Kolkata,2024-04-10,Exited
EMP0475,Pooja Ghosh,Female,32,Widowed,Bachelor's Degree,IT,Systems Administrator,Mid,Bengaluru,2023-10-18,Active
EMP0476,Pooja Singh,Female,31,Married,Master's Degree,Sales,Business Development Executive,Mid,Bengaluru,2024-02-14,Active
EMP0477,Anjali Joshi,Female,38,Married,Bachelor's Degree,Sales,Key Account Manager,Senior,Noida,2022-03-24,Active
EMP0478,Shalini Mehta,Female,38,Single,Bachelor's Degree,HR,Talent Acquisition Manager,Manager,Kolkata,2013-11-24,Active
EMP0479,Sneha Bhatt,Female,35,Single,Master's Degree,HR,HR Manager,Manager,Gurugram,2017-10-25,Active
EMP0480,Harsh Desai,Male,32,Married,Bachelor's Degree,Sales,Business Development Executive,Mid,Mumbai,2025-06-27,Active
EMP0481,Aditya Chatterjee,Male,29,Married,Bachelor's Degree,Sales,Business Development Executive,Mid,Hyderabad,2025-07-01,Exited
EMP0482,Preeti Kumar,Female,35,Single,Bachelor's Degree,IT,Data Scientist,Senior,Kolkata,2023-08-08,Active
EMP0483,Priya Nair,Female,32,Single,Bachelor's Degree,HR,Senior HR Generalist,Senior,Gurugram,2018-07-08,Active
EMP0484,Anjali Iyer,Female,36,Single,Master's Degree,Sales,Senior Sales Executive,Mid,Gurugram,2022-01-07,Active
EMP0485,Neha Naidu,Female,41,Married,Master's Degree,IT,Data Scientist,Senior,Chennai,2018-09-20,Active
EMP0486,Gaurav Mehta,Male,29,Married,Bachelor's Degree,Sales,Key Account Manager,Senior,Chennai,2021-04-17,Active
EMP0487,Ira Rao,Female,32,Single,Master's Degree,Sales,Key Account Manager,Senior,Bengaluru,2023-11-20,Active
EMP0488,Sneha Rana,Female,34,Married,Bachelor's Degree,IT,DevOps Engineer,Senior,Bengaluru,2024-06-22,Active
EMP0489,Ira Kumar,Female,25,Single,Bachelor's Degree,Finance,Finance Analyst,Entry,Hyderabad,2025-09-09,Exited
EMP0490,Neha Chawla,Female,34,Married,Master's Degree,Finance,Accountant,Mid,Chennai,2024-07-02,Exited
EMP0491,Vikram Ghosh,Male,30,Single,Bachelor's Degree,Operations,Senior Process Associate,Mid,Mumbai,2021-06-28,Active
EMP0492,Swati Naidu,Female,25,Single,Master's Degree,HR,HR Executive,Entry,Delhi NCR,2024-06-01,Active
EMP0493,Nikhil Choudhary,Male,39,Single,Master's Degree,Operations,Operations Manager,Manager,Pune,2022-06-25,Active
EMP0494,Divya Patel,Female,32,Married,Bachelor's Degree,Sales,Business Development Executive,Mid,Pune,2023-05-01,Active
EMP0495,Dhruv Yadav,Male,23,Single,Master's Degree,Marketing,Digital Marketing Associate,Entry,Hyderabad,2025-06-23,Active
EMP0496,Vivaan Yadav,Male,30,Married,Bachelor's Degree,Finance,Financial Analyst Lead,Senior,Chennai,2022-03-23,Active
EMP0497,Vikram Chatterjee,Male,40,Married,Bachelor's Degree,Sales,Key Account Manager,Senior,Pune,2019-06-24,Active
EMP0498,Vihaan Rastogi,Male,34,Single,PhD,HR,HR Business Partner,Senior,Noida,2018-03-09,Active
EMP0499,Aarav Bhatt,Male,26,Married,Bachelor's Degree,Sales,Senior Sales Executive,Mid,Bengaluru,2024-05-29,Active
EMP0500,Myra Dutta,Female,40,Married,Bachelor's Degree,Finance,Finance Manager,Manager,Hyderabad,2021-01-01,Exited
EMP0501,Sai Trivedi,Male,26,Married,Master's Degree,Operations,Operations Analyst,Mid,Bengaluru,2023-11-30,Active
EMP0502,Riya Verma,Female,33,Single,Bachelor's Degree,Customer Support,Technical Support Engineer,Mid,Hyderabad,2021-06-02,Active
EMP0503,Suresh Chawla,Male,26,Single,Master's Degree,Customer Support,Customer Support Associate,Entry,Delhi NCR,2023-03-19,Exited
EMP0504,Reyansh Mathur,Male,29,Divorced,Master's Degree,Finance,Senior Accountant,Senior,Bengaluru,2018-12-24,Active
EMP0505,Swati Pandey,Female,41,Single,Master's Degree,Finance,Senior Accountant,Senior,Mumbai,2016-09-18,Active
EMP0506,Priya Rao,Female,25,Single,Bachelor's Degree,Marketing,Digital Marketing Specialist,Mid,Bengaluru,2023-08-09,Exited
EMP0507,Dhruv Trivedi,Male,33,Single,Master's Degree,Sales,Senior Sales Executive,Mid,Kolkata,2024-12-28,Active
EMP0508,Riya Jain,Female,42,Married,Bachelor's Degree,Marketing,Senior Marketing Specialist,Senior,Bengaluru,2019-03-09,Active
EMP0509,Swati Chatterjee,Female,36,Married,Diploma,Finance,Senior Accountant,Senior,Gurugram,2022-07-07,Active
EMP0510,Ananya Chawla,Female,23,Single,Master's Degree,IT,IT Support Engineer,Entry,Noida,2025-01-30,Exited
EMP0511,Isha Choudhary,Female,58,Married,Master's Degree,IT,VP of Engineering,Director,Kolkata,2021-04-27,Active
EMP0512,Riya Bose,Female,38,Married,Master's Degree,Marketing,Brand Strategist,Senior,Delhi NCR,2018-02-02,Active
EMP0513,Swati Kulkarni,Female,45,Divorced,Bachelor's Degree,IT,VP of Engineering,Director,Delhi NCR,2017-12-03,Active
EMP0514,Sanjay Singh,Male,51,Married,Bachelor's Degree,Sales,VP of Sales,Director,Mumbai,2003-03-05,Exited
EMP0515,Suresh Rana,Male,49,Married,Master's Degree,Sales,Regional Sales Manager,Manager,Gurugram,2021-01-09,Active
EMP0516,Krishna Choudhary,Male,41,Married,Bachelor's Degree,IT,Senior Software Engineer,Senior,Chennai,2016-07-31,Active
EMP0517,Sunita Agarwal,Female,27,Married,Master's Degree,Sales,Business Development Executive,Mid,Mumbai,2022-11-21,Active
EMP0518,Vidya Pillai,Female,25,Married,Bachelor's Degree,Operations,Operations Executive,Entry,Gurugram,2023-07-11,Active
EMP0519,Reyansh Iyer,Male,32,Married,Bachelor's Degree,IT,Systems Administrator,Mid,Kolkata,2023-09-08,Active
EMP0520,Pallavi Malhotra,Female,31,Married,Bachelor's Degree,Marketing,Senior Marketing Specialist,Senior,Bengaluru,2018-11-29,Active
EMP0521,Nikhil Menon,Male,36,Widowed,Bachelor's Degree,Customer Support,Senior Support Associate,Mid,Delhi NCR,2022-12-22,Active
EMP0522,Dhruv Khan,Male,41,Married,Bachelor's Degree,Sales,Regional Sales Manager,Manager,Bengaluru,2012-01-28,Active
EMP0523,Sunita Mathur,Female,23,Single,Master's Degree,IT,QA Engineer,Entry,Pune,2024-07-30,Active
EMP0524,Ajay Rastogi,Male,33,Single,PhD,HR,HR Generalist,Mid,Gurugram,2024-05-24,Active
EMP0525,Vikram Shah,Male,29,Married,Bachelor's Degree,IT,Data Analyst,Mid,Pune,2023-07-31,Active
EMP0526,Manish Naidu,Male,31,Married,Bachelor's Degree,Sales,Senior Sales Executive,Mid,Bengaluru,2024-01-03,Active
EMP0527,Amit Sharma,Male,23,Single,Bachelor's Degree,Customer Support,Customer Support Associate,Entry,Noida,2024-06-05,Active
EMP0528,Shalini Yadav,Female,24,Single,Bachelor's Degree,Procurement,Purchase Associate,Entry,Hyderabad,2025-05-19,Exited
EMP0529,Priya Kapoor,Female,35,Married,Bachelor's Degree,Marketing,Brand Strategist,Senior,Mumbai,2017-06-05,Active
EMP0530,Diya Khan,Female,32,Single,Bachelor's Degree,Sales,Senior Sales Executive,Mid,Bengaluru,2023-08-05,Active
EMP0531,Anika Mukherjee,Female,22,Single,Bachelor's Degree,Operations,Operations Executive,Entry,Kolkata,2025-09-12,Active
EMP0532,Dhruv Kumar,Male,29,Single,Master's Degree,Operations,Process Associate,Entry,Pune,2025-02-09,Active
EMP0533,Manish Rana,Male,34,Married,Bachelor's Degree,Sales,Senior Sales Executive,Mid,Noida,2020-04-15,Active
EMP0534,Deepak Bhatt,Male,22,Single,Bachelor's Degree,HR,HR Executive,Entry,Pune,2025-03-20,Exited
EMP0535,Vihaan Bose,Male,41,Single,Bachelor's Degree,IT,Senior Software Engineer,Senior,Pune,2023-07-30,Active
EMP0536,Navya Dutta,Female,39,Married,Bachelor's Degree,IT,DevOps Engineer,Senior,Hyderabad,2023-08-01,Exited
EMP0537,Aryan Agarwal,Male,24,Married,Bachelor's Degree,Finance,Finance Analyst,Entry,Pune,2024-09-04,Active
EMP0538,Karan Joshi,Male,36,Single,Master's Degree,IT,Software Engineer II,Mid,Chennai,2022-08-01,Active
EMP0539,Arjun Choudhary,Male,23,Married,Diploma,IT,Software Engineer I,Entry,Delhi NCR,2025-01-30,Exited
EMP0540,Pooja Yadav,Female,29,Single,Bachelor's Degree,Marketing,Marketing Executive,Entry,Bengaluru,2025-03-06,Active
EMP0541,Rahul Mathur,Male,45,Single,Bachelor's Degree,Procurement,Sourcing Manager,Manager,Mumbai,2019-11-17,Active
EMP0542,Ishaan Chatterjee,Male,25,Single,Bachelor's Degree,Finance,Accountant,Mid,Mumbai,2023-12-27,Active
EMP0543,Ananya Pandey,Female,36,Single,Bachelor's Degree,Marketing,Marketing Manager,Manager,Gurugram,2023-08-02,Active
EMP0544,Aditya Singh,Male,25,Single,Master's Degree,Procurement,Procurement Executive,Entry,Gurugram,2025-09-20,Active
EMP0545,Rekha Ghosh,Female,24,Single,Bachelor's Degree,IT,QA Engineer,Entry,Mumbai,2024-09-20,Exited
EMP0546,Vikram Trivedi,Male,32,Married,Bachelor's Degree,Sales,Business Development Executive,Mid,Chennai,2020-02-09,Active
EMP0547,Swati Chawla,Female,32,Married,Diploma,Sales,Business Development Executive,Mid,Delhi NCR,2022-10-23,Active
EMP0548,Meera Menon,Female,49,Single,Diploma,IT,IT Director,Director,Hyderabad,2009-10-24,Active
EMP0549,Vihaan Banerjee,Male,28,Married,Master's Degree,Operations,Operations Executive,Entry,Pune,2025-07-06,Exited
EMP0550,Anjali Kumar,Female,48,Married,Master's Degree,Sales,Sales Manager,Manager,Noida,2019-01-06,Active
EMP0551,Rajesh Iyer,Male,46,Married,Bachelor's Degree,Sales,Sales Manager,Manager,Hyderabad,2015-09-13,Exited
EMP0552,Ananya Banerjee,Female,32,Married,Bachelor's Degree,IT,Systems Administrator,Mid,Bengaluru,2025-01-31,Active
EMP0553,Anika Bose,Female,34,Single,Master's Degree,IT,Data Analyst,Mid,Gurugram,2022-11-19,Active
EMP0554,Neha Pillai,Female,36,Single,Master's Degree,Customer Support,Senior Support Associate,Mid,Pune,2023-06-04,Active
EMP0555,Pooja Das,Female,22,Single,Bachelor's Degree,IT,QA Engineer,Entry,Hyderabad,2025-09-12,Active
EMP0556,Rekha Pandey,Female,38,Married,Bachelor's Degree,IT,Data Scientist,Senior,Noida,2020-05-27,Active
EMP0557,Myra Mehta,Female,35,Single,Bachelor's Degree,Sales,Senior Sales Executive,Mid,Bengaluru,2023-02-01,Active
EMP0558,Aditya Kumar,Male,34,Married,Master's Degree,Finance,Financial Controller,Manager,Gurugram,2016-09-05,Active
EMP0559,Meera Khan,Female,31,Married,Master's Degree,HR,HR Generalist,Mid,Pune,2022-01-05,Active
EMP0560,Kavya Reddy,Female,34,Married,Bachelor's Degree,Finance,Accountant,Mid,Gurugram,2020-10-14,Exited
EMP0561,Ananya Pillai,Female,30,Married,Bachelor's Degree,IT,Data Scientist,Senior,Gurugram,2024-05-25,Active
EMP0562,Krishna Desai,Male,32,Single,Bachelor's Degree,IT,Systems Administrator,Mid,Bengaluru,2024-03-20,Active
EMP0563,Vihaan Shah,Male,35,Widowed,Master's Degree,Marketing,Brand Manager,Manager,Noida,2016-12-31,Active
EMP0564,Shreya Singh,Female,25,Single,Bachelor's Degree,HR,HR Executive,Entry,Delhi NCR,2025-01-11,Active
EMP0565,Priya Mehta,Female,51,Married,Master's Degree,HR,VP of Human Resources,Director,Noida,2014-02-16,Active
EMP0566,Vivaan Chatterjee,Male,29,Single,PhD,Operations,Senior Operations Analyst,Senior,Bengaluru,2020-09-15,Active
EMP0567,Rohan Chawla,Male,34,Married,PhD,Operations,Operations Manager,Manager,Gurugram,2020-04-10,Active
EMP0568,Gaurav Menon,Male,35,Married,Bachelor's Degree,IT,Software Engineer II,Mid,Kolkata,2022-11-24,Active
EMP0569,Ishaan Pillai,Male,38,Single,Bachelor's Degree,Sales,Senior Business Development Manager,Senior,Gurugram,2022-05-23,Active
EMP0570,Isha Mukherjee,Female,26,Single,Bachelor's Degree,Finance,Accounts Executive,Entry,Chennai,2024-10-13,Exited
EMP0571,Anil Mathur,Male,38,Married,Diploma,Sales,Key Account Manager,Senior,Pune,2024-10-21,Active
EMP0572,Dhruv Rao,Male,28,Married,Bachelor's Degree,Marketing,Digital Marketing Associate,Entry,Gurugram,2024-02-06,Exited
EMP0573,Vihaan Bose,Male,22,Married,Diploma,Finance,Accounts Executive,Entry,Mumbai,2025-08-13,Exited
EMP0574,Dhruv Chatterjee,Male,26,Single,Bachelor's Degree,Operations,Senior Process Associate,Mid,Hyderabad,2025-02-11,Active
EMP0575,Isha Mathur,Female,29,Single,Diploma,Customer Support,Customer Support Associate,Entry,Delhi NCR,2025-01-28,Active
EMP0576,Dhruv Das,Male,26,Widowed,Bachelor's Degree,Finance,Senior Finance Analyst,Mid,Pune,2023-09-10,Active
EMP0577,Deepak Reddy,Male,35,Single,Master's Degree,Customer Support,Support Team Lead,Senior,Chennai,2020-10-28,Active
EMP0578,Deepak Agarwal,Male,24,Married,High School,HR,HR Executive,Entry,Noida,2024-01-04,Active
EMP0579,Saanvi Shah,Female,31,Single,Bachelor's Degree,Customer Support,Support Team Lead,Senior,Chennai,2023-12-27,Active
EMP0580,Sunita Rastogi,Female,29,Married,Bachelor's Degree,Sales,Inside Sales Representative,Entry,Delhi NCR,2024-10-13,Active
EMP0581,Sai Kulkarni,Male,42,Single,Bachelor's Degree,Finance,Financial Analyst Lead,Senior,Noida,2021-03-12,Active
EMP0582,Vidya Malhotra,Female,39,Widowed,Master's Degree,Finance,Financial Analyst Lead,Senior,Pune,2015-08-18,Active
EMP0583,Suresh Patel,Male,32,Married,Bachelor's Degree,IT,Systems Administrator,Mid,Delhi NCR,2023-08-11,Exited
EMP0584,Meera Naidu,Female,30,Single,Master's Degree,Sales,Senior Business Development Manager,Senior,Hyderabad,2020-09-15,Active
EMP0585,Vihaan Das,Male,47,Married,Master's Degree,Customer Support,Support Operations Manager,Manager,Delhi NCR,2014-10-27,Active
EMP0586,Preeti Rana,Female,33,Single,Bachelor's Degree,HR,HR Business Partner,Senior,Bengaluru,2020-10-22,Exited
EMP0587,Pari Pandey,Female,25,Divorced,Master's Degree,IT,Systems Administrator,Mid,Noida,2023-07-06,Active
EMP0588,Amit Desai,Male,30,Single,High School,Sales,Business Development Executive,Mid,Pune,2021-08-06,Active
EMP0589,Amit Bose,Male,41,Married,Bachelor's Degree,IT,Data Scientist,Senior,Kolkata,2019-01-05,Active
EMP0590,Karan Desai,Male,27,Married,Bachelor's Degree,IT,Software Engineer I,Entry,Noida,2025-08-11,Active
EMP0591,Rajesh Choudhary,Male,34,Single,Master's Degree,Customer Support,Support Team Lead,Senior,Delhi NCR,2020-04-12,Active
EMP0592,Gaurav Shah,Male,27,Divorced,Bachelor's Degree,Sales,Inside Sales Representative,Entry,Hyderabad,2024-09-15,Active
EMP0593,Varun Malhotra,Male,44,Widowed,Master's Degree,Sales,Key Account Manager,Senior,Delhi NCR,2024-07-08,Active
EMP0594,Arin Banerjee,Other,24,Single,Bachelor's Degree,HR,Talent Acquisition Associate,Entry,Gurugram,2024-04-15,Exited
EMP0595,Rahul Verma,Male,27,Married,Bachelor's Degree,IT,IT Support Engineer,Entry,Mumbai,2025-06-01,Active
EMP0596,Rekha Trivedi,Female,47,Married,Diploma,IT,VP of Engineering,Director,Delhi NCR,2006-12-03,Active
EMP0597,Ishaan Gupta,Male,45,Single,Bachelor's Degree,Operations,Process Excellence Manager,Manager,Chennai,2022-06-27,Active
EMP0598,Rajesh Kulkarni,Male,46,Divorced,Master's Degree,HR,HR Manager,Manager,Bengaluru,2011-03-20,Active
EMP0599,Amit Nair,Male,53,Single,PhD,Procurement,Procurement Director,Director,Mumbai,2020-08-18,Active
EMP0600,Rekha Menon,Female,26,Married,Bachelor's Degree,HR,Talent Acquisition Specialist,Mid,Noida,2022-12-04,Active
EMP0601,Suresh Bose,Male,24,Married,Bachelor's Degree,Sales,Inside Sales Representative,Entry,Pune,2025-08-03,Active
EMP0602,Vikram Reddy,Male,23,Single,Bachelor's Degree,Operations,Operations Executive,Entry,Chennai,2025-09-18,Exited
EMP0603,Preeti Kulkarni,Female,29,Married,Master's Degree,Customer Support,Technical Support Engineer,Mid,Mumbai,2021-11-27,Active
EMP0604,Preeti Ghosh,Female,27,Married,Diploma,Operations,Operations Executive,Entry,Pune,2023-11-26,Active
EMP0605,Rekha Bose,Female,47,Married,PhD,Procurement,Sourcing Manager,Manager,Kolkata,2016-09-18,Active
EMP0606,Reyansh Nair,Male,24,Single,Bachelor's Degree,Marketing,Digital Marketing Associate,Entry,Bengaluru,2025-09-20,Active
EMP0607,Arjun Saxena,Male,23,Single,Master's Degree,Customer Support,Technical Support Associate,Entry,Pune,2025-08-17,Active
EMP0608,Navya Joshi,Female,27,Widowed,Bachelor's Degree,IT,Software Engineer I,Entry,Hyderabad,2025-09-22,Exited
EMP0609,Swati Menon,Female,22,Single,Bachelor's Degree,Operations,Operations Executive,Entry,Kolkata,2025-04-11,Active
EMP0610,Ananya Banerjee,Female,22,Single,Master's Degree,Sales,Inside Sales Representative,Entry,Bengaluru,2025-07-29,Active
EMP0611,Aditya Mukherjee,Male,44,Single,Master's Degree,Finance,Financial Analyst Lead,Senior,Bengaluru,2017-03-12,Exited
EMP0612,Anil Agarwal,Male,26,Married,Master's Degree,Operations,Operations Executive,Entry,Hyderabad,2025-04-21,Active
EMP0613,Sunita Rao,Female,32,Married,Master's Degree,Procurement,Procurement Analyst,Mid,Delhi NCR,2023-10-13,Active
EMP0614,Ritu Menon,Female,40,Widowed,Master's Degree,Procurement,Sourcing Manager,Manager,Hyderabad,2019-01-31,Active
EMP0615,Ishaan Kulkarni,Male,33,Single,Master's Degree,Sales,Senior Sales Executive,Mid,Hyderabad,2022-05-28,Exited
EMP0616,Myra Kapoor,Female,38,Married,Master's Degree,Operations,Operations Team Lead,Senior,Mumbai,2014-11-21,Active
EMP0617,Pooja Nair,Female,36,Single,Master's Degree,Operations,Operations Analyst,Mid,Delhi NCR,2021-09-21,Active
EMP0618,Varun Banerjee,Male,23,Single,Bachelor's Degree,Sales,Sales Executive,Entry,Delhi NCR,2025-09-20,Active
EMP0619,Vivaan Menon,Male,25,Single,Master's Degree,IT,Software Engineer I,Entry,Delhi NCR,2025-05-20,Active
EMP0620,Shalini Kulkarni,Female,40,Single,Bachelor's Degree,IT,VP of Engineering,Director,Gurugram,2017-03-15,Active
EMP0621,Manish Dutta,Male,36,Married,Bachelor's Degree,Marketing,Content Strategist,Mid,Chennai,2022-12-25,Active
EMP0622,Aadhya Choudhary,Female,24,Single,Master's Degree,Finance,Finance Analyst,Entry,Gurugram,2024-07-01,Active
EMP0623,Ira Malhotra,Female,26,Married,Bachelor's Degree,Procurement,Procurement Analyst,Mid,Gurugram,2024-04-28,Exited
EMP0624,Deepak Reddy,Male,43,Married,Master's Degree,Sales,Senior Business Development Manager,Senior,Pune,2016-07-09,Active
EMP0625,Myra Mathur,Female,42,Single,Bachelor's Degree,Procurement,Senior Procurement Analyst,Senior,Chennai,2013-09-12,Active
EMP0626,Rahul Das,Male,26,Married,Bachelor's Degree,Sales,Business Development Executive,Mid,Noida,2024-07-10,Exited
EMP0627,Arjun Banerjee,Male,49,Married,Bachelor's Degree,Marketing,Brand Manager,Manager,Delhi NCR,2024-10-13,Active
EMP0628,Saanvi Mehta,Female,40,Married,Bachelor's Degree,IT,Senior Software Engineer,Senior,Pune,2017-07-07,Active
EMP0629,Pari Reddy,Female,30,Married,Bachelor's Degree,Finance,Senior Accountant,Senior,Bengaluru,2018-05-23,Active
EMP0630,Yash Saxena,Male,23,Single,Master's Degree,Marketing,Digital Marketing Associate,Entry,Kolkata,2025-08-13,Active
EMP0631,Shalini Shah,Female,28,Married,Bachelor's Degree,Customer Support,Customer Support Associate,Entry,Bengaluru,2025-09-07,Active
EMP0632,Kiara Singh,Female,45,Married,PhD,Marketing,VP of Marketing,Director,Mumbai,2004-07-07,Active
EMP0633,Shreya Patel,Female,27,Married,Bachelor's Degree,IT,Software Engineer II,Mid,Pune,2024-07-02,Exited
EMP0634,Navya Mathur,Female,32,Single,Diploma,Sales,Business Development Executive,Mid,Hyderabad,2021-08-13,Active
EMP0635,Kabir Saxena,Male,25,Single,Bachelor's Degree,IT,Data Analyst,Mid,Pune,2023-07-31,Active
EMP0636,Reyansh Khan,Male,29,Married,Bachelor's Degree,IT,IT Support Engineer,Entry,Delhi NCR,2024-04-19,Active
EMP0637,Rajesh Bose,Male,35,Married,Master's Degree,Operations,Operations Team Lead,Senior,Bengaluru,2020-04-20,Active
EMP0638,Amit Dutta,Male,27,Single,Bachelor's Degree,Operations,Operations Executive,Entry,Bengaluru,2025-07-06,Exited
EMP0639,Priya Kapoor,Female,30,Single,Master's Degree,Marketing,Brand Strategist,Senior,Delhi NCR,2024-12-02,Active
EMP0640,Vivaan Nair,Male,28,Married,Master's Degree,Customer Support,Technical Support Engineer,Mid,Gurugram,2022-08-02,Active
EMP0641,Sanjay Chatterjee,Male,28,Single,Bachelor's Degree,Operations,Process Associate,Entry,Gurugram,2024-06-05,Active
EMP0642,Vihaan Singh,Male,27,Single,Master's Degree,Marketing,Marketing Executive,Entry,Kolkata,2025-08-17,Active
EMP0643,Kabir Naidu,Male,35,Married,Master's Degree,IT,Senior Software Engineer,Senior,Bengaluru,2020-08-05,Active
EMP0644,Aditya Verma,Male,24,Single,Diploma,IT,QA Engineer,Entry,Mumbai,2024-03-12,Active
EMP0645,Anjali Iyer,Female,25,Single,Bachelor's Degree,HR,Talent Acquisition Associate,Entry,Pune,2025-04-24,Exited
EMP0646,Pooja Malhotra,Female,31,Single,Bachelor's Degree,Customer Support,Senior Technical Support Engineer,Senior,Bengaluru,2019-05-21,Active
EMP0647,Amit Rao,Male,35,Single,Bachelor's Degree,IT,Software Engineer II,Mid,Chennai,2022-12-05,Active
EMP0648,Suresh Verma,Male,36,Widowed,Bachelor's Degree,Finance,Accountant,Mid,Bengaluru,2025-08-09,Active
EMP0649,Anika Rao,Female,26,Married,Bachelor's Degree,Operations,Process Associate,Entry,Mumbai,2025-09-04,Exited
EMP0650,Amit Malhotra,Male,35,Divorced,Bachelor's Degree,IT,Technical Lead,Manager,Bengaluru,2017-04-24,Active
EMP0651,Manish Iyer,Male,22,Single,Bachelor's Degree,Sales,Sales Executive,Entry,Pune,2025-09-07,Exited
EMP0652,Kabir Iyer,Male,28,Married,Bachelor's Degree,Customer Support,Customer Support Associate,Entry,Noida,2023-10-24,Active
EMP0653,Priya Shah,Female,28,Single,Master's Degree,Operations,Process Associate,Entry,Gurugram,2024-07-08,Active
EMP0654,Ritu Rastogi,Female,22,Single,Bachelor's Degree,IT,IT Support Engineer,Entry,Gurugram,2025-08-12,Active
EMP0655,Nisha Mehta,Female,27,Single,Diploma,Customer Support,Technical Support Associate,Entry,Hyderabad,2024-03-19,Exited
EMP0656,Saanvi Verma,Female,27,Single,Bachelor's Degree,Sales,Inside Sales Representative,Entry,Bengaluru,2025-02-14,Exited
EMP0657,Pallavi Dutta,Female,23,Single,Bachelor's Degree,Customer Support,Customer Support Associate,Entry,Gurugram,2025-01-28,Exited
EMP0658,Reyansh Chawla,Male,31,Married,Bachelor's Degree,Sales,Senior Sales Executive,Mid,Bengaluru,2023-11-24,Active
EMP0659,Amit Patel,Male,40,Married,Bachelor's Degree,HR,HR Manager,Manager,Pune,2023-05-17,Active
EMP0660,Rohan Kumar,Male,28,Married,Bachelor's Degree,Sales,Sales Executive,Entry,Noida,2025-09-10,Exited
EMP0661,Anil Patel,Male,29,Single,Bachelor's Degree,IT,QA Engineer,Entry,Pune,2024-04-12,Active
EMP0662,Sai Naidu,Male,46,Divorced,Bachelor's Degree,Customer Support,Customer Support Manager,Manager,Mumbai,2016-07-04,Active
EMP0663,Rohan Kumar,Male,37,Married,Bachelor's Degree,IT,Engineering Manager,Manager,Kolkata,2021-01-08,Exited
EMP0664,Ajay Khan,Male,43,Single,Bachelor's Degree,IT,DevOps Engineer,Senior,Chennai,2021-06-22,Active
EMP0665,Vikram Yadav,Male,23,Married,Bachelor's Degree,Sales,Sales Executive,Entry,Bengaluru,2025-04-13,Active
EMP0666,Pallavi Desai,Female,36,Single,Bachelor's Degree,Operations,Senior Process Associate,Mid,Noida,2022-09-05,Active
EMP0667,Nisha Sharma,Female,22,Married,Master's Degree,Marketing,Marketing Executive,Entry,Mumbai,2025-09-04,Active
EMP0668,Ananya Chawla,Female,29,Married,Bachelor's Degree,Procurement,Procurement Executive,Entry,Noida,2023-02-11,Active
EMP0669,Arjun Pandey,Male,25,Single,Master's Degree,Sales,Business Development Executive,Mid,Pune,2022-08-07,Active
EMP0670,Dhruv Saxena,Male,30,Divorced,Master's Degree,Sales,Business Development Executive,Mid,Kolkata,2020-06-27,Exited
EMP0671,Meera Gupta,Female,35,Single,Bachelor's Degree,IT,Systems Administrator,Mid,Noida,2019-05-19,Active
EMP0672,Priya Naidu,Female,33,Single,Master's Degree,Finance,Accountant,Mid,Pune,2024-04-28,Active
EMP0673,Rekha Trivedi,Female,27,Married,Bachelor's Degree,Procurement,Procurement Executive,Entry,Pune,2023-12-24,Active
EMP0674,Gaurav Mathur,Male,32,Married,PhD,Operations,Operations Analyst,Mid,Hyderabad,2023-09-09,Active
EMP0675,Gaurav Desai,Male,29,Married,Master's Degree,HR,HR Business Partner,Senior,Hyderabad,2019-03-16,Active
EMP0676,Priya Agarwal,Female,50,Married,Bachelor's Degree,Sales,Sales Manager,Manager,Pune,2010-10-15,Active
EMP0677,Swati Menon,Female,29,Married,Bachelor's Degree,Customer Support,Customer Support Associate,Entry,Pune,2024-04-25,Active
EMP0678,Nisha Naidu,Female,31,Married,Bachelor's Degree,Finance,Accountant,Mid,Delhi NCR,2022-04-24,Active
EMP0679,Reyansh Dutta,Male,25,Single,Bachelor's Degree,IT,QA Engineer,Entry,Delhi NCR,2025-09-19,Active
EMP0680,Deepak Desai,Male,22,Single,Bachelor's Degree,Sales,Inside Sales Representative,Entry,Bengaluru,2025-04-22,Active
EMP0681,Sai Shah,Male,43,Single,Bachelor's Degree,IT,Data Scientist,Senior,Hyderabad,2018-08-12,Active
EMP0682,Pallavi Sharma,Female,24,Single,Bachelor's Degree,IT,IT Support Engineer,Entry,Bengaluru,2025-09-11,Exited
EMP0683,Rahul Ghosh,Male,31,Divorced,Bachelor's Degree,IT,Systems Administrator,Mid,Pune,2023-04-22,Exited
EMP0684,Reyansh Bose,Male,34,Married,Master's Degree,Sales,Business Development Executive,Mid,Mumbai,2024-01-07,Active
EMP0685,Amit Gupta,Male,26,Married,Bachelor's Degree,HR,HR Executive,Entry,Bengaluru,2023-10-22,Active
EMP0686,Ira Mukherjee,Female,29,Single,Bachelor's Degree,Sales,Inside Sales Representative,Entry,Bengaluru,2025-05-25,Active
EMP0687,Reyansh Khan,Male,32,Divorced,Master's Degree,Sales,Senior Sales Executive,Mid,Hyderabad,2022-09-08,Exited
EMP0688,Kabir Agarwal,Male,41,Married,Master's Degree,Customer Support,Customer Support Director,Director,Mumbai,2015-09-06,Active
EMP0689,Shreya Mehta,Female,33,Widowed,Bachelor's Degree,Operations,Operations Analyst,Mid,Kolkata,2022-09-19,Active
EMP0690,Riya Banerjee,Female,31,Single,Bachelor's Degree,Finance,Accountant,Mid,Chennai,2022-04-22,Active
EMP0691,Saanvi Pillai,Female,22,Single,Bachelor's Degree,Sales,Inside Sales Representative,Entry,Pune,2025-03-11,Active
EMP0692,Riya Rao,Female,32,Single,Bachelor's Degree,Customer Support,Technical Support Engineer,Mid,Mumbai,2019-06-02,Active
EMP0693,Sanjay Kulkarni,Male,26,Single,Bachelor's Degree,IT,IT Support Engineer,Entry,Mumbai,2023-11-21,Active
EMP0694,Ira Desai,Female,36,Widowed,Master's Degree,Sales,Business Development Executive,Mid,Pune,2020-11-24,Exited
EMP0695,Ira Jain,Female,33,Single,Bachelor's Degree,Customer Support,Support Team Lead,Senior,Noida,2020-07-10,Exited
EMP0696,Arjun Ghosh,Male,36,Married,Bachelor's Degree,Finance,Senior Finance Analyst,Mid,Hyderabad,2019-08-05,Active
EMP0697,Ananya Sharma,Female,23,Single,Bachelor's Degree,Operations,Process Associate,Entry,Pune,2025-04-27,Active
EMP0698,Krishna Nair,Male,22,Single,Bachelor's Degree,HR,HR Executive,Entry,Chennai,2025-09-12,Active
EMP0699,Rahul Nair,Male,26,Married,Bachelor's Degree,Operations,Process Associate,Entry,Pune,2025-08-12,Exited
EMP0700,Krishna Reddy,Male,25,Single,Master's Degree,Sales,Business Development Executive,Mid,Mumbai,2024-03-25,Exited
EMP0701,Gaurav Pandey,Male,47,Married,Master's Degree,IT,IT Project Manager,Manager,Chennai,2018-04-17,Active
EMP0702,Anika Rao,Female,24,Single,Bachelor's Degree,Sales,Inside Sales Representative,Entry,Hyderabad,2025-02-02,Active
EMP0703,Deepak Kulkarni,Male,34,Married,Master's Degree,IT,Data Analyst,Mid,Kolkata,2020-10-25,Active
EMP0704,Preeti Patel,Female,42,Married,Bachelor's Degree,Customer Support,Senior Technical Support Engineer,Senior,Hyderabad,2017-12-05,Exited
EMP0705,Kabir Rao,Male,27,Widowed,Bachelor's Degree,Sales,Sales Executive,Entry,Gurugram,2023-03-07,Active
EMP0706,Dhruv Nair,Male,22,Single,Master's Degree,Finance,Accounts Executive,Entry,Bengaluru,2025-08-10,Exited
EMP0707,Aarav Agarwal,Male,27,Married,Master's Degree,Marketing,Marketing Executive,Entry,Mumbai,2024-03-08,Active
EMP0708,Yash Jain,Male,33,Married,Bachelor's Degree,Marketing,Senior Marketing Specialist,Senior,Bengaluru,2016-08-10,Active
EMP0709,Ritu Trivedi,Female,33,Married,Bachelor's Degree,Sales,Business Development Executive,Mid,Delhi NCR,2020-12-27,Active
EMP0710,Vidya Iyer,Female,44,Widowed,Bachelor's Degree,Sales,Key Account Manager,Senior,Delhi NCR,2021-11-18,Active
EMP0711,Krishna Ghosh,Male,34,Single,Bachelor's Degree,Procurement,Sourcing Manager,Manager,Pune,2018-10-16,Active
EMP0712,Nisha Rastogi,Female,37,Single,Bachelor's Degree,Operations,Senior Operations Analyst,Senior,Chennai,2020-03-07,Active
EMP0713,Anjali Das,Female,39,Single,Bachelor's Degree,Marketing,Marketing Director,Director,Chennai,2009-02-15,Active
EMP0714,Priya Reddy,Female,33,Single,Master's Degree,Customer Support,Support Team Lead,Senior,Gurugram,2021-09-07,Active
EMP0715,Rohan Nair,Male,43,Single,Master's Degree,Marketing,Marketing Manager,Manager,Gurugram,2022-04-16,Active
EMP0716,Varun Reddy,Male,34,Married,Bachelor's Degree,IT,DevOps Engineer,Senior,Bengaluru,2021-04-13,Active
EMP0717,Priya Chawla,Female,31,Single,Bachelor's Degree,Finance,Senior Accountant,Senior,Hyderabad,2021-02-03,Active
EMP0718,Shalini Mukherjee,Female,36,Married,Master's Degree,IT,Data Scientist,Senior,Hyderabad,2016-09-19,Active
EMP0719,Karan Agarwal,Male,48,Divorced,Master's Degree,Operations,Process Excellence Manager,Manager,Pune,2018-10-18,Exited
EMP0720,Nisha Rastogi,Female,25,Single,Master's Degree,Customer Support,Senior Support Associate,Mid,Bengaluru,2024-02-02,Exited
EMP0721,Amit Banerjee,Male,35,Married,High School,Finance,Senior Finance Analyst,Mid,Hyderabad,2022-09-04,Active
EMP0722,Neha Jain,Female,34,Single,Master's Degree,Sales,Senior Sales Executive,Mid,Delhi NCR,2023-06-28,Exited
EMP0723,Deepak Reddy,Male,40,Married,PhD,IT,Engineering Manager,Manager,Bengaluru,2021-05-20,Active
EMP0724,Swati Kapoor,Female,32,Divorced,High School,Customer Support,Technical Support Engineer,Mid,Bengaluru,2021-09-07,Active
EMP0725,Arjun Reddy,Male,34,Single,Bachelor's Degree,IT,DevOps Engineer,Senior,Gurugram,2023-04-29,Active
EMP0726,Kabir Shah,Male,40,Married,Bachelor's Degree,IT,Data Scientist,Senior,Hyderabad,2021-03-09,Active
EMP0727,Diya Singh,Female,40,Single,Bachelor's Degree,IT,IT Director,Director,Mumbai,2014-12-28,Active
EMP0728,Deepak Naidu,Male,25,Single,Master's Degree,IT,Software Engineer I,Entry,Noida,2024-02-14,Active
EMP0729,Anika Kulkarni,Female,38,Single,Master's Degree,Sales,Senior Business Development Manager,Senior,Pune,2019-10-27,Active
EMP0730,Sneha Pandey,Female,41,Single,Bachelor's Degree,Finance,Financial Analyst Lead,Senior,Bengaluru,2018-12-01,Active
EMP0731,Krishna Gupta,Male,34,Single,Bachelor's Degree,Sales,Regional Sales Manager,Manager,Noida,2023-04-19,Exited
EMP0732,Rohan Rana,Male,44,Married,PhD,IT,Technical Lead,Manager,Gurugram,2017-05-21,Active
EMP0733,Shreya Gupta,Female,32,Single,Master's Degree,IT,Data Analyst,Mid,Delhi NCR,2022-06-25,Active
EMP0734,Vidya Yadav,Female,31,Married,Diploma,Sales,Senior Sales Executive,Mid,Mumbai,2022-02-14,Active
EMP0735,Shreya Pandey,Female,29,Single,Bachelor's Degree,IT,Software Engineer I,Entry,Gurugram,2024-06-22,Active
EMP0736,Sai Desai,Male,57,Single,Bachelor's Degree,Operations,Operations Director,Director,Pune,2000-09-21,Exited
EMP0737,Rekha Menon,Female,29,Married,Bachelor's Degree,IT,QA Engineer,Entry,Hyderabad,2023-12-31,Active
EMP0738,Vivaan Rastogi,Male,43,Married,Bachelor's Degree,Sales,Senior Business Development Manager,Senior,Delhi NCR,2022-11-16,Exited
EMP0739,Anjali Pandey,Female,33,Married,Master's Degree,Sales,Key Account Manager,Senior,Bengaluru,2017-10-22,Exited
EMP0740,Manish Iyer,Male,31,Married,Bachelor's Degree,Sales,Business Development Executive,Mid,Delhi NCR,2019-11-16,Active
EMP0741,Vihaan Saxena,Male,28,Married,Bachelor's Degree,IT,QA Engineer,Entry,Noida,2025-06-29,Active
EMP0742,Pallavi Reddy,Female,22,Single,Bachelor's Degree,IT,IT Support Engineer,Entry,Mumbai,2025-08-11,Exited
EMP0743,Rey Agarwal,Other,50,Single,Bachelor's Degree,Customer Support,Customer Support Manager,Manager,Bengaluru,2023-11-18,Active
EMP0744,Kabir Jain,Male,28,Widowed,Bachelor's Degree,IT,Software Engineer II,Mid,Delhi NCR,2024-04-30,Active
EMP0745,Rekha Trivedi,Female,24,Single,Bachelor's Degree,Finance,Finance Analyst,Entry,Noida,2023-11-20,Active
EMP0746,Arjun Joshi,Male,34,Single,Bachelor's Degree,Finance,Financial Analyst Lead,Senior,Bengaluru,2019-09-16,Active
EMP0747,Varun Shah,Male,26,Single,Bachelor's Degree,Sales,Sales Executive,Entry,Delhi NCR,2025-02-01,Active
EMP0748,Deepak Kapoor,Male,35,Married,Master's Degree,Sales,Regional Sales Manager,Manager,Bengaluru,2018-09-24,Active
EMP0749,Amit Kumar,Male,22,Married,Bachelor's Degree,Marketing,Digital Marketing Associate,Entry,Noida,2025-09-04,Active
EMP0750,Harsh Bhatt,Male,29,Single,Bachelor's Degree,Marketing,Marketing Executive,Entry,Hyderabad,2023-07-10,Active
EMP0751,Nikhil Joshi,Male,22,Single,Master's Degree,IT,QA Engineer,Entry,Delhi NCR,2025-08-06,Active
EMP0752,Aditya Saxena,Male,27,Married,Bachelor's Degree,Sales,Senior Sales Executive,Mid,Delhi NCR,2024-08-14,Exited
EMP0753,Ira Shah,Female,26,Married,Master's Degree,IT,Data Analyst,Mid,Pune,2024-06-23,Active
EMP0754,Swati Patel,Female,40,Divorced,Master's Degree,Sales,Key Account Manager,Senior,Chennai,2024-10-13,Active
EMP0755,Sunita Joshi,Female,34,Divorced,Bachelor's Degree,Operations,Senior Process Associate,Mid,Chennai,2021-06-25,Active
EMP0756,Sanjay Gupta,Male,25,Married,Bachelor's Degree,IT,Systems Administrator,Mid,Pune,2024-03-18,Active
EMP0757,Swati Shah,Female,29,Married,PhD,Sales,Sales Executive,Entry,Pune,2024-09-20,Exited
EMP0758,Gaurav Banerjee,Male,23,Single,Bachelor's Degree,Customer Support,Customer Support Associate,Entry,Delhi NCR,2024-08-18,Exited
EMP0759,Saanvi Kapoor,Female,43,Married,Master's Degree,IT,IT Project Manager,Manager,Hyderabad,2018-12-02,Active
EMP0760,Vivaan Kumar,Male,26,Married,Bachelor's Degree,Sales,Sales Executive,Entry,Hyderabad,2023-10-17,Exited
EMP0761,Suresh Choudhary,Male,56,Married,Master's Degree,Operations,VP of Operations,Director,Bengaluru,2014-04-24,Active
EMP0762,Suresh Chawla,Male,27,Married,Bachelor's Degree,IT,IT Support Engineer,Entry,Bengaluru,2025-06-05,Active
EMP0763,Kavya Bhatt,Female,25,Single,Master's Degree,IT,Software Engineer I,Entry,Delhi NCR,2025-09-03,Exited
EMP0764,Ananya Singh,Female,27,Married,Bachelor's Degree,IT,IT Support Engineer,Entry,Hyderabad,2023-01-30,Active
EMP0765,Anjali Gupta,Female,22,Single,Bachelor's Degree,Customer Support,Customer Support Associate,Entry,Bengaluru,2025-07-03,Active
EMP0766,Priya Iyer,Female,33,Married,Bachelor's Degree,IT,Data Scientist,Senior,Chennai,2016-02-12,Active
EMP0767,Pallavi Choudhary,Female,36,Single,Bachelor's Degree,IT,Data Analyst,Mid,Hyderabad,2023-08-09,Exited
EMP0768,Manish Malhotra,Male,27,Single,Bachelor's Degree,IT,IT Support Engineer,Entry,Hyderabad,2025-09-19,Exited
EMP0769,Anika Verma,Female,42,Married,Master's Degree,IT,Data Scientist,Senior,Mumbai,2018-12-05,Active
EMP0770,Aryan Patel,Male,30,Married,Master's Degree,HR,HR Generalist,Mid,Noida,2024-08-10,Active
EMP0771,Rohan Das,Male,33,Divorced,Bachelor's Degree,IT,Engineering Manager,Manager,Chennai,2018-08-15,Active
EMP0772,Sanjay Das,Male,40,Widowed,Bachelor's Degree,Finance,VP of Finance,Director,Hyderabad,2017-06-04,Active
EMP0773,Myra Mathur,Female,33,Single,Bachelor's Degree,HR,HR Business Partner,Senior,Gurugram,2017-06-22,Active
EMP0774,Ananya Mehta,Female,34,Single,Bachelor's Degree,Marketing,Senior Marketing Specialist,Senior,Mumbai,2018-03-25,Active
EMP0775,Kabir Gupta,Male,34,Single,Master's Degree,IT,Senior Software Engineer,Senior,Delhi NCR,2015-06-26,Active
EMP0776,Gaurav Banerjee,Male,30,Widowed,Diploma,Customer Support,Senior Support Associate,Mid,Pune,2023-04-12,Active
EMP0777,Sanjay Iyer,Male,31,Single,Master's Degree,HR,HR Business Partner,Senior,Bengaluru,2020-08-09,Active
EMP0778,Divya Iyer,Female,22,Single,Bachelor's Degree,IT,IT Support Engineer,Entry,Noida,2025-09-05,Exited
EMP0779,Anika Pillai,Female,44,Married,Bachelor's Degree,Marketing,Senior Marketing Specialist,Senior,Mumbai,2019-11-26,Active
EMP0780,Deepak Das,Male,56,Single,Master's Degree,Customer Support,Customer Support Director,Director,Pune,2017-06-23,Exited
EMP0781,Anil Reddy,Male,22,Married,Bachelor's Degree,IT,QA Engineer,Entry,Gurugram,2025-06-25,Active
EMP0782,Navya Ghosh,Female,36,Married,Bachelor's Degree,Customer Support,Support Team Lead,Senior,Pune,2020-11-21,Active
EMP0783,Rahul Agarwal,Male,38,Married,Master's Degree,Sales,Regional Sales Manager,Manager,Noida,2014-09-12,Active
EMP0784,Rajesh Reddy,Male,25,Single,Bachelor's Degree,HR,Talent Acquisition Associate,Entry,Bengaluru,2025-08-18,Exited
EMP0785,Rajesh Bose,Male,35,Single,Bachelor's Degree,Procurement,Vendor Coordinator,Mid,Bengaluru,2022-08-13,Active
EMP0786,Anil Singh,Male,43,Single,Bachelor's Degree,Sales,Sales Manager,Manager,Mumbai,2022-03-05,Active
EMP0787,Kabir Mathur,Male,56,Single,Master's Degree,Marketing,Marketing Director,Director,Hyderabad,2006-07-30,Active
EMP0788,Swati Khan,Female,27,Single,Master's Degree,Sales,Sales Executive,Entry,Bengaluru,2025-09-09,Exited
EMP0789,Harsh Menon,Male,31,Single,Bachelor's Degree,Marketing,Digital Marketing Specialist,Mid,Bengaluru,2023-02-07,Active
EMP0790,Vihaan Shah,Male,43,Married,Bachelor's Degree,HR,HR Business Partner,Senior,Gurugram,2019-04-23,Active
EMP0791,Kiara Yadav,Female,25,Single,Bachelor's Degree,IT,Software Engineer I,Entry,Kolkata,2025-02-08,Active
EMP0792,Kiara Banerjee,Female,29,Married,Master's Degree,Sales,Inside Sales Representative,Entry,Delhi NCR,2024-05-22,Active
EMP0793,Deepak Nair,Male,22,Single,Master's Degree,Sales,Sales Executive,Entry,Gurugram,2025-08-13,Active
EMP0794,Manish Choudhary,Male,28,Married,Master's Degree,IT,IT Support Engineer,Entry,Noida,2023-10-19,Active
EMP0795,Vidya Kapoor,Female,30,Married,Master's Degree,IT,Data Analyst,Mid,Noida,2024-03-12,Active
EMP0796,Amit Bose,Male,30,Single,Master's Degree,Sales,Key Account Manager,Senior,Hyderabad,2018-11-22,Active
EMP0797,Vidya Pandey,Female,42,Married,Diploma,IT,Senior Software Engineer,Senior,Bengaluru,2014-01-08,Active
EMP0798,Rajesh Chawla,Male,41,Married,Bachelor's Degree,IT,Data Scientist,Senior,Delhi NCR,2019-08-01,Active
EMP0799,Yash Pandey,Male,32,Married,Master's Degree,Operations,Senior Process Associate,Mid,Chennai,2023-10-21,Active
EMP0800,Ishaan Jain,Male,28,Divorced,Bachelor's Degree,Operations,Process Associate,Entry,Chennai,2024-11-16,Exited
EMP0801,Navya Agarwal,Female,27,Married,Diploma,Operations,Process Associate,Entry,Bengaluru,2025-02-07,Exited
EMP0802,Karan Rana,Male,29,Married,Master's Degree,Sales,Sales Executive,Entry,Chennai,2024-05-21,Active
EMP0803,Vikram Mathur,Male,22,Single,Master's Degree,Customer Support,Customer Support Associate,Entry,Bengaluru,2025-07-10,Active
EMP0804,Ajay Yadav,Male,22,Divorced,Bachelor's Degree,HR,HR Executive,Entry,Mumbai,2025-09-05,Active
EMP0805,Pari Saxena,Female,28,Married,Bachelor's Degree,IT,Software Engineer I,Entry,Noida,2024-12-05,Active
EMP0806,Krishna Desai,Male,24,Married,High School,IT,Software Engineer I,Entry,Pune,2024-05-26,Active
EMP0807,Kavya Kumar,Female,39,Married,Diploma,Operations,Senior Operations Analyst,Senior,Gurugram,2020-11-20,Active
EMP0808,Vidya Chawla,Female,33,Single,Bachelor's Degree,IT,Data Analyst,Mid,Hyderabad,2023-05-30,Active
EMP0809,Nikhil Sharma,Male,38,Divorced,Master's Degree,Finance,Finance Manager,Manager,Kolkata,2020-05-17,Active
EMP0810,Pari Shah,Female,43,Single,Bachelor's Degree,Procurement,Senior Procurement Analyst,Senior,Bengaluru,2022-09-10,Active
EMP0811,Vidya Pillai,Female,33,Single,Master's Degree,IT,Software Engineer II,Mid,Delhi NCR,2023-04-13,Active
EMP0812,Vivaan Desai,Male,22,Single,High School,IT,IT Support Engineer,Entry,Bengaluru,2025-04-19,Active
EMP0813,Varun Choudhary,Male,35,Married,High School,Procurement,Vendor Coordinator,Mid,Bengaluru,2021-05-23,Active
EMP0814,Karan Patel,Male,22,Married,Bachelor's Degree,HR,Talent Acquisition Associate,Entry,Hyderabad,2025-06-05,Exited
EMP0815,Gaurav Rao,Male,35,Married,Master's Degree,IT,Software Engineer II,Mid,Bengaluru,2023-12-05,Exited
EMP0816,Varun Mehta,Male,27,Married,Master's Degree,Customer Support,Senior Support Associate,Mid,Hyderabad,2024-10-18,Active
EMP0817,Myra Chatterjee,Female,25,Single,Bachelor's Degree,Customer Support,Senior Support Associate,Mid,Bengaluru,2025-07-05,Exited
EMP0818,Saanvi Sharma,Female,23,Married,Bachelor's Degree,Finance,Accounts Executive,Entry,Chennai,2024-10-22,Active
EMP0819,Sai Malhotra,Male,35,Married,High School,HR,Senior HR Generalist,Senior,Bengaluru,2014-08-06,Active
EMP0820,Ajay Shah,Male,35,Married,High School,IT,Engineering Manager,Manager,Delhi NCR,2020-02-10,Active
EMP0821,Manish Banerjee,Male,34,Married,High School,IT,Data Scientist,Senior,Gurugram,2023-05-17,Active
EMP0822,Dhruv Chatterjee,Male,33,Single,Diploma,HR,HR Generalist,Mid,Noida,2022-09-09,Exited
EMP0823,Gaurav Agarwal,Male,34,Single,Master's Degree,Sales,Senior Sales Executive,Mid,Pune,2023-05-25,Active
EMP0824,Divya Bose,Female,27,Single,Bachelor's Degree,Operations,Process Associate,Entry,Bengaluru,2024-12-24,Active
EMP0825,Meera Iyer,Female,30,Married,Master's Degree,Marketing,Brand Strategist,Senior,Bengaluru,2023-06-06,Active
EMP0826,Sai Chatterjee,Male,33,Married,Master's Degree,IT,Data Analyst,Mid,Bengaluru,2023-10-26,Active
EMP0827,Aadhya Malhotra,Female,26,Single,Master's Degree,HR,HR Executive,Entry,Mumbai,2024-01-31,Active
EMP0828,Rahul Verma,Male,28,Single,Bachelor's Degree,IT,IT Support Engineer,Entry,Delhi NCR,2025-06-26,Active
EMP0829,Pooja Yadav,Female,48,Married,Diploma,Customer Support,Support Operations Manager,Manager,Noida,2022-08-06,Active
EMP0830,Harsh Mathur,Male,34,Married,Diploma,IT,Data Analyst,Mid,Noida,2024-04-27,Active
EMP0831,Harsh Ghosh,Male,34,Single,High School,HR,Talent Acquisition Specialist,Mid,Noida,2024-04-24,Active
EMP0832,Rekha Mathur,Female,34,Single,Bachelor's Degree,Finance,Accountant,Mid,Bengaluru,2025-05-25,Active
EMP0833,Manish Pillai,Male,30,Single,High School,Sales,Senior Sales Executive,Mid,Gurugram,2022-12-05,Active
EMP0834,Shalini Pillai,Female,36,Single,Bachelor's Degree,Operations,Operations Analyst,Mid,Bengaluru,2024-12-25,Active
EMP0835,Arjun Rao,Male,23,Married,Bachelor's Degree,Operations,Operations Executive,Entry,Chennai,2025-03-19,Active
EMP0836,Riya Verma,Female,28,Married,Bachelor's Degree,Finance,Accountant,Mid,Mumbai,2021-09-04,Active
EMP0837,Diya Shah,Female,34,Married,Bachelor's Degree,Operations,Senior Operations Analyst,Senior,Delhi NCR,2019-05-26,Active
EMP0838,Amit Kapoor,Male,29,Married,Bachelor's Degree,Procurement,Purchase Associate,Entry,Delhi NCR,2025-07-06,Exited
EMP0839,Amit Agarwal,Male,43,Single,Diploma,Sales,Senior Business Development Manager,Senior,Mumbai,2021-04-30,Active
EMP0840,Vidya Mehta,Female,29,Single,Bachelor's Degree,Finance,Accounts Executive,Entry,Mumbai,2025-03-08,Exited
EMP0841,Rahul Ghosh,Male,43,Married,Master's Degree,IT,Senior Software Engineer,Senior,Chennai,2021-03-12,Active
EMP0842,Ishaan Patel,Male,35,Married,Master's Degree,Marketing,Senior Marketing Specialist,Senior,Pune,2021-04-12,Active
EMP0843,Ananya Chatterjee,Female,34,Married,Master's Degree,Finance,Financial Analyst Lead,Senior,Gurugram,2017-04-26,Active
EMP0844,Krishna Patel,Male,27,Single,Bachelor's Degree,Sales,Business Development Executive,Mid,Pune,2024-10-27,Active
EMP0845,Kiara Malhotra,Female,55,Single,Master's Degree,IT,VP of Engineering,Director,Bengaluru,2005-01-07,Active
EMP0846,Ajay Agarwal,Male,25,Married,Master's Degree,Customer Support,Technical Support Engineer,Mid,Pune,2023-10-22,Active
EMP0847,Ananya Pandey,Female,41,Single,Master's Degree,Sales,Key Account Manager,Senior,Bengaluru,2018-02-10,Active
EMP0848,Arjun Gupta,Male,34,Single,Bachelor's Degree,Operations,Operations Team Lead,Senior,Pune,2017-10-14,Active
EMP0849,Nikhil Menon,Male,25,Single,Master's Degree,IT,Software Engineer I,Entry,Bengaluru,2025-05-17,Exited
EMP0850,Rohan Mathur,Male,25,Married,Bachelor's Degree,Procurement,Procurement Executive,Entry,Noida,2023-08-18,Active
EMP0851,Aadhya Gupta,Female,36,Married,Bachelor's Degree,IT,Systems Administrator,Mid,Delhi NCR,2024-01-01,Active
EMP0852,Riya Pillai,Female,22,Single,Bachelor's Degree,IT,Software Engineer I,Entry,Bengaluru,2025-03-12,Exited
EMP0853,Nisha Verma,Female,28,Single,Bachelor's Degree,Customer Support,Senior Support Associate,Mid,Delhi NCR,2025-02-11,Exited
EMP0854,Dhruv Iyer,Male,36,Married,Master's Degree,Customer Support,Senior Support Associate,Mid,Kolkata,2021-02-08,Exited
EMP0855,Vivaan Joshi,Male,35,Married,Master's Degree,IT,Software Engineer II,Mid,Bengaluru,2024-09-08,Active
EMP0856,Ritu Nair,Female,26,Married,Bachelor's Degree,Sales,Sales Executive,Entry,Pune,2024-03-15,Active
EMP0857,Pallavi Agarwal,Female,37,Single,Bachelor's Degree,Operations,Senior Operations Analyst,Senior,Chennai,2021-12-04,Active
EMP0858,Rahul Dutta,Male,26,Married,Bachelor's Degree,Customer Support,Senior Support Associate,Mid,Bengaluru,2022-11-28,Active
EMP0859,Ira Mehta,Female,29,Married,Bachelor's Degree,Sales,Senior Business Development Manager,Senior,Chennai,2022-08-12,Active
EMP0860,Sanjay Rao,Male,29,Single,Bachelor's Degree,Finance,Finance Analyst,Entry,Kolkata,2025-09-19,Active
EMP0861,Gaurav Yadav,Male,25,Single,Diploma,Operations,Senior Process Associate,Mid,Pune,2023-09-22,Active
EMP0862,Vidya Joshi,Female,28,Divorced,Bachelor's Degree,Operations,Operations Executive,Entry,Mumbai,2023-09-17,Active
EMP0863,Siddharth Chawla,Male,44,Married,Bachelor's Degree,Marketing,Brand Strategist,Senior,Kolkata,2019-04-13,Exited
EMP0864,Vihaan Das,Male,35,Widowed,Bachelor's Degree,Finance,Accountant,Mid,Bengaluru,2022-07-31,Active
EMP0865,Rahul Jain,Male,47,Married,PhD,IT,Engineering Manager,Manager,Hyderabad,2023-07-10,Active
EMP0866,Sunita Dutta,Female,25,Single,Diploma,Customer Support,Customer Support Associate,Entry,Bengaluru,2024-08-06,Active
EMP0867,Rahul Nair,Male,36,Single,Master's Degree,Customer Support,Technical Support Engineer,Mid,Gurugram,2023-09-09,Active
EMP0868,Pari Trivedi,Female,26,Married,Bachelor's Degree,Marketing,Digital Marketing Associate,Entry,Delhi NCR,2023-10-20,Active
EMP0869,Karan Jain,Male,32,Married,Bachelor's Degree,IT,Data Analyst,Mid,Noida,2024-02-17,Active
EMP0870,Vikram Trivedi,Male,28,Married,High School,IT,Data Analyst,Mid,Bengaluru,2023-08-04,Active
EMP0871,Reyansh Nair,Male,28,Married,Master's Degree,Operations,Senior Process Associate,Mid,Mumbai,2021-06-03,Active
EMP0872,Anil Menon,Male,27,Married,Bachelor's Degree,IT,QA Engineer,Entry,Gurugram,2025-09-20,Active
EMP0873,Ajay Iyer,Male,28,Single,Bachelor's Degree,Procurement,Procurement Executive,Entry,Hyderabad,2025-08-13,Active
EMP0874,Ishaan Mathur,Male,26,Single,Bachelor's Degree,Sales,Inside Sales Representative,Entry,Chennai,2023-09-23,Active
EMP0875,Pallavi Gupta,Female,48,Divorced,Diploma,Operations,VP of Operations,Director,Bengaluru,2004-05-18,Active
EMP0876,Nisha Gupta,Female,28,Married,Master's Degree,Customer Support,Senior Support Associate,Mid,Bengaluru,2025-04-19,Active
EMP0877,Diya Chawla,Female,23,Married,Master's Degree,Sales,Inside Sales Representative,Entry,Hyderabad,2024-08-01,Active
EMP0878,Diya Das,Female,40,Divorced,Bachelor's Degree,Sales,VP of Sales,Director,Noida,2017-04-30,Active
EMP0879,Arjun Desai,Male,22,Married,Bachelor's Degree,HR,HR Executive,Entry,Gurugram,2025-09-20,Active
EMP0880,Vivaan Singh,Male,36,Married,Bachelor's Degree,HR,Talent Acquisition Specialist,Mid,Chennai,2023-04-28,Exited
EMP0881,Rohan Jain,Male,42,Married,Master's Degree,Sales,Senior Business Development Manager,Senior,Delhi NCR,2021-12-04,Active
EMP0882,Rahul Patel,Male,33,Married,Bachelor's Degree,HR,HR Manager,Manager,Chennai,2022-09-09,Active
EMP0883,Karan Joshi,Male,35,Divorced,Master's Degree,Customer Support,Senior Technical Support Engineer,Senior,Mumbai,2018-07-10,Active
EMP0884,Kabir Bhatt,Male,35,Single,Master's Degree,Sales,Business Development Executive,Mid,Chennai,2025-04-12,Active
EMP0885,Rohan Chatterjee,Male,55,Married,Bachelor's Degree,IT,VP of Engineering,Director,Chennai,2017-12-27,Active
EMP0886,Sanjay Kumar,Male,28,Married,Bachelor's Degree,Sales,Inside Sales Representative,Entry,Mumbai,2025-07-07,Active
EMP0887,Ira Iyer,Female,39,Single,Bachelor's Degree,Sales,VP of Sales,Director,Bengaluru,2019-06-01,Active
EMP0888,Sunita Naidu,Female,49,Married,PhD,IT,IT Project Manager,Manager,Kolkata,2015-03-17,Active
EMP0889,Rajesh Nair,Male,44,Single,Master's Degree,IT,IT Project Manager,Manager,Mumbai,2024-11-24,Active
EMP0890,Karan Singh,Male,28,Single,Bachelor's Degree,Operations,Operations Executive,Entry,Gurugram,2024-11-21,Active
EMP0891,Ritu Chatterjee,Female,26,Single,Bachelor's Degree,Sales,Sales Executive,Entry,Pune,2025-03-16,Active
EMP0892,Dhruv Joshi,Male,35,Married,Bachelor's Degree,Customer Support,Support Team Lead,Senior,Pune,2020-11-19,Active
EMP0893,Anil Naidu,Male,36,Single,Bachelor's Degree,IT,Software Engineer II,Mid,Pune,2023-11-20,Active
EMP0894,Nisha Menon,Female,31,Married,Bachelor's Degree,IT,Systems Administrator,Mid,Pune,2025-03-20,Exited
EMP0895,Ajay Bose,Male,40,Single,Bachelor's Degree,Operations,Process Excellence Manager,Manager,Delhi NCR,2019-01-03,Active
EMP0896,Amit Malhotra,Male,29,Single,Bachelor's Degree,Customer Support,Senior Support Associate,Mid,Noida,2020-12-25,Active
EMP0897,Harsh Yadav,Male,27,Single,Bachelor's Degree,IT,Software Engineer I,Entry,Mumbai,2025-09-08,Active
EMP0898,Kiara Naidu,Female,25,Single,PhD,IT,Systems Administrator,Mid,Mumbai,2024-01-28,Active
EMP0899,Sneha Iyer,Female,29,Single,Bachelor's Degree,IT,QA Engineer,Entry,Hyderabad,2025-07-10,Exited
EMP0900,Neha Rana,Female,25,Single,Bachelor's Degree,Finance,Accounts Executive,Entry,Mumbai,2025-09-22,Active
EMP0901,Varun Saxena,Male,28,Married,Master's Degree,Sales,Sales Executive,Entry,Bengaluru,2024-03-15,Active
EMP0902,Yash Choudhary,Male,38,Married,Bachelor's Degree,IT,Senior Software Engineer,Senior,Gurugram,2018-03-21,Active
EMP0903,Ritu Nair,Female,41,Married,Master's Degree,IT,Senior Software Engineer,Senior,Noida,2015-10-15,Active
EMP0904,Kiara Nair,Female,28,Married,Master's Degree,Finance,Accountant,Mid,Hyderabad,2021-04-15,Active
EMP0905,Shalini Ghosh,Female,34,Married,High School,Customer Support,Technical Support Engineer,Mid,Mumbai,2024-07-03,Active
EMP0906,Rekha Pillai,Female,38,Married,Bachelor's Degree,Operations,Senior Operations Analyst,Senior,Hyderabad,2021-01-11,Active
EMP0907,Dhruv Malhotra,Male,39,Single,Master's Degree,Finance,Senior Accountant,Senior,Kolkata,2018-10-23,Exited
EMP0908,Riya Banerjee,Female,41,Widowed,Master's Degree,IT,Engineering Manager,Manager,Hyderabad,2014-10-25,Active
EMP0909,Ira Agarwal,Female,27,Married,Master's Degree,IT,Software Engineer II,Mid,Noida,2023-11-28,Active
EMP0910,Aadhya Patel,Female,33,Married,Master's Degree,Sales,Senior Business Development Manager,Senior,Gurugram,2022-08-01,Active
EMP0911,Ananya Nair,Female,33,Married,Bachelor's Degree,Operations,Senior Process Associate,Mid,Kolkata,2023-05-22,Active
EMP0912,Sai Reddy,Male,26,Married,Bachelor's Degree,Customer Support,Technical Support Engineer,Mid,Gurugram,2024-11-21,Active
EMP0913,Ananya Trivedi,Female,42,Single,Bachelor's Degree,Customer Support,Support Operations Manager,Manager,Delhi NCR,2014-05-01,Exited
EMP0914,Sai Choudhary,Male,31,Single,Bachelor's Degree,Procurement,Procurement Analyst,Mid,Mumbai,2025-05-24,Active
EMP0915,Aditya Khan,Male,31,Single,Bachelor's Degree,Procurement,Procurement Analyst,Mid,Mumbai,2022-04-21,Active
EMP0916,Navya Pandey,Female,29,Married,Bachelor's Degree,Customer Support,Technical Support Associate,Entry,Bengaluru,2025-04-18,Exited
EMP0917,Meera Rastogi,Female,27,Married,Diploma,IT,Systems Administrator,Mid,Kolkata,2021-07-04,Active
EMP0918,Isha Agarwal,Female,30,Single,Bachelor's Degree,IT,Data Analyst,Mid,Mumbai,2023-04-21,Active
EMP0919,Sanjay Trivedi,Male,39,Single,Bachelor's Degree,Sales,Key Account Manager,Senior,Delhi NCR,2020-10-23,Exited
EMP0920,Aryan Khan,Male,30,Married,Master's Degree,Finance,Senior Finance Analyst,Mid,Bengaluru,2018-12-26,Active
EMP0921,Yash Naidu,Male,24,Married,Master's Degree,IT,IT Support Engineer,Entry,Pune,2024-05-29,Exited
EMP0922,Rekha Rao,Female,33,Married,Bachelor's Degree,Marketing,Marketing Manager,Manager,Hyderabad,2020-01-30,Active
EMP0923,Shreya Kulkarni,Female,26,Single,Bachelor's Degree,HR,HR Generalist,Mid,Hyderabad,2024-11-16,Exited
EMP0924,Rekha Rao,Female,34,Married,Master's Degree,Finance,Financial Controller,Manager,Mumbai,2015-06-27,Exited
EMP0925,Ajay Reddy,Male,22,Married,Bachelor's Degree,IT,Software Engineer I,Entry,Hyderabad,2025-09-12,Active
EMP0926,Kabir Malhotra,Male,31,Single,Master's Degree,IT,Systems Administrator,Mid,Delhi NCR,2023-01-01,Active
EMP0927,Kiara Yadav,Female,31,Single,Diploma,IT,Systems Administrator,Mid,Pune,2019-09-14,Exited
EMP0928,Harsh Nair,Male,36,Married,Bachelor's Degree,Customer Support,Support Team Lead,Senior,Pune,2017-10-14,Exited
EMP0929,Navya Gupta,Female,27,Married,Bachelor's Degree,HR,HR Executive,Entry,Gurugram,2022-11-18,Exited
EMP0930,Anjali Chawla,Female,36,Married,Bachelor's Degree,Operations,Process Excellence Manager,Manager,Gurugram,2016-12-27,Active
EMP0931,Siddharth Iyer,Male,29,Single,Master's Degree,Sales,Senior Sales Executive,Mid,Pune,2024-08-03,Active
EMP0932,Sai Verma,Male,35,Married,PhD,Sales,Business Development Executive,Mid,Chennai,2025-09-14,Active
EMP0933,Kavya Naidu,Female,35,Married,Bachelor's Degree,Sales,Senior Sales Executive,Mid,Hyderabad,2023-04-26,Active
EMP0934,Myra Yadav,Female,22,Single,Bachelor's Degree,Operations,Operations Executive,Entry,Gurugram,2025-07-05,Exited
EMP0935,Navya Agarwal,Female,36,Married,Master's Degree,Marketing,Content Strategist,Mid,Noida,2024-03-05,Active
EMP0936,Sunita Bhatt,Female,25,Single,Master's Degree,IT,IT Support Engineer,Entry,Hyderabad,2024-11-27,Active
EMP0937,Rahul Chatterjee,Male,35,Married,Diploma,Customer Support,Technical Support Engineer,Mid,Mumbai,2024-02-07,Active
EMP0938,Pooja Shah,Female,34,Single,Bachelor's Degree,IT,DevOps Engineer,Senior,Bengaluru,2019-05-27,Active
EMP0939,Kiara Rastogi,Female,28,Married,Bachelor's Degree,Customer Support,Technical Support Engineer,Mid,Hyderabad,2022-08-11,Active
EMP0940,Gaurav Yadav,Male,22,Married,Bachelor's Degree,IT,IT Support Engineer,Entry,Hyderabad,2025-03-22,Active
EMP0941,Ira Das,Female,27,Married,Master's Degree,IT,IT Support Engineer,Entry,Gurugram,2025-03-21,Active
EMP0942,Vivaan Kumar,Male,24,Single,Master's Degree,Marketing,Marketing Executive,Entry,Hyderabad,2024-08-14,Exited
EMP0943,Nikhil Kumar,Male,24,Single,Master's Degree,IT,Software Engineer I,Entry,Bengaluru,2025-09-19,Active
EMP0944,Anil Gupta,Male,29,Divorced,Bachelor's Degree,Sales,Business Development Executive,Mid,Bengaluru,2023-02-15,Active
EMP0945,Pooja Singh,Female,27,Married,Master's Degree,Sales,Inside Sales Representative,Entry,Gurugram,2025-03-06,Active
EMP0946,Rahul Verma,Male,46,Single,Bachelor's Degree,IT,IT Project Manager,Manager,Bengaluru,2010-12-05,Active
EMP0947,Dhruv Saxena,Male,27,Married,High School,Operations,Process Associate,Entry,Delhi NCR,2025-04-28,Active
EMP0948,Pallavi Kumar,Female,25,Single,Bachelor's Degree,Customer Support,Technical Support Associate,Entry,Hyderabad,2024-02-06,Exited
EMP0949,Dhruv Malhotra,Male,36,Widowed,Master's Degree,Customer Support,Support Operations Manager,Manager,Hyderabad,2023-04-12,Active
EMP0950,Sneha Bhatt,Female,25,Single,Master's Degree,Sales,Sales Executive,Entry,Noida,2025-09-09,Active
EMP0951,Priya Yadav,Female,25,Married,Master's Degree,Finance,Accountant,Mid,Gurugram,2025-06-04,Active
EMP0952,Siddharth Mathur,Male,52,Married,Bachelor's Degree,IT,IT Director,Director,Delhi NCR,2004-06-30,Active
EMP0953,Sanjay Banerjee,Male,42,Single,Bachelor's Degree,IT,IT Project Manager,Manager,Chennai,2015-12-31,Active
EMP0954,Ira Reddy,Female,36,Married,Bachelor's Degree,IT,DevOps Engineer,Senior,Chennai,2018-05-22,Active
EMP0955,Siddharth Pandey,Male,23,Married,Bachelor's Degree,Customer Support,Customer Support Associate,Entry,Noida,2025-08-12,Exited
EMP0956,Kabir Sharma,Male,27,Married,Bachelor's Degree,Customer Support,Senior Support Associate,Mid,Bengaluru,2024-05-29,Active
EMP0957,Nisha Mehta,Female,51,Divorced,PhD,Marketing,Marketing Director,Director,Bengaluru,2014-09-04,Active
EMP0958,Riya Gupta,Female,49,Divorced,Bachelor's Degree,Finance,Finance Manager,Manager,Kolkata,2025-06-26,Active
EMP0959,Ananya Chawla,Female,28,Married,Master's Degree,Finance,Finance Analyst,Entry,Delhi NCR,2024-08-13,Active
EMP0960,Rajesh Sharma,Male,25,Single,Master's Degree,Finance,Accountant,Mid,Mumbai,2022-03-10,Active
EMP0961,Diya Kapoor,Female,22,Single,Bachelor's Degree,Finance,Accounts Executive,Entry,Mumbai,2025-06-24,Active
EMP0962,Sunita Pillai,Female,26,Single,High School,Sales,Inside Sales Representative,Entry,Gurugram,2024-02-03,Active
EMP0963,Preeti Kulkarni,Female,41,Married,High School,IT,Senior Software Engineer,Senior,Delhi NCR,2017-12-29,Active
EMP0964,Isha Singh,Female,23,Single,Bachelor's Degree,IT,QA Engineer,Entry,Bengaluru,2024-04-14,Active
EMP0965,Sunita Bose,Female,28,Single,Master's Degree,Customer Support,Technical Support Engineer,Mid,Bengaluru,2023-02-06,Active
EMP0966,Vivaan Pandey,Male,22,Single,Bachelor's Degree,Finance,Accounts Executive,Entry,Hyderabad,2025-07-08,Active
EMP0967,Gaurav Menon,Male,26,Married,Master's Degree,Customer Support,Technical Support Engineer,Mid,Chennai,2024-01-02,Active
EMP0968,Anil Banerjee,Male,25,Single,Bachelor's Degree,IT,IT Support Engineer,Entry,Pune,2024-12-31,Exited
EMP0969,Sai Trivedi,Male,26,Single,Bachelor's Degree,Finance,Accountant,Mid,Chennai,2023-06-28,Active
EMP0970,Rohan Rastogi,Male,25,Single,High School,IT,IT Support Engineer,Entry,Delhi NCR,2025-01-31,Active
EMP0971,Rohan Mukherjee,Male,39,Married,Master's Degree,IT,VP of Engineering,Director,Chennai,2016-06-04,Active
EMP0972,Sunita Chatterjee,Female,24,Married,Bachelor's Degree,IT,IT Support Engineer,Entry,Chennai,2024-12-03,Active
EMP0973,Ajay Verma,Male,30,Single,Master's Degree,IT,Systems Administrator,Mid,Pune,2022-07-10,Active
EMP0974,Aarav Reddy,Male,29,Divorced,Bachelor's Degree,Customer Support,Customer Support Associate,Entry,Mumbai,2025-09-18,Active
EMP0975,Krishna Gupta,Male,25,Single,Bachelor's Degree,Sales,Sales Executive,Entry,Gurugram,2025-09-18,Active
EMP0976,Aryan Sharma,Male,23,Single,Bachelor's Degree,HR,Talent Acquisition Associate,Entry,Bengaluru,2025-08-08,Active
EMP0977,Ritu Nair,Female,24,Single,Bachelor's Degree,Sales,Sales Executive,Entry,Bengaluru,2024-04-15,Active
EMP0978,Yash Bose,Male,26,Married,Master's Degree,Sales,Sales Executive,Entry,Gurugram,2024-08-10,Exited
EMP0979,Rajesh Saxena,Male,26,Single,Diploma,Finance,Accountant,Mid,Chennai,2022-07-04,Active
EMP0980,Swati Yadav,Female,34,Divorced,Diploma,IT,DevOps Engineer,Senior,Hyderabad,2017-11-16,Exited
EMP0981,Vikram Ghosh,Male,23,Single,Bachelor's Degree,Procurement,Procurement Executive,Entry,Pune,2024-10-15,Active
EMP0982,Rahul Ghosh,Male,33,Married,Bachelor's Degree,Marketing,Digital Marketing Specialist,Mid,Chennai,2021-04-15,Active
EMP0983,Neha Rao,Female,34,Divorced,Diploma,Operations,Senior Process Associate,Mid,Hyderabad,2024-06-27,Active
EMP0984,Harsh Malhotra,Male,28,Single,Bachelor's Degree,Sales,Inside Sales Representative,Entry,Chennai,2025-06-06,Exited
EMP0985,Anjali Singh,Female,35,Single,Bachelor's Degree,IT,Software Engineer II,Mid,Bengaluru,2022-12-27,Active
EMP0986,Swati Agarwal,Female,24,Single,Bachelor's Degree,Customer Support,Technical Support Associate,Entry,Hyderabad,2023-10-21,Active
EMP0987,Aadhya Mathur,Female,25,Single,Bachelor's Degree,Sales,Inside Sales Representative,Entry,Bengaluru,2025-08-05,Active
EMP0988,Yash Bose,Male,32,Married,Master's Degree,IT,Software Engineer II,Mid,Bengaluru,2024-10-14,Active
EMP0989,Kavya Shah,Female,45,Single,Bachelor's Degree,Sales,Sales Director,Director,Hyderabad,2022-07-12,Active
EMP0990,Saanvi Pandey,Female,58,Single,Bachelor's Degree,Marketing,VP of Marketing,Director,Delhi NCR,2011-06-29,Active
EMP0991,Gaurav Rao,Male,53,Married,Diploma,HR,HR Director,Director,Hyderabad,2013-12-24,Active
EMP0992,Sunita Verma,Female,34,Single,Bachelor's Degree,Operations,Operations Analyst,Mid,Chennai,2022-08-07,Active
EMP0993,Sanjay Verma,Male,29,Married,Bachelor's Degree,Marketing,Digital Marketing Associate,Entry,Pune,2024-02-04,Active
EMP0994,Vidya Nair,Female,25,Single,High School,IT,QA Engineer,Entry,Mumbai,2022-10-29,Exited
EMP0995,Pooja Malhotra,Female,22,Single,High School,Customer Support,Customer Support Associate,Entry,Delhi NCR,2025-06-27,Active
EMP0996,Deepak Banerjee,Male,23,Single,Bachelor's Degree,Sales,Sales Executive,Entry,Bengaluru,2025-01-28,Active
EMP0997,Yash Sharma,Male,23,Single,High School,HR,HR Executive,Entry,Gurugram,2025-09-16,Active
EMP0998,Kavya Rana,Female,34,Single,Bachelor's Degree,IT,Data Analyst,Mid,Bengaluru,2022-10-22,Exited
EMP0999,Ishaan Bhatt,Male,29,Single,Bachelor's Degree,Procurement,Procurement Executive,Entry,Noida,2025-09-13,Active
EMP1000,Karan Mukherjee,Male,22,Single,Bachelor's Degree,Sales,Inside Sales Representative,Entry,Mumbai,2025-04-27,Exited
EMP1001,Sanjay Agarwal,Male,32,Single,Master's Degree,IT,DevOps Engineer,Senior,Bengaluru,2019-01-10,Active
EMP1002,Anjali Agarwal,Female,29,Married,Bachelor's Degree,Sales,Business Development Executive,Mid,Gurugram,2024-08-17,Active
EMP1003,Yash Joshi,Male,43,Married,High School,IT,Engineering Manager,Manager,Bengaluru,2018-04-28,Active
EMP1004,Swati Ghosh,Female,28,Divorced,Bachelor's Degree,IT,Software Engineer I,Entry,Kolkata,2025-05-21,Active
EMP1005,Nisha Chawla,Female,35,Married,Diploma,HR,HR Generalist,Mid,Pune,2025-08-05,Active
EMP1006,Reyansh Das,Male,24,Single,Diploma,Sales,Inside Sales Representative,Entry,Pune,2025-08-06,Active
EMP1007,Rohan Kapoor,Male,28,Married,Bachelor's Degree,Customer Support,Technical Support Engineer,Mid,Hyderabad,2024-04-29,Active
EMP1008,Rahul Sharma,Male,25,Single,Bachelor's Degree,Sales,Inside Sales Representative,Entry,Pune,2025-06-01,Active
EMP1009,Preeti Bose,Female,25,Single,Diploma,Operations,Process Associate,Entry,Noida,2024-11-16,Active
EMP1010,Isha Das,Female,34,Single,Bachelor's Degree,Sales,Business Development Executive,Mid,Mumbai,2021-12-31,Active
EMP1011,Ajay Kumar,Male,29,Married,Bachelor's Degree,Operations,Operations Executive,Entry,Delhi NCR,2024-12-04,Active
EMP1012,Rohan Rana,Male,29,Single,Bachelor's Degree,HR,HR Executive,Entry,Bengaluru,2023-09-05,Active
EMP1013,Harsh Desai,Male,40,Single,High School,Sales,Regional Sales Manager,Manager,Noida,2013-08-07,Active
EMP1014,Pari Rao,Female,22,Married,Master's Degree,Customer Support,Technical Support Associate,Entry,Mumbai,2025-04-20,Active
EMP1015,Varun Kumar,Male,26,Divorced,Bachelor's Degree,Sales,Senior Sales Executive,Mid,Mumbai,2022-08-06,Active
EMP1016,Rajesh Banerjee,Male,35,Married,Master's Degree,IT,Software Engineer II,Mid,Hyderabad,2025-01-03,Exited
EMP1017,Kavya Rana,Female,28,Divorced,Bachelor's Degree,Operations,Process Associate,Entry,Bengaluru,2024-12-28,Exited
EMP1018,Nikhil Menon,Male,34,Single,Bachelor's Degree,Marketing,Content Strategist,Mid,Hyderabad,2023-07-07,Active
EMP1019,Dhruv Shah,Male,27,Married,Master's Degree,IT,IT Support Engineer,Entry,Noida,2025-02-09,Active
EMP1020,Vikram Choudhary,Male,36,Single,Bachelor's Degree,Sales,Senior Business Development Manager,Senior,Mumbai,2016-03-22,Active
EMP1021,Aadhya Pillai,Female,24,Married,Master's Degree,Customer Support,Technical Support Associate,Entry,Hyderabad,2025-01-07,Active
EMP1022,Manish Gupta,Male,29,Married,Master's Degree,Operations,Process Associate,Entry,Delhi NCR,2025-06-23,Active
EMP1023,Vidya Bose,Female,29,Single,Bachelor's Degree,Procurement,Procurement Executive,Entry,Pune,2023-01-07,Active
EMP1024,Manish Sharma,Male,36,Single,Bachelor's Degree,Finance,Finance Manager,Manager,Hyderabad,2017-03-22,Active
EMP1025,Amit Chawla,Male,40,Divorced,Bachelor's Degree,Operations,Operations Team Lead,Senior,Gurugram,2024-05-28,Exited
EMP1026,Saanvi Saxena,Female,48,Single,Bachelor's Degree,Sales,Sales Manager,Manager,Bengaluru,2020-04-29,Exited
EMP1027,Pallavi Reddy,Female,43,Single,Master's Degree,Customer Support,Support Team Lead,Senior,Delhi NCR,2019-07-05,Active
EMP1028,Anika Naidu,Female,41,Divorced,Bachelor's Degree,Sales,Senior Business Development Manager,Senior,Gurugram,2018-02-15,Active
EMP1029,Rekha Rastogi,Female,26,Single,Bachelor's Degree,Operations,Operations Analyst,Mid,Bengaluru,2025-09-18,Exited
EMP1030,Amit Ghosh,Male,34,Married,Bachelor's Degree,Sales,Sales Manager,Manager,Gurugram,2020-10-27,Active
EMP1031,Divya Desai,Female,27,Single,Bachelor's Degree,Finance,Accountant,Mid,Bengaluru,2024-07-31,Active
EMP1032,Sanjay Verma,Male,35,Single,Bachelor's Degree,Operations,Operations Analyst,Mid,Noida,2021-05-29,Exited
EMP1033,Reyansh Gupta,Male,33,Single,Bachelor's Degree,Finance,Financial Analyst Lead,Senior,Hyderabad,2020-09-23,Active
EMP1034,Swati Pandey,Female,32,Single,Bachelor's Degree,Customer Support,Technical Support Engineer,Mid,Bengaluru,2022-11-17,Exited
EMP1035,Ananya Rao,Female,23,Single,Master's Degree,Sales,Inside Sales Representative,Entry,Bengaluru,2024-10-10,Active
EMP1036,Krishna Shah,Male,35,Married,Bachelor's Degree,HR,Talent Acquisition Specialist,Mid,Pune,2021-03-23,Exited
EMP1037,Amit Kapoor,Male,22,Single,Bachelor's Degree,Sales,Inside Sales Representative,Entry,Hyderabad,2025-06-04,Active
EMP1038,Priya Nair,Female,48,Single,Bachelor's Degree,Sales,Sales Manager,Manager,Mumbai,2013-04-27,Active
EMP1039,Manish Saxena,Male,29,Single,Master's Degree,Sales,Senior Sales Executive,Mid,Noida,2018-10-25,Active
EMP1040,Manish Trivedi,Male,42,Married,Master's Degree,IT,Senior Software Engineer,Senior,Bengaluru,2020-03-16,Active
EMP1041,Harsh Yadav,Male,28,Single,Bachelor's Degree,IT,Software Engineer II,Mid,Hyderabad,2020-11-19,Active
EMP1042,Manish Verma,Male,33,Single,Master's Degree,Operations,Operations Team Lead,Senior,Bengaluru,2022-04-13,Active
EMP1043,Kabir Menon,Male,28,Divorced,Master's Degree,Operations,Operations Executive,Entry,Delhi NCR,2024-03-07,Exited
EMP1044,Anjali Yadav,Female,36,Divorced,Master's Degree,Operations,Operations Manager,Manager,Delhi NCR,2016-03-06,Active
EMP1045,Manish Banerjee,Male,35,Single,Master's Degree,IT,Data Analyst,Mid,Noida,2022-04-30,Active
EMP1046,Sanjay Malhotra,Male,28,Single,PhD,Sales,Sales Executive,Entry,Gurugram,2025-07-30,Exited
EMP1047,Swati Desai,Female,29,Married,Bachelor's Degree,IT,IT Support Engineer,Entry,Gurugram,2025-09-10,Active
EMP1048,Manish Chatterjee,Male,25,Single,Bachelor's Degree,Marketing,Marketing Executive,Entry,Bengaluru,2024-06-04,Active
EMP1049,Neha Singh,Female,36,Married,Bachelor's Degree,Customer Support,Senior Support Associate,Mid,Noida,2023-03-05,Active
EMP1050,Navya Kulkarni,Female,31,Married,Bachelor's Degree,IT,Data Scientist,Senior,Bengaluru,2021-03-11,Exited
EMP1051,Neha Iyer,Female,41,Single,Bachelor's Degree,Operations,Operations Manager,Manager,Gurugram,2020-02-02,Active
EMP1052,Ananya Bose,Female,39,Married,Bachelor's Degree,IT,DevOps Engineer,Senior,Noida,2019-05-24,Active
EMP1053,Sneha Desai,Female,34,Single,Master's Degree,IT,Software Engineer II,Mid,Hyderabad,2023-04-15,Active
EMP1054,Rekha Rao,Female,32,Married,Master's Degree,IT,Software Engineer II,Mid,Hyderabad,2024-03-25,Active
EMP1055,Shalini Naidu,Female,37,Married,Bachelor's Degree,Sales,Key Account Manager,Senior,Hyderabad,2020-10-19,Exited
EMP1056,Manish Menon,Male,42,Divorced,Bachelor's Degree,Operations,Operations Manager,Manager,Noida,2014-04-17,Active
EMP1057,Anjali Mehta,Female,27,Single,Bachelor's Degree,Customer Support,Customer Support Associate,Entry,Pune,2025-06-24,Active
EMP1058,Ira Mathur,Female,44,Married,Bachelor's Degree,IT,VP of Engineering,Director,Pune,2022-10-16,Active
EMP1059,Ishaan Naidu,Male,29,Single,Diploma,Finance,Accountant,Mid,Mumbai,2025-04-25,Exited
EMP1060,Rekha Desai,Female,41,Married,Bachelor's Degree,Operations,Senior Operations Analyst,Senior,Gurugram,2016-02-04,Active
EMP1061,Ishaan Yadav,Male,47,Single,Master's Degree,Customer Support,Customer Support Director,Director,Delhi NCR,2005-09-18,Active
EMP1062,Ajay Bhatt,Male,34,Single,Bachelor's Degree,HR,Senior HR Generalist,Senior,Gurugram,2024-12-01,Active
EMP1063,Diya Menon,Female,27,Single,Master's Degree,IT,QA Engineer,Entry,Chennai,2023-12-31,Exited
EMP1064,Dhruv Patel,Male,34,Married,Bachelor's Degree,HR,Talent Acquisition Specialist,Mid,Hyderabad,2021-10-24,Active
EMP1065,Dhruv Nair,Male,29,Single,Bachelor's Degree,Sales,Sales Executive,Entry,Hyderabad,2024-04-24,Active
EMP1066,Rajesh Menon,Male,40,Married,Diploma,Procurement,Vendor Manager,Senior,Delhi NCR,2016-12-31,Active
EMP1067,Anjali Joshi,Female,22,Single,Bachelor's Degree,Sales,Inside Sales Representative,Entry,Bengaluru,2025-09-19,Active
EMP1068,Suresh Pandey,Male,32,Married,Bachelor's Degree,Operations,Senior Operations Analyst,Senior,Delhi NCR,2017-09-21,Active
EMP1069,Myra Menon,Female,41,Divorced,Bachelor's Degree,IT,Technical Lead,Manager,Kolkata,2025-02-07,Exited
EMP1070,Ritu Desai,Female,27,Single,Master's Degree,Sales,Sales Executive,Entry,Pune,2024-12-02,Active
EMP1071,Anika Yadav,Female,26,Married,Bachelor's Degree,Customer Support,Technical Support Engineer,Mid,Hyderabad,2023-04-16,Active
EMP1072,Pari Rana,Female,39,Single,Diploma,HR,Senior HR Generalist,Senior,Kolkata,2019-03-11,Active
EMP1073,Anjali Das,Female,35,Married,Bachelor's Degree,Sales,Senior Sales Executive,Mid,Pune,2022-11-17,Active
EMP1074,Sai Dutta,Male,25,Single,Master's Degree,Customer Support,Customer Support Associate,Entry,Bengaluru,2025-08-15,Active
EMP1075,Divya Trivedi,Female,28,Single,Bachelor's Degree,Customer Support,Technical Support Associate,Entry,Pune,2022-05-22,Active
EMP1076,Ajay Gupta,Male,29,Married,Master's Degree,Sales,Business Development Executive,Mid,Bengaluru,2021-03-25,Active
EMP1077,Rajesh Chatterjee,Male,37,Single,Bachelor's Degree,Finance,Senior Accountant,Senior,Bengaluru,2024-02-05,Exited
EMP1078,Harsh Mehta,Male,25,Single,Bachelor's Degree,Finance,Senior Finance Analyst,Mid,Bengaluru,2023-09-21,Active
EMP1079,Ananya Kulkarni,Female,27,Single,Bachelor's Degree,HR,Talent Acquisition Associate,Entry,Pune,2024-10-15,Active
EMP1080,Vikram Choudhary,Male,36,Married,Master's Degree,Sales,Business Development Executive,Mid,Pune,2023-07-12,Active
EMP1081,Navya Kapoor,Female,28,Widowed,Master's Degree,IT,Software Engineer II,Mid,Gurugram,2021-08-18,Active
EMP1082,Varun Rastogi,Male,24,Single,Diploma,Customer Support,Technical Support Associate,Entry,Mumbai,2025-09-18,Exited
EMP1083,Yash Chatterjee,Male,33,Married,Bachelor's Degree,Customer Support,Support Team Lead,Senior,Noida,2022-03-18,Active
EMP1084,Gaurav Mukherjee,Male,28,Divorced,Bachelor's Degree,Marketing,Marketing Executive,Entry,Chennai,2025-06-27,Active
EMP1085,Shalini Bose,Female,30,Married,Master's Degree,Procurement,Procurement Analyst,Mid,Bengaluru,2025-04-26,Active
EMP1086,Arjun Mathur,Male,48,Married,Master's Degree,Operations,Process Excellence Manager,Manager,Bengaluru,2022-10-14,Exited
EMP1087,Siddharth Saxena,Male,25,Single,Bachelor's Degree,Operations,Senior Process Associate,Mid,Gurugram,2024-04-20,Active
EMP1088,Nikhil Mehta,Male,30,Divorced,Bachelor's Degree,Operations,Senior Process Associate,Mid,Bengaluru,2025-02-15,Active
EMP1089,Yash Rao,Male,25,Single,Bachelor's Degree,Finance,Accounts Executive,Entry,Pune,2024-11-15,Active
EMP1090,Nisha Mehta,Female,28,Married,Master's Degree,Sales,Sales Executive,Entry,Bengaluru,2024-05-26,Active
EMP1091,Sanjay Pillai,Male,23,Single,Bachelor's Degree,IT,Software Engineer I,Entry,Pune,2025-09-06,Active
EMP1092,Krishna Shah,Male,38,Single,High School,HR,HR Business Partner,Senior,Pune,2024-01-11,Exited
EMP1093,Ira Dutta,Female,29,Married,Master's Degree,Sales,Senior Business Development Manager,Senior,Noida,2020-11-26,Active
EMP1094,Sanjay Kulkarni,Male,28,Married,Diploma,IT,Software Engineer I,Entry,Delhi NCR,2025-06-03,Active
EMP1095,Siddharth Pillai,Male,26,Married,Bachelor's Degree,HR,HR Executive,Entry,Pune,2025-09-13,Exited
EMP1096,Rekha Kumar,Female,29,Married,Bachelor's Degree,Sales,Inside Sales Representative,Entry,Mumbai,2025-01-31,Active
EMP1097,Shalini Mukherjee,Female,30,Single,Master's Degree,IT,Software Engineer II,Mid,Mumbai,2023-06-26,Active
EMP1098,Priya Kapoor,Female,29,Divorced,Bachelor's Degree,Marketing,Content Strategist,Mid,Hyderabad,2022-12-22,Active
EMP1099,Anil Naidu,Male,35,Single,Bachelor's Degree,Customer Support,Senior Technical Support Engineer,Senior,Gurugram,2023-04-26,Active
EMP1100,Sanjay Reddy,Male,50,Single,Master's Degree,IT,Engineering Manager,Manager,Mumbai,2011-07-08,Active
EMP1101,Arjun Yadav,Male,26,Married,Master's Degree,IT,Software Engineer I,Entry,Delhi NCR,2024-05-21,Active
EMP1102,Yash Iyer,Male,29,Married,Bachelor's Degree,Sales,Senior Business Development Manager,Senior,Bengaluru,2020-04-14,Active
EMP1103,Harsh Kumar,Male,36,Married,Bachelor's Degree,Marketing,Digital Marketing Specialist,Mid,Bengaluru,2021-10-24,Exited
EMP1104,Vidya Rana,Female,23,Single,Bachelor's Degree,Marketing,Marketing Executive,Entry,Delhi NCR,2024-09-16,Active
EMP1105,Meera Patel,Female,34,Married,Bachelor's Degree,IT,Engineering Manager,Manager,Gurugram,2021-07-08,Active
EMP1106,Sanjay Rao,Male,24,Single,Diploma,Marketing,Digital Marketing Associate,Entry,Hyderabad,2023-10-14,Active
EMP1107,Kabir Jain,Male,32,Married,Bachelor's Degree,IT,DevOps Engineer,Senior,Chennai,2019-01-09,Active
EMP1108,Aadhya Mukherjee,Female,31,Single,Bachelor's Degree,Sales,Key Account Manager,Senior,Noida,2020-12-31,Active
EMP1109,Sanjay Reddy,Male,34,Widowed,Bachelor's Degree,Procurement,Sourcing Manager,Manager,Mumbai,2019-01-03,Active
EMP1110,Aryan Sharma,Male,33,Married,Master's Degree,IT,Software Engineer II,Mid,Delhi NCR,2023-09-13,Active
EMP1111,Manish Reddy,Male,25,Single,High School,IT,Software Engineer I,Entry,Delhi NCR,2025-09-04,Active
EMP1112,Kiara Agarwal,Female,32,Single,Master's Degree,Sales,Key Account Manager,Senior,Hyderabad,2020-11-19,Active
EMP1113,Anika Shah,Female,36,Divorced,Diploma,HR,Senior HR Generalist,Senior,Bengaluru,2025-05-19,Exited
EMP1114,Deepak Saxena,Male,26,Single,High School,Customer Support,Technical Support Engineer,Mid,Noida,2021-11-21,Active
EMP1115,Aditya Bose,Male,40,Single,High School,Procurement,Vendor Manager,Senior,Mumbai,2019-10-22,Active
EMP1116,Kavya Iyer,Female,27,Single,Bachelor's Degree,IT,Software Engineer I,Entry,Noida,2023-10-10,Active
EMP1117,Rekha Chatterjee,Female,35,Divorced,Master's Degree,IT,Data Analyst,Mid,Pune,2020-11-24,Active
EMP1118,Ira Iyer,Female,34,Divorced,Master's Degree,Marketing,Brand Manager,Manager,Bengaluru,2017-01-04,Active
EMP1119,Gaurav Singh,Male,26,Married,Master's Degree,IT,QA Engineer,Entry,Bengaluru,2024-03-08,Active
EMP1120,Riya Shah,Female,25,Single,Bachelor's Degree,Customer Support,Senior Support Associate,Mid,Bengaluru,2022-11-16,Active
EMP1121,Preeti Saxena,Female,44,Married,Bachelor's Degree,Operations,Operations Director,Director,Gurugram,2009-08-08,Exited
EMP1122,Divya Chatterjee,Female,36,Single,Bachelor's Degree,IT,Data Scientist,Senior,Bengaluru,2019-10-13,Active
EMP1123,Manish Kapoor,Male,49,Married,Bachelor's Degree,Marketing,Marketing Manager,Manager,Noida,2012-01-01,Active
EMP1124,Shalini Kulkarni,Female,32,Single,Bachelor's Degree,IT,Data Analyst,Mid,Gurugram,2021-05-27,Active
EMP1125,Aarav Trivedi,Male,47,Married,Master's Degree,Sales,Sales Director,Director,Hyderabad,2012-04-19,Active
EMP1126,Sai Das,Male,22,Single,Bachelor's Degree,Finance,Finance Analyst,Entry,Mumbai,2025-09-13,Active
EMP1127,Karan Mehta,Male,36,Single,Bachelor's Degree,Finance,Senior Finance Analyst,Mid,Chennai,2025-03-07,Exited
EMP1128,Shalini Rana,Female,27,Married,Bachelor's Degree,Operations,Senior Process Associate,Mid,Bengaluru,2022-04-13,Exited
EMP1129,Arjun Das,Male,41,Married,PhD,Operations,Operations Team Lead,Senior,Pune,2020-09-07,Active
EMP1130,Neha Kulkarni,Female,38,Married,Bachelor's Degree,Procurement,Procurement Manager,Manager,Pune,2011-03-13,Active
EMP1131,Nikhil Malhotra,Male,42,Married,Bachelor's Degree,Procurement,Vendor Manager,Senior,Kolkata,2013-07-10,Active
EMP1132,Aarav Agarwal,Male,34,Single,Master's Degree,Finance,Senior Finance Analyst,Mid,Kolkata,2024-02-10,Active
EMP1133,Reyansh Shah,Male,30,Married,Bachelor's Degree,IT,Systems Administrator,Mid,Noida,2023-01-09,Active
EMP1134,Swati Iyer,Female,26,Single,Bachelor's Degree,Operations,Senior Process Associate,Mid,Pune,2023-03-25,Active
EMP1135,Aarav Kapoor,Male,36,Married,Master's Degree,Procurement,Vendor Coordinator,Mid,Chennai,2021-12-29,Active
EMP1136,Anil Agarwal,Male,24,Single,Bachelor's Degree,Sales,Inside Sales Representative,Entry,Mumbai,2024-10-24,Active
EMP1137,Arjun Rastogi,Male,28,Single,Bachelor's Degree,Sales,Business Development Executive,Mid,Delhi NCR,2021-09-22,Active
EMP1138,Aryan Naidu,Male,36,Married,Bachelor's Degree,Sales,Regional Sales Manager,Manager,Chennai,2015-06-02,Active
EMP1139,Reyansh Dutta,Male,35,Divorced,Master's Degree,IT,DevOps Engineer,Senior,Hyderabad,2017-07-11,Active
EMP1140,Ishaan Mathur,Male,42,Single,Bachelor's Degree,Operations,Operations Team Lead,Senior,Noida,2014-09-22,Active
EMP1141,Aryan Pandey,Male,29,Widowed,Master's Degree,Sales,Senior Sales Executive,Mid,Pune,2023-11-26,Exited
EMP1142,Divya Reddy,Female,34,Married,PhD,Marketing,Content Strategist,Mid,Chennai,2022-04-17,Active
EMP1143,Aditya Pillai,Male,22,Single,Master's Degree,Marketing,Marketing Executive,Entry,Mumbai,2025-06-26,Active
EMP1144,Sai Ghosh,Male,33,Married,Bachelor's Degree,Marketing,Content Strategist,Mid,Hyderabad,2022-11-28,Active
EMP1145,Arjun Desai,Male,35,Married,Master's Degree,Sales,Business Development Executive,Mid,Gurugram,2020-08-03,Active
EMP1146,Reyansh Patel,Male,25,Single,Master's Degree,Sales,Inside Sales Representative,Entry,Bengaluru,2025-09-22,Active
EMP1147,Neha Desai,Female,27,Single,Bachelor's Degree,Operations,Operations Executive,Entry,Bengaluru,2025-09-21,Active
EMP1148,Aryan Chatterjee,Male,37,Married,Bachelor's Degree,Marketing,Brand Strategist,Senior,Bengaluru,2017-04-24,Active
EMP1149,Kabir Chatterjee,Male,33,Married,Bachelor's Degree,Finance,Accountant,Mid,Noida,2023-05-24,Active
EMP1150,Pooja Yadav,Female,33,Married,Diploma,Customer Support,Senior Support Associate,Mid,Chennai,2022-10-28,Active
EMP1151,Nikhil Pillai,Male,24,Married,Master's Degree,IT,Software Engineer I,Entry,Delhi NCR,2025-09-23,Exited
EMP1152,Ritu Bhatt,Female,28,Single,Bachelor's Degree,Customer Support,Technical Support Engineer,Mid,Hyderabad,2021-02-04,Active
EMP1153,Shalini Choudhary,Female,36,Married,Bachelor's Degree,IT,Software Engineer II,Mid,Pune,2023-08-10,Active
EMP1154,Reyansh Choudhary,Male,26,Married,Bachelor's Degree,IT,Data Analyst,Mid,Bengaluru,2022-04-23,Active
EMP1155,Sanjay Mehta,Male,33,Single,Bachelor's Degree,Finance,Senior Finance Analyst,Mid,Bengaluru,2024-02-09,Active
EMP1156,Reyansh Desai,Male,29,Married,Master's Degree,IT,IT Support Engineer,Entry,Noida,2025-05-18,Active
EMP1157,Gaurav Chatterjee,Male,49,Single,Bachelor's Degree,IT,Technical Lead,Manager,Bengaluru,2023-08-16,Active
EMP1158,Amit Kulkarni,Male,22,Single,Bachelor's Degree,IT,IT Support Engineer,Entry,Bengaluru,2025-05-25,Active
EMP1159,Manish Iyer,Male,27,Single,PhD,Sales,Senior Sales Executive,Mid,Bengaluru,2022-08-02,Active
EMP1160,Aryan Rana,Male,26,Married,Bachelor's Degree,Marketing,Digital Marketing Associate,Entry,Chennai,2025-04-14,Exited
EMP1161,Gaurav Rastogi,Male,32,Single,Bachelor's Degree,IT,Data Analyst,Mid,Pune,2024-02-16,Active
EMP1162,Aarav Pillai,Male,26,Divorced,Master's Degree,Operations,Process Associate,Entry,Delhi NCR,2025-08-11,Active
EMP1163,Alex Das,Other,39,Married,Master's Degree,Marketing,Brand Manager,Manager,Bengaluru,2011-01-28,Active
EMP1164,Pallavi Mukherjee,Female,36,Married,Master's Degree,IT,Data Analyst,Mid,Mumbai,2025-06-27,Exited
EMP1165,Sai Naidu,Male,25,Single,Bachelor's Degree,IT,Data Analyst,Mid,Gurugram,2022-11-17,Active
EMP1166,Ritu Kulkarni,Female,28,Married,High School,Customer Support,Technical Support Associate,Entry,Bengaluru,2025-03-10,Active
EMP1167,Ajay Naidu,Male,27,Single,Bachelor's Degree,Marketing,Marketing Executive,Entry,Hyderabad,2024-09-22,Active
EMP1168,Meera Chawla,Female,26,Married,Bachelor's Degree,Finance,Accountant,Mid,Hyderabad,2023-04-11,Active
EMP1169,Ira Joshi,Female,35,Married,Bachelor's Degree,Marketing,Digital Marketing Specialist,Mid,Chennai,2023-12-26,Active
EMP1170,Shreya Kulkarni,Female,35,Married,Bachelor's Degree,IT,Data Analyst,Mid,Delhi NCR,2022-10-17,Active
EMP1171,Rahul Menon,Male,42,Single,Bachelor's Degree,Sales,VP of Sales,Director,Noida,2017-01-11,Active
EMP1172,Arjun Jain,Male,30,Single,Bachelor's Degree,Operations,Senior Operations Analyst,Senior,Pune,2025-06-23,Active
EMP1173,Diya Joshi,Female,44,Married,Master's Degree,IT,VP of Engineering,Director,Delhi NCR,2020-12-24,Active
EMP1174,Dhruv Saxena,Male,23,Single,Master's Degree,Operations,Operations Executive,Entry,Mumbai,2025-09-05,Exited
EMP1175,Rahul Sharma,Male,32,Married,Bachelor's Degree,Finance,Senior Accountant,Senior,Hyderabad,2022-05-31,Active
EMP1176,Divya Mehta,Female,36,Married,Diploma,Operations,Senior Process Associate,Mid,Pune,2022-09-05,Active
EMP1177,Neha Singh,Female,30,Married,Diploma,Sales,Business Development Executive,Mid,Hyderabad,2025-06-06,Exited
EMP1178,Myra Khan,Female,41,Married,Bachelor's Degree,Sales,VP of Sales,Director,Bengaluru,2016-12-30,Exited
EMP1179,Navya Agarwal,Female,34,Married,Bachelor's Degree,IT,Senior Software Engineer,Senior,Kolkata,2019-09-08,Active
EMP1180,Nisha Banerjee,Female,34,Married,Master's Degree,IT,Technical Lead,Manager,Kolkata,2021-12-01,Active
EMP1181,Varun Pillai,Male,44,Single,Diploma,Operations,Operations Team Lead,Senior,Noida,2021-09-03,Active
EMP1182,Shalini Joshi,Female,24,Single,Bachelor's Degree,IT,Software Engineer I,Entry,Bengaluru,2025-08-06,Active
EMP1183,Saanvi Bose,Female,31,Single,Bachelor's Degree,IT,DevOps Engineer,Senior,Bengaluru,2019-10-27,Active
EMP1184,Pallavi Mathur,Female,33,Single,Master's Degree,IT,Systems Administrator,Mid,Bengaluru,2023-06-24,Active
EMP1185,Vihaan Yadav,Male,37,Married,Bachelor's Degree,IT,Technical Lead,Manager,Chennai,2015-08-16,Active
EMP1186,Kabir Yadav,Male,31,Married,High School,Marketing,Senior Marketing Specialist,Senior,Bengaluru,2020-05-17,Active
EMP1187,Shalini Patel,Female,26,Married,Bachelor's Degree,Sales,Sales Executive,Entry,Hyderabad,2024-06-22,Active
EMP1188,Aryan Kumar,Male,29,Widowed,Master's Degree,Procurement,Purchase Associate,Entry,Gurugram,2025-09-04,Exited
EMP1189,Rohan Desai,Male,27,Single,Bachelor's Degree,IT,IT Support Engineer,Entry,Mumbai,2024-03-19,Active
EMP1190,Pooja Kulkarni,Female,36,Single,Master's Degree,Operations,Senior Process Associate,Mid,Delhi NCR,2024-04-21,Active
EMP1191,Rajesh Mehta,Male,27,Single,Bachelor's Degree,Sales,Inside Sales Representative,Entry,Mumbai,2023-04-16,Active
EMP1192,Vivaan Pandey,Male,31,Married,Diploma,Sales,Key Account Manager,Senior,Delhi NCR,2021-03-09,Active
EMP1193,Sai Patel,Male,36,Married,Bachelor's Degree,Customer Support,Technical Support Engineer,Mid,Chennai,2024-01-08,Active
EMP1194,Siddharth Kumar,Male,41,Single,Master's Degree,Procurement,Senior Procurement Analyst,Senior,Hyderabad,2016-11-25,Active
EMP1195,Pari Das,Female,29,Single,Master's Degree,Customer Support,Technical Support Associate,Entry,Bengaluru,2024-04-22,Exited
EMP1196,Amit Yadav,Male,26,Married,Bachelor's Degree,IT,Software Engineer II,Mid,Pune,2022-10-16,Active
EMP1197,Yash Pandey,Male,22,Single,PhD,IT,QA Engineer,Entry,Mumbai,2025-08-02,Exited
EMP1198,Gaurav Bhatt,Male,49,Single,Bachelor's Degree,Operations,Operations Manager,Manager,Mumbai,2019-04-22,Active
EMP1199,Dhruv Trivedi,Male,28,Married,Bachelor's Degree,Sales,Sales Executive,Entry,Mumbai,2025-09-05,Exited
EMP1200,Rohan Trivedi,Male,23,Single,Master's Degree,Operations,Operations Executive,Entry,Mumbai,2025-08-12,Exited
EMP1201,Yash Mukherjee,Male,25,Single,Bachelor's Degree,Finance,Accounts Executive,Entry,Mumbai,2025-05-22,Exited
EMP1202,Manish Saxena,Male,30,Married,Master's Degree,Finance,Senior Accountant,Senior,Chennai,2021-07-03,Active
EMP1203,Sanjay Mehta,Male,27,Married,Bachelor's Degree,Marketing,Digital Marketing Associate,Entry,Bengaluru,2025-06-04,Active
EMP1204,Varun Agarwal,Male,27,Married,Diploma,Operations,Operations Analyst,Mid,Chennai,2020-10-24,Active
EMP1205,Vivaan Rao,Male,37,Single,High School,IT,DevOps Engineer,Senior,Delhi NCR,2015-12-26,Active
EMP1206,Suresh Menon,Male,35,Married,Master's Degree,IT,Senior Software Engineer,Senior,Bengaluru,2020-11-27,Active
EMP1207,Vihaan Agarwal,Male,22,Married,Master's Degree,HR,HR Executive,Entry,Bengaluru,2025-05-21,Exited
EMP1208,Nikhil Reddy,Male,24,Single,PhD,Finance,Finance Analyst,Entry,Delhi NCR,2025-03-11,Exited
EMP1209,Kabir Joshi,Male,31,Married,Bachelor's Degree,IT,Systems Administrator,Mid,Gurugram,2024-11-27,Active
EMP1210,Sanjay Kulkarni,Male,24,Single,Bachelor's Degree,Sales,Inside Sales Representative,Entry,Mumbai,2024-10-26,Active
EMP1211,Aadhya Ghosh,Female,41,Married,Bachelor's Degree,Operations,Senior Operations Analyst,Senior,Pune,2018-12-27,Exited
EMP1212,Harsh Gupta,Male,31,Divorced,Bachelor's Degree,Marketing,Digital Marketing Specialist,Mid,Hyderabad,2022-10-16,Active
EMP1213,Vidya Reddy,Female,34,Divorced,Bachelor's Degree,Finance,Senior Finance Analyst,Mid,Delhi NCR,2024-01-06,Active
EMP1214,Isha Banerjee,Female,25,Single,Bachelor's Degree,Sales,Inside Sales Representative,Entry,Chennai,2025-03-24,Exited
EMP1215,Suresh Yadav,Male,28,Married,Bachelor's Degree,IT,Software Engineer II,Mid,Pune,2022-10-22,Active
EMP1216,Deepak Bose,Male,26,Married,Diploma,Finance,Finance Analyst,Entry,Gurugram,2025-08-18,Exited
EMP1217,Ajay Das,Male,44,Single,Bachelor's Degree,Sales,Senior Business Development Manager,Senior,Bengaluru,2019-09-08,Active
EMP1218,Karan Naidu,Male,29,Married,Master's Degree,Finance,Finance Analyst,Entry,Pune,2025-08-14,Exited
EMP1219,Sai Desai,Male,56,Widowed,Bachelor's Degree,Operations,Operations Director,Director,Gurugram,2014-05-29,Active
EMP1220,Amit Rana,Male,30,Married,Bachelor's Degree,IT,Senior Software Engineer,Senior,Noida,2024-06-02,Active
EMP1221,Ananya Reddy,Female,25,Single,Bachelor's Degree,IT,QA Engineer,Entry,Mumbai,2024-01-29,Active
EMP1222,Aarav Bhatt,Male,28,Single,Bachelor's Degree,IT,IT Support Engineer,Entry,Mumbai,2025-09-06,Active
EMP1223,Shreya Desai,Female,24,Single,Diploma,Customer Support,Customer Support Associate,Entry,Bengaluru,2025-09-04,Active
EMP1224,Navya Das,Female,26,Married,Diploma,HR,HR Executive,Entry,Hyderabad,2025-08-03,Active
EMP1225,Dhruv Verma,Male,23,Single,Master's Degree,IT,QA Engineer,Entry,Delhi NCR,2025-09-21,Exited
EMP1226,Ritu Gupta,Female,44,Married,Bachelor's Degree,Customer Support,Support Operations Manager,Manager,Gurugram,2023-06-30,Active
EMP1227,Noor Joshi,Other,31,Single,Bachelor's Degree,Sales,Senior Sales Executive,Mid,Bengaluru,2023-07-04,Active
EMP1228,Yash Malhotra,Male,26,Married,Bachelor's Degree,Sales,Sales Executive,Entry,Kolkata,2023-06-29,Active
EMP1229,Rahul Naidu,Male,34,Single,PhD,Customer Support,Senior Support Associate,Mid,Kolkata,2024-03-11,Active
EMP1230,Vihaan Patel,Male,26,Single,Master's Degree,IT,IT Support Engineer,Entry,Bengaluru,2025-09-10,Active
EMP1231,Rahul Bose,Male,49,Married,Master's Degree,IT,VP of Engineering,Director,Bengaluru,2020-04-17,Active
EMP1232,Ajay Mukherjee,Male,29,Married,Bachelor's Degree,HR,HR Executive,Entry,Pune,2024-06-25,Active
EMP1233,Ishaan Mathur,Male,33,Single,Bachelor's Degree,IT,Senior Software Engineer,Senior,Kolkata,2018-06-25,Active
EMP1234,Vikram Rao,Male,36,Married,Bachelor's Degree,Operations,Senior Operations Analyst,Senior,Pune,2022-03-14,Exited
EMP1235,Anika Yadav,Female,27,Divorced,Bachelor's Degree,IT,Software Engineer I,Entry,Hyderabad,2025-04-30,Active
EMP1236,Gaurav Dutta,Male,26,Married,Bachelor's Degree,IT,IT Support Engineer,Entry,Chennai,2023-10-30,Exited
EMP1237,Aarav Trivedi,Male,26,Single,Diploma,IT,Systems Administrator,Mid,Bengaluru,2023-12-06,Active
EMP1238,Vihaan Trivedi,Male,34,Divorced,Bachelor's Degree,Sales,Sales Manager,Manager,Chennai,2017-01-29,Exited
EMP1239,Preeti Banerjee,Female,31,Single,Bachelor's Degree,IT,Software Engineer II,Mid,Noida,2020-09-14,Active
EMP1240,Pari Naidu,Female,33,Single,Bachelor's Degree,IT,Senior Software Engineer,Senior,Pune,2017-07-03,Active
EMP1241,Aditya Desai,Male,43,Single,Bachelor's Degree,Customer Support,Senior Technical Support Engineer,Senior,Noida,2016-01-07,Active
EMP1242,Ira Pillai,Female,42,Single,Bachelor's Degree,Sales,Senior Business Development Manager,Senior,Gurugram,2021-12-23,Active
EMP1243,Ajay Rana,Male,25,Single,Bachelor's Degree,Sales,Senior Sales Executive,Mid,Delhi NCR,2023-08-13,Active
EMP1244,Pooja Singh,Female,35,Single,PhD,IT,Software Engineer II,Mid,Noida,2022-07-31,Active
EMP1245,Deepak Pillai,Male,40,Married,Bachelor's Degree,Sales,Key Account Manager,Senior,Mumbai,2020-08-04,Active
EMP1246,Sai Dutta,Male,28,Single,Master's Degree,IT,Software Engineer I,Entry,Noida,2025-07-04,Active
EMP1247,Vidya Singh,Female,42,Single,Master's Degree,HR,HR Manager,Manager,Noida,2010-12-29,Exited
EMP1248,Myra Nair,Female,24,Single,Bachelor's Degree,IT,QA Engineer,Entry,Chennai,2025-09-04,Active
EMP1249,Riya Das,Female,28,Single,Bachelor's Degree,Customer Support,Technical Support Associate,Entry,Noida,2025-04-29,Active
EMP1250,Siddharth Rastogi,Male,44,Married,Bachelor's Degree,Customer Support,Support Team Lead,Senior,Chennai,2023-04-30,Active
EMP1251,Saanvi Bose,Female,28,Single,Master's Degree,IT,Software Engineer II,Mid,Bengaluru,2022-09-21,Active
EMP1252,Aarav Rao,Male,24,Single,Master's Degree,IT,IT Support Engineer,Entry,Hyderabad,2025-09-10,Active
EMP1253,Anjali Ghosh,Female,23,Single,Bachelor's Degree,IT,IT Support Engineer,Entry,Pune,2025-02-05,Active
EMP1254,Vidya Choudhary,Female,29,Single,High School,HR,Talent Acquisition Specialist,Mid,Hyderabad,2022-11-22,Active
EMP1255,Dhruv Kulkarni,Male,34,Married,Bachelor's Degree,IT,Technical Lead,Manager,Chennai,2020-05-29,Active
EMP1256,Anil Kulkarni,Male,24,Married,Bachelor's Degree,Customer Support,Technical Support Associate,Entry,Bengaluru,2024-05-20,Exited
EMP1257,Aryan Mathur,Male,27,Married,Bachelor's Degree,Operations,Operations Executive,Entry,Pune,2025-03-16,Active
EMP1258,Rohan Chatterjee,Male,26,Single,Bachelor's Degree,Marketing,Digital Marketing Specialist,Mid,Mumbai,2022-09-15,Active
EMP1259,Ishaan Singh,Male,45,Single,Master's Degree,Finance,Finance Director,Director,Chennai,2018-03-15,Active
EMP1260,Reyansh Desai,Male,23,Married,Master's Degree,Procurement,Purchase Associate,Entry,Hyderabad,2025-09-18,Active
EMP1261,Anjali Menon,Female,52,Married,Master's Degree,IT,VP of Engineering,Director,Kolkata,2020-05-17,Active
EMP1262,Harsh Joshi,Male,41,Married,Master's Degree,Sales,Regional Sales Manager,Manager,Hyderabad,2015-06-06,Exited
EMP1263,Rahul Gupta,Male,28,Single,Bachelor's Degree,Sales,Inside Sales Representative,Entry,Bengaluru,2025-08-18,Exited
EMP1264,Rekha Iyer,Female,37,Single,Diploma,Customer Support,Support Team Lead,Senior,Hyderabad,2020-01-02,Active
EMP1265,Arjun Khan,Male,30,Single,Bachelor's Degree,Finance,Financial Analyst Lead,Senior,Chennai,2022-03-11,Active
EMP1266,Amit Gupta,Male,34,Married,Bachelor's Degree,Marketing,Content Strategist,Mid,Bengaluru,2020-05-28,Active
EMP1267,Sneha Desai,Female,36,Married,Master's Degree,IT,Data Analyst,Mid,Bengaluru,2025-04-14,Active
EMP1268,Saanvi Rastogi,Female,33,Single,Master's Degree,Procurement,Vendor Manager,Senior,Hyderabad,2021-11-28,Active
EMP1269,Rajesh Sharma,Male,29,Married,Bachelor's Degree,Finance,Senior Accountant,Senior,Mumbai,2019-01-07,Active
EMP1270,Siddharth Mehta,Male,31,Married,Bachelor's Degree,Finance,Financial Analyst Lead,Senior,Pune,2021-05-24,Active
EMP1271,Anil Mukherjee,Male,54,Divorced,Bachelor's Degree,Procurement,Procurement Director,Director,Bengaluru,2015-09-19,Exited
EMP1272,Anika Agarwal,Female,35,Married,Bachelor's Degree,Sales,Senior Sales Executive,Mid,Pune,2023-07-02,Active
EMP1273,Sneha Chatterjee,Female,31,Married,Bachelor's Degree,Sales,Key Account Manager,Senior,Gurugram,2021-10-17,Active
EMP1274,Preeti Jain,Female,39,Married,PhD,HR,HR Manager,Manager,Pune,2018-12-04,Active
EMP1275,Kavya Shah,Female,27,Married,Bachelor's Degree,IT,IT Support Engineer,Entry,Delhi NCR,2025-06-02,Active
EMP1276,Nikhil Verma,Male,27,Single,Bachelor's Degree,Sales,Inside Sales Representative,Entry,Chennai,2025-07-11,Exited
EMP1277,Gaurav Sharma,Male,30,Widowed,Diploma,IT,Software Engineer II,Mid,Gurugram,2023-09-20,Active
EMP1278,Sunita Chatterjee,Female,37,Single,PhD,IT,IT Project Manager,Manager,Noida,2014-03-07,Active
EMP1279,Anjali Banerjee,Female,28,Single,Bachelor's Degree,Customer Support,Customer Support Associate,Entry,Hyderabad,2025-03-25,Exited
EMP1280,Aarav Khan,Male,42,Single,Master's Degree,HR,Senior HR Generalist,Senior,Mumbai,2022-08-03,Active
EMP1281,Ritu Verma,Female,29,Married,Master's Degree,Sales,Inside Sales Representative,Entry,Pune,2025-09-20,Active
EMP1282,Aarav Bhatt,Male,32,Married,Master's Degree,Sales,Senior Sales Executive,Mid,Mumbai,2024-08-09,Active
EMP1283,Shalini Desai,Female,27,Married,Diploma,Sales,Business Development Executive,Mid,Bengaluru,2022-09-24,Active
EMP1284,Aarav Malhotra,Male,22,Single,Bachelor's Degree,HR,Talent Acquisition Associate,Entry,Mumbai,2025-09-13,Exited
EMP1285,Pooja Jain,Female,34,Single,Bachelor's Degree,Customer Support,Support Operations Manager,Manager,Mumbai,2016-05-18,Active
EMP1286,Kabir Sharma,Male,29,Single,High School,Customer Support,Customer Support Associate,Entry,Delhi NCR,2025-09-21,Exited
EMP1287,Saanvi Jain,Female,33,Single,Bachelor's Degree,Sales,Regional Sales Manager,Manager,Hyderabad,2017-09-17,Exited
EMP1288,Meera Das,Female,28,Single,Bachelor's Degree,Sales,Sales Executive,Entry,Hyderabad,2024-09-18,Active
EMP1289,Aditya Rastogi,Male,59,Single,Master's Degree,Sales,VP of Sales,Director,Pune,2009-08-04,Active
EMP1290,Myra Patel,Female,36,Widowed,Master's Degree,Finance,Senior Finance Analyst,Mid,Mumbai,2025-01-30,Active
EMP1291,Sneha Naidu,Female,22,Married,Master's Degree,Sales,Sales Executive,Entry,Hyderabad,2025-03-20,Active
EMP1292,Vidya Jain,Female,25,Single,High School,Operations,Operations Executive,Entry,Gurugram,2024-07-10,Active
EMP1293,Varun Kulkarni,Male,25,Single,Bachelor's Degree,Finance,Finance Analyst,Entry,Delhi NCR,2024-04-12,Active
EMP1294,Pallavi Patel,Female,36,Divorced,High School,Sales,Senior Sales Executive,Mid,Bengaluru,2024-08-16,Active
EMP1295,Vivaan Kulkarni,Male,44,Married,Bachelor's Degree,Sales,Key Account Manager,Senior,Hyderabad,2023-01-30,Active
EMP1296,Vidya Pandey,Female,36,Married,Bachelor's Degree,Sales,Senior Sales Executive,Mid,Delhi NCR,2024-05-26,Active
EMP1297,Kabir Kapoor,Male,29,Married,Bachelor's Degree,IT,Systems Administrator,Mid,Mumbai,2025-08-02,Exited
EMP1298,Diya Chatterjee,Female,35,Single,Diploma,IT,Systems Administrator,Mid,Hyderabad,2021-09-06,Active
EMP1299,Rajesh Nair,Male,33,Single,Diploma,Operations,Operations Analyst,Mid,Bengaluru,2018-10-16,Exited
EMP1300,Rahul Singh,Male,36,Single,Bachelor's Degree,Sales,Key Account Manager,Senior,Chennai,2024-01-05,Active
EMP1301,Rahul Rastogi,Male,28,Married,Bachelor's Degree,IT,Systems Administrator,Mid,Pune,2020-08-12,Exited
EMP1302,Gaurav Pillai,Male,34,Divorced,Bachelor's Degree,Finance,Financial Analyst Lead,Senior,Hyderabad,2019-09-11,Active
EMP1303,Ajay Naidu,Male,43,Single,Bachelor's Degree,Operations,VP of Operations,Director,Gurugram,2018-04-21,Active
EMP1304,Harsh Pandey,Male,26,Married,High School,IT,Systems Administrator,Mid,Hyderabad,2023-11-18,Active
EMP1305,Shreya Kulkarni,Female,27,Married,Bachelor's Degree,Marketing,Digital Marketing Associate,Entry,Hyderabad,2024-12-26,Active
EMP1306,Rohan Kulkarni,Male,28,Married,Master's Degree,Customer Support,Technical Support Associate,Entry,Noida,2025-05-19,Active
EMP1307,Suresh Ghosh,Male,35,Married,Master's Degree,HR,Talent Acquisition Specialist,Mid,Chennai,2025-03-17,Exited
EMP1308,Diya Agarwal,Female,30,Married,Bachelor's Degree,Operations,Senior Process Associate,Mid,Mumbai,2019-10-21,Active
EMP1309,Anjali Patel,Female,46,Married,Master's Degree,IT,Engineering Manager,Manager,Delhi NCR,2020-06-24,Active
EMP1310,Swati Yadav,Female,34,Married,Bachelor's Degree,Customer Support,Technical Support Engineer,Mid,Pune,2019-07-07,Active
EMP1311,Shreya Mathur,Female,28,Married,Bachelor's Degree,Sales,Business Development Executive,Mid,Delhi NCR,2022-03-08,Active
EMP1312,Devi Joshi,Other,29,Single,Master's Degree,Customer Support,Support Team Lead,Senior,Gurugram,2021-04-18,Active
EMP1313,Preeti Khan,Female,23,Married,Bachelor's Degree,Finance,Finance Analyst,Entry,Gurugram,2025-07-04,Active
EMP1314,Diya Rana,Female,31,Married,Bachelor's Degree,IT,Data Scientist,Senior,Bengaluru,2017-05-18,Active
EMP1315,Saanvi Kapoor,Female,26,Married,Bachelor's Degree,IT,IT Support Engineer,Entry,Bengaluru,2023-10-25,Active
EMP1316,Varun Naidu,Male,29,Single,Master's Degree,Operations,Senior Process Associate,Mid,Gurugram,2021-08-04,Exited
EMP1317,Kiara Jain,Female,36,Single,Bachelor's Degree,Finance,Financial Controller,Manager,Mumbai,2023-07-06,Active
EMP1318,Anika Shah,Female,37,Single,Bachelor's Degree,IT,DevOps Engineer,Senior,Chennai,2024-06-22,Active
EMP1319,Rekha Verma,Female,49,Married,Bachelor's Degree,Operations,Operations Manager,Manager,Bengaluru,2017-05-26,Active
EMP1320,Shalini Joshi,Female,34,Married,Bachelor's Degree,Customer Support,Senior Support Associate,Mid,Kolkata,2023-05-25,Active
EMP1321,Vivaan Saxena,Male,34,Single,Bachelor's Degree,Finance,Senior Accountant,Senior,Bengaluru,2024-02-11,Active
EMP1322,Vivaan Chatterjee,Male,26,Married,Bachelor's Degree,Sales,Senior Sales Executive,Mid,Bengaluru,2021-08-18,Active
EMP1323,Navya Saxena,Female,36,Married,Bachelor's Degree,IT,Systems Administrator,Mid,Chennai,2025-04-10,Active
EMP1324,Neha Kulkarni,Female,23,Married,Bachelor's Degree,Marketing,Digital Marketing Associate,Entry,Mumbai,2024-05-28,Active
EMP1325,Aadhya Malhotra,Female,24,Single,Bachelor's Degree,Sales,Sales Executive,Entry,Hyderabad,2025-04-17,Active
EMP1326,Anjali Singh,Female,26,Married,Master's Degree,Customer Support,Senior Support Associate,Mid,Delhi NCR,2024-07-31,Exited
EMP1327,Preeti Joshi,Female,23,Single,Diploma,Sales,Inside Sales Representative,Entry,Pune,2024-02-10,Active
EMP1328,Sunita Patel,Female,43,Single,Bachelor's Degree,Finance,Financial Analyst Lead,Senior,Kolkata,2023-08-18,Active
EMP1329,Harsh Shah,Male,37,Married,Bachelor's Degree,IT,IT Project Manager,Manager,Gurugram,2015-11-20,Active
EMP1330,Isha Reddy,Female,49,Single,PhD,IT,Engineering Manager,Manager,Delhi NCR,2021-10-18,Active
EMP1331,Vivaan Iyer,Male,29,Single,Master's Degree,Marketing,Digital Marketing Associate,Entry,Hyderabad,2024-08-05,Active
EMP1332,Varun Mehta,Male,45,Single,Master's Degree,Finance,Financial Controller,Manager,Bengaluru,2019-08-11,Active
EMP1333,Gaurav Desai,Male,25,Married,Bachelor's Degree,Finance,Accounts Executive,Entry,Noida,2025-07-30,Exited
EMP1334,Aditya Menon,Male,29,Married,Master's Degree,Procurement,Vendor Coordinator,Mid,Bengaluru,2022-10-22,Active
EMP1335,Rahul Kumar,Male,38,Married,Master's Degree,Procurement,Sourcing Manager,Manager,Bengaluru,2020-07-12,Active
EMP1336,Siddharth Bose,Male,29,Single,Bachelor's Degree,Customer Support,Customer Support Associate,Entry,Delhi NCR,2024-08-07,Active
EMP1337,Preeti Bhatt,Female,28,Single,Master's Degree,IT,Software Engineer I,Entry,Gurugram,2024-09-07,Active
EMP1338,Preeti Dutta,Female,23,Single,Bachelor's Degree,HR,HR Executive,Entry,Pune,2024-08-10,Active
EMP1339,Aditya Jain,Male,31,Single,Master's Degree,Customer Support,Technical Support Engineer,Mid,Delhi NCR,2023-05-28,Active
EMP1340,Swati Sharma,Female,40,Married,Master's Degree,Sales,Senior Business Development Manager,Senior,Kolkata,2021-10-11,Active
EMP1341,Siddharth Dutta,Male,29,Single,Master's Degree,IT,Software Engineer I,Entry,Hyderabad,2024-05-25,Active
EMP1342,Ishaan Bose,Male,22,Single,Bachelor's Degree,Marketing,Marketing Executive,Entry,Bengaluru,2025-03-19,Active
EMP1343,Varun Jain,Male,35,Married,Master's Degree,Finance,Accountant,Mid,Hyderabad,2023-08-11,Active
EMP1344,Isha Bhatt,Female,24,Single,High School,Finance,Finance Analyst,Entry,Pune,2025-08-03,Active
EMP1345,Pooja Joshi,Female,33,Married,Master's Degree,Procurement,Vendor Manager,Senior,Gurugram,2019-03-10,Exited
EMP1346,Divya Kapoor,Female,43,Single,Bachelor's Degree,HR,Talent Acquisition Manager,Manager,Pune,2019-09-23,Active
EMP1347,Nisha Rastogi,Female,37,Single,Bachelor's Degree,Sales,Key Account Manager,Senior,Delhi NCR,2019-11-20,Exited
EMP1348,Priya Agarwal,Female,46,Married,Master's Degree,Sales,Sales Manager,Manager,Mumbai,2016-03-19,Active
EMP1349,Anika Patel,Female,33,Married,Bachelor's Degree,Sales,Business Development Executive,Mid,Mumbai,2022-09-22,Active
EMP1350,Neha Gupta,Female,35,Married,Bachelor's Degree,IT,DevOps Engineer,Senior,Bengaluru,2018-04-28,Active
EMP1351,Deepak Iyer,Male,27,Married,Bachelor's Degree,Marketing,Marketing Executive,Entry,Bengaluru,2024-06-24,Active
EMP1352,Rohan Kumar,Male,27,Widowed,Bachelor's Degree,Marketing,Marketing Executive,Entry,Hyderabad,2025-06-02,Active
EMP1353,Reyansh Banerjee,Male,34,Single,Master's Degree,Sales,Key Account Manager,Senior,Hyderabad,2019-07-03,Active
EMP1354,Anjali Chawla,Female,26,Single,Master's Degree,Sales,Sales Executive,Entry,Bengaluru,2024-09-12,Active
EMP1355,Sai Shah,Male,35,Single,Bachelor's Degree,Customer Support,Support Operations Manager,Manager,Bengaluru,2018-09-14,Active
EMP1356,Rahul Das,Male,44,Married,Master's Degree,IT,DevOps Engineer,Senior,Delhi NCR,2022-08-11,Active
EMP1357,Swati Mehta,Female,57,Single,Master's Degree,Finance,VP of Finance,Director,Pune,2015-09-24,Active
EMP1358,Pooja Bhatt,Female,28,Single,Master's Degree,Sales,Sales Executive,Entry,Hyderabad,2025-03-24,Active
EMP1359,Aryan Ghosh,Male,33,Single,Master's Degree,Operations,Operations Analyst,Mid,Hyderabad,2024-03-15,Exited
EMP1360,Sanjay Bhatt,Male,29,Single,Bachelor's Degree,IT,Data Scientist,Senior,Bengaluru,2020-01-30,Active
EMP1361,Karan Mathur,Male,26,Married,Bachelor's Degree,Operations,Process Associate,Entry,Gurugram,2024-09-06,Exited
EMP1362,Yash Rana,Male,29,Single,Bachelor's Degree,Sales,Business Development Executive,Mid,Mumbai,2022-04-17,Active
EMP1363,Saanvi Yadav,Female,35,Single,Master's Degree,HR,Senior HR Generalist,Senior,Delhi NCR,2020-09-18,Active
EMP1364,Preeti Trivedi,Female,49,Married,Master's Degree,IT,VP of Engineering,Director,Pune,2022-09-04,Active
EMP1365,Anil Banerjee,Male,35,Single,Bachelor's Degree,Sales,Key Account Manager,Senior,Bengaluru,2020-01-03,Active
EMP1366,Suresh Desai,Male,26,Single,Bachelor's Degree,Finance,Accounts Executive,Entry,Noida,2023-10-14,Active
EMP1367,Ajay Banerjee,Male,32,Single,Master's Degree,IT,Software Engineer II,Mid,Bengaluru,2024-06-04,Active
EMP1368,Anil Saxena,Male,33,Married,Bachelor's Degree,IT,Systems Administrator,Mid,Pune,2022-04-20,Active
EMP1369,Deepak Nair,Male,25,Single,Bachelor's Degree,IT,QA Engineer,Entry,Delhi NCR,2025-09-19,Active
EMP1370,Pallavi Mehta,Female,32,Single,Bachelor's Degree,Sales,Senior Sales Executive,Mid,Delhi NCR,2021-09-14,Active
EMP1371,Varun Verma,Male,25,Single,Bachelor's Degree,IT,Software Engineer I,Entry,Mumbai,2022-11-20,Active
EMP1372,Anika Ghosh,Female,26,Single,Bachelor's Degree,Customer Support,Customer Support Associate,Entry,Noida,2025-06-23,Active
EMP1373,Vikram Malhotra,Male,27,Married,Master's Degree,Sales,Senior Sales Executive,Mid,Mumbai,2022-07-12,Active
EMP1374,Pooja Sharma,Female,22,Single,Master's Degree,Marketing,Digital Marketing Associate,Entry,Noida,2025-09-15,Exited
EMP1375,Siddharth Agarwal,Male,29,Married,Bachelor's Degree,Procurement,Vendor Coordinator,Mid,Hyderabad,2021-07-11,Active
EMP1376,Amit Mukherjee,Male,29,Divorced,Bachelor's Degree,IT,IT Support Engineer,Entry,Mumbai,2025-07-01,Exited
EMP1377,Preeti Saxena,Female,37,Single,Bachelor's Degree,Operations,Senior Operations Analyst,Senior,Bengaluru,2016-10-10,Active
EMP1378,Pari Verma,Female,26,Married,Master's Degree,Customer Support,Technical Support Associate,Entry,Delhi NCR,2025-08-11,Active
EMP1379,Sai Verma,Male,47,Married,Bachelor's Degree,HR,HR Manager,Manager,Pune,2017-03-17,Active
EMP1380,Suresh Ghosh,Male,26,Married,High School,Sales,Sales Executive,Entry,Gurugram,2025-09-18,Exited
EMP1381,Sneha Desai,Female,33,Married,Diploma,Sales,Business Development Executive,Mid,Gurugram,2022-01-31,Active
EMP1382,Nisha Yadav,Female,24,Married,Bachelor's Degree,IT,QA Engineer,Entry,Pune,2025-05-20,Active
EMP1383,Sneha Desai,Female,27,Married,Bachelor's Degree,Finance,Accounts Executive,Entry,Delhi NCR,2025-04-13,Active
EMP1384,Nikhil Khan,Male,34,Single,Master's Degree,Procurement,Procurement Analyst,Mid,Gurugram,2022-07-08,Active
EMP1385,Anil Das,Male,43,Single,Diploma,Customer Support,Customer Support Manager,Manager,Noida,2020-12-01,Active
EMP1386,Gaurav Mukherjee,Male,50,Single,Master's Degree,IT,IT Project Manager,Manager,Bengaluru,2015-02-14,Active
EMP1387,Anil Rana,Male,24,Single,Master's Degree,Operations,Process Associate,Entry,Mumbai,2025-09-20,Active
EMP1388,Nisha Rao,Female,25,Single,Bachelor's Degree,Sales,Inside Sales Representative,Entry,Chennai,2025-08-03,Active
EMP1389,Anika Saxena,Female,36,Single,Bachelor's Degree,Customer Support,Support Team Lead,Senior,Hyderabad,2023-07-02,Active
EMP1390,Vihaan Sharma,Male,33,Married,Bachelor's Degree,IT,Data Analyst,Mid,Delhi NCR,2020-04-13,Active
EMP1391,Navya Kapoor,Female,22,Married,Bachelor's Degree,Customer Support,Customer Support Associate,Entry,Hyderabad,2025-09-10,Active
EMP1392,Diya Nair,Female,39,Married,Diploma,Marketing,Senior Marketing Specialist,Senior,Noida,2021-11-16,Active
EMP1393,Priya Desai,Female,31,Single,Master's Degree,IT,Systems Administrator,Mid,Gurugram,2021-06-05,Active
EMP1394,Vikram Saxena,Male,31,Single,Master's Degree,IT,Data Scientist,Senior,Chennai,2021-05-23,Active
EMP1395,Yash Verma,Male,32,Married,Master's Degree,Marketing,Digital Marketing Specialist,Mid,Gurugram,2021-02-14,Active
EMP1396,Rajesh Nair,Male,25,Single,Master's Degree,IT,Software Engineer II,Mid,Mumbai,2024-01-05,Active
EMP1397,Kabir Chatterjee,Male,27,Single,Diploma,Finance,Finance Analyst,Entry,Mumbai,2025-09-14,Exited
EMP1398,Suresh Kumar,Male,39,Married,Master's Degree,Customer Support,Senior Technical Support Engineer,Senior,Gurugram,2021-03-15,Active
EMP1399,Gaurav Mukherjee,Male,27,Single,Bachelor's Degree,Finance,Accounts Executive,Entry,Gurugram,2024-01-08,Active
EMP1400,Ajay Mathur,Male,34,Single,Diploma,Sales,Senior Business Development Manager,Senior,Bengaluru,2015-03-22,Active
EMP1401,Amit Rao,Male,35,Divorced,Bachelor's Degree,Sales,Senior Business Development Manager,Senior,Hyderabad,2019-03-22,Active
EMP1402,Anjali Pillai,Female,33,Married,Bachelor's Degree,IT,Senior Software Engineer,Senior,Gurugram,2022-01-07,Active
EMP1403,Priya Joshi,Female,29,Widowed,Bachelor's Degree,Procurement,Procurement Executive,Entry,Bengaluru,2024-11-21,Active
EMP1404,Ishaan Singh,Male,22,Married,Bachelor's Degree,Sales,Inside Sales Representative,Entry,Delhi NCR,2025-05-19,Active
EMP1405,Vidya Singh,Female,36,Single,Bachelor's Degree,IT,Data Analyst,Mid,Noida,2022-05-30,Active
EMP1406,Karan Naidu,Male,27,Married,Master's Degree,Sales,Business Development Executive,Mid,Pune,2024-05-20,Active
EMP1407,Reyansh Ghosh,Male,37,Married,Bachelor's Degree,Procurement,Procurement Manager,Manager,Hyderabad,2021-09-06,Active
EMP1408,Preeti Trivedi,Female,31,Divorced,Bachelor's Degree,IT,Software Engineer II,Mid,Noida,2021-06-01,Active
EMP1409,Aarav Pillai,Male,35,Married,Bachelor's Degree,Customer Support,Customer Support Manager,Manager,Mumbai,2020-08-14,Exited
EMP1410,Aarav Ghosh,Male,26,Single,Bachelor's Degree,Operations,Operations Executive,Entry,Noida,2024-10-23,Active
EMP1411,Rohan Chawla,Male,28,Married,Master's Degree,Marketing,Content Strategist,Mid,Bengaluru,2020-02-15,Active
EMP1412,Sai Bose,Male,28,Single,Bachelor's Degree,Procurement,Procurement Executive,Entry,Hyderabad,2025-07-29,Active
EMP1413,Priya Dutta,Female,31,Single,Bachelor's Degree,Marketing,Senior Marketing Specialist,Senior,Bengaluru,2023-09-07,Active
EMP1414,Sai Kumar,Male,23,Single,Bachelor's Degree,Customer Support,Customer Support Associate,Entry,Pune,2024-05-29,Active
EMP1415,Kabir Rana,Male,23,Single,High School,IT,QA Engineer,Entry,Chennai,2025-02-06,Active
EMP1416,Anil Trivedi,Male,35,Married,Master's Degree,Marketing,Brand Strategist,Senior,Delhi NCR,2024-08-12,Active
EMP1417,Vikram Saxena,Male,28,Divorced,Bachelor's Degree,Finance,Senior Finance Analyst,Mid,Bengaluru,2025-08-18,Exited
EMP1418,Siddharth Kulkarni,Male,22,Single,Master's Degree,Finance,Accounts Executive,Entry,Bengaluru,2025-04-26,Active
EMP1419,Pallavi Rana,Female,28,Married,Bachelor's Degree,Customer Support,Customer Support Associate,Entry,Gurugram,2024-08-17,Exited
EMP1420,Riya Menon,Female,32,Married,Master's Degree,Procurement,Procurement Analyst,Mid,Bengaluru,2021-11-27,Active
EMP1421,Manish Pandey,Male,26,Single,Bachelor's Degree,Operations,Operations Executive,Entry,Hyderabad,2024-02-09,Active
EMP1422,Vidya Malhotra,Female,27,Married,Bachelor's Degree,Finance,Finance Analyst,Entry,Gurugram,2025-09-16,Exited
EMP1423,Varun Pandey,Male,30,Married,Bachelor's Degree,Sales,Business Development Executive,Mid,Hyderabad,2022-04-17,Active
EMP1424,Varun Rastogi,Male,29,Single,Bachelor's Degree,Sales,Inside Sales Representative,Entry,Mumbai,2024-08-03,Exited
EMP1425,Gaurav Patel,Male,27,Single,Bachelor's Degree,Sales,Business Development Executive,Mid,Pune,2023-03-14,Exited
EMP1426,Yash Chatterjee,Male,33,Married,Master's Degree,Sales,Senior Sales Executive,Mid,Pune,2023-01-04,Active
EMP1427,Swati Mukherjee,Female,23,Single,Master's Degree,IT,Software Engineer I,Entry,Hyderabad,2025-09-16,Exited
EMP1428,Sneha Pandey,Female,25,Single,Bachelor's Degree,IT,QA Engineer,Entry,Pune,2025-09-14,Exited
EMP1429,Vikram Naidu,Male,25,Single,Bachelor's Degree,Marketing,Marketing Executive,Entry,Bengaluru,2025-09-08,Exited
EMP1430,Aditya Yadav,Male,24,Single,Bachelor's Degree,Sales,Inside Sales Representative,Entry,Kolkata,2025-04-24,Active
EMP1431,Pooja Saxena,Female,23,Divorced,Master's Degree,Customer Support,Customer Support Associate,Entry,Hyderabad,2025-08-04,Exited
EMP1432,Ishaan Desai,Male,35,Married,Bachelor's Degree,HR,Talent Acquisition Manager,Manager,Gurugram,2023-03-19,Active
EMP1433,Nikhil Iyer,Male,34,Single,Diploma,IT,Data Scientist,Senior,Hyderabad,2022-09-13,Active
EMP1434,Kavya Jain,Female,32,Married,Master's Degree,IT,Systems Administrator,Mid,Hyderabad,2020-06-01,Active
EMP1435,Pallavi Chawla,Female,27,Divorced,High School,IT,Data Analyst,Mid,Mumbai,2023-04-30,Active
EMP1436,Neha Jain,Female,34,Single,Master's Degree,Procurement,Vendor Coordinator,Mid,Gurugram,2024-07-02,Active
EMP1437,Sai Chawla,Male,43,Married,Diploma,IT,Data Scientist,Senior,Bengaluru,2014-10-16,Active
EMP1438,Gaurav Rana,Male,22,Married,Bachelor's Degree,Finance,Accounts Executive,Entry,Bengaluru,2025-05-28,Active
EMP1439,Rahul Banerjee,Male,23,Married,Bachelor's Degree,Customer Support,Customer Support Associate,Entry,Gurugram,2024-12-26,Active
EMP1440,Ritu Naidu,Female,28,Married,Master's Degree,Procurement,Procurement Executive,Entry,Pune,2025-07-11,Active
EMP1441,Reyansh Bhatt,Male,23,Single,High School,IT,IT Support Engineer,Entry,Noida,2024-08-18,Active
EMP1442,Manish Joshi,Male,29,Single,Bachelor's Degree,IT,QA Engineer,Entry,Bengaluru,2023-04-12,Active
EMP1443,Aryan Shah,Male,37,Married,Master's Degree,IT,Engineering Manager,Manager,Noida,2016-10-19,Active
EMP1444,Pooja Shah,Female,44,Married,Bachelor's Degree,IT,Technical Lead,Manager,Delhi NCR,2015-11-29,Active
EMP1445,Ira Patel,Female,24,Single,Bachelor's Degree,IT,QA Engineer,Entry,Bengaluru,2023-02-04,Active
EMP1446,Neha Jain,Female,33,Single,Bachelor's Degree,Finance,Accountant,Mid,Bengaluru,2022-11-21,Active
EMP1447,Aryan Iyer,Male,35,Married,Bachelor's Degree,Customer Support,Senior Support Associate,Mid,Chennai,2020-01-30,Exited
EMP1448,Nisha Menon,Female,28,Single,PhD,Finance,Accountant,Mid,Hyderabad,2025-04-11,Active
EMP1449,Nikhil Agarwal,Male,35,Married,Bachelor's Degree,HR,HR Generalist,Mid,Hyderabad,2020-03-18,Exited
EMP1450,Amit Menon,Male,27,Married,Bachelor's Degree,IT,QA Engineer,Entry,Bengaluru,2025-06-06,Active
EMP1451,Anil Bose,Male,35,Married,Bachelor's Degree,Marketing,Marketing Manager,Manager,Pune,2014-11-28,Active
EMP1452,Harsh Menon,Male,41,Married,Bachelor's Degree,HR,HR Director,Director,Mumbai,2021-10-28,Active
EMP1453,Kabir Reddy,Male,35,Single,Master's Degree,Customer Support,Support Team Lead,Senior,Mumbai,2023-09-14,Active
EMP1454,Sneha Rana,Female,40,Divorced,Bachelor's Degree,Customer Support,Support Team Lead,Senior,Noida,2015-02-13,Active
EMP1455,Krishna Yadav,Male,25,Single,Bachelor's Degree,Sales,Senior Sales Executive,Mid,Bengaluru,2023-08-04,Active
EMP1456,Anil Kulkarni,Male,25,Single,Diploma,IT,Software Engineer I,Entry,Gurugram,2022-12-24,Active
EMP1457,Shreya Rastogi,Female,23,Single,Bachelor's Degree,IT,Software Engineer I,Entry,Chennai,2025-09-19,Exited
EMP1458,Aadhya Iyer,Female,26,Married,Master's Degree,Sales,Business Development Executive,Mid,Bengaluru,2021-07-01,Active
EMP1459,Sai Rastogi,Male,28,Married,Bachelor's Degree,Customer Support,Customer Support Associate,Entry,Gurugram,2025-06-22,Exited
EMP1460,Pooja Mehta,Female,33,Married,Master's Degree,Sales,Senior Business Development Manager,Senior,Hyderabad,2019-10-24,Active
EMP1461,Vivaan Kapoor,Male,33,Married,Master's Degree,Marketing,Content Strategist,Mid,Pune,2023-06-27,Active
EMP1462,Aryan Patel,Male,26,Married,PhD,Finance,Senior Finance Analyst,Mid,Bengaluru,2022-12-06,Active
EMP1463,Saanvi Rastogi,Female,22,Single,Bachelor's Degree,IT,QA Engineer,Entry,Hyderabad,2025-09-10,Exited
EMP1464,Sanjay Shah,Male,55,Married,Diploma,Sales,VP of Sales,Director,Bengaluru,2018-02-17,Active
EMP1465,Rahul Kumar,Male,29,Single,Bachelor's Degree,Operations,Process Associate,Entry,Hyderabad,2025-08-17,Exited
EMP1466,Dhruv Rao,Male,29,Divorced,Master's Degree,Operations,Process Associate,Entry,Bengaluru,2024-12-30,Exited
EMP1467,Varun Naidu,Male,22,Divorced,Bachelor's Degree,Sales,Sales Executive,Entry,Chennai,2025-09-05,Exited
EMP1468,Harsh Singh,Male,30,Married,Bachelor's Degree,IT,DevOps Engineer,Senior,Chennai,2024-10-16,Active
EMP1469,Preeti Agarwal,Female,55,Married,Master's Degree,Operations,Operations Director,Director,Delhi NCR,2009-11-27,Active
EMP1470,Sai Chatterjee,Male,24,Single,High School,IT,Software Engineer I,Entry,Hyderabad,2024-05-29,Active
EMP1471,Nisha Rastogi,Female,50,Married,Master's Degree,Customer Support,Support Operations Manager,Manager,Chennai,2015-04-22,Active
EMP1472,Suresh Shah,Male,22,Single,Master's Degree,IT,IT Support Engineer,Entry,Kolkata,2025-09-17,Active
EMP1473,Meera Khan,Female,38,Divorced,PhD,IT,Senior Software Engineer,Senior,Noida,2024-01-12,Exited
EMP1474,Vivaan Das,Male,24,Single,Master's Degree,Finance,Finance Analyst,Entry,Gurugram,2024-03-09,Active
EMP1475,Aditya Rao,Male,25,Single,Diploma,Finance,Senior Finance Analyst,Mid,Hyderabad,2024-01-01,Active
EMP1476,Yash Shah,Male,35,Single,Bachelor's Degree,Finance,Financial Analyst Lead,Senior,Chennai,2024-11-17,Active
EMP1477,Sai Gupta,Male,36,Single,Bachelor's Degree,Sales,Senior Sales Executive,Mid,Mumbai,2024-02-05,Active
EMP1478,Vidya Joshi,Female,26,Single,Bachelor's Degree,Procurement,Purchase Associate,Entry,Delhi NCR,2025-09-15,Active
EMP1479,Swati Kumar,Female,30,Single,Master's Degree,Finance,Senior Accountant,Senior,Bengaluru,2021-04-29,Active
EMP1480,Meera Chawla,Female,56,Married,Bachelor's Degree,Sales,Sales Director,Director,Bengaluru,2008-11-20,Active
EMP1481,Rajesh Agarwal,Male,25,Married,Master's Degree,Sales,Senior Sales Executive,Mid,Kolkata,2024-06-30,Active
EMP1482,Reyansh Shah,Male,35,Married,Master's Degree,IT,Data Analyst,Mid,Delhi NCR,2021-12-24,Active
EMP1483,Riya Joshi,Female,44,Single,Bachelor's Degree,HR,Senior HR Generalist,Senior,Gurugram,2023-03-20,Active
EMP1484,Ananya Patel,Female,28,Single,Master's Degree,IT,QA Engineer,Entry,Bengaluru,2025-03-18,Active
EMP1485,Pooja Patel,Female,46,Married,Master's Degree,HR,HR Manager,Manager,Pune,2012-04-25,Active
EMP1486,Shreya Das,Female,24,Married,Diploma,IT,Software Engineer I,Entry,Hyderabad,2024-09-20,Active
EMP1487,Ishaan Rao,Male,31,Single,Bachelor's Degree,Procurement,Vendor Manager,Senior,Noida,2022-09-06,Active
EMP1488,Divya Patel,Female,29,Single,Master's Degree,Sales,Sales Executive,Entry,Mumbai,2025-09-16,Active
EMP1489,Siddharth Khan,Male,22,Single,Master's Degree,Customer Support,Technical Support Associate,Entry,Pune,2025-07-12,Exited
EMP1490,Harsh Kulkarni,Male,27,Married,Master's Degree,Sales,Senior Sales Executive,Mid,Bengaluru,2022-02-16,Active
EMP1491,Nisha Dutta,Female,36,Married,High School,IT,Data Analyst,Mid,Pune,2023-11-29,Active
EMP1492,Rajesh Kumar,Male,47,Married,PhD,Marketing,Marketing Manager,Manager,Pune,2015-05-01,Active
EMP1493,Amit Bose,Male,49,Married,Master's Degree,HR,HR Director,Director,Noida,2007-07-31,Active
EMP1494,Rajesh Banerjee,Male,22,Married,Bachelor's Degree,Marketing,Digital Marketing Associate,Entry,Noida,2025-09-06,Active
EMP1495,Sai Iyer,Male,29,Married,Bachelor's Degree,Sales,Sales Executive,Entry,Pune,2024-10-11,Active
EMP1496,Neha Trivedi,Female,31,Single,PhD,HR,Talent Acquisition Specialist,Mid,Pune,2020-12-25,Active
EMP1497,Shreya Gupta,Female,31,Single,Bachelor's Degree,Customer Support,Technical Support Engineer,Mid,Kolkata,2023-04-30,Active
EMP1498,Harsh Pillai,Male,25,Single,Master's Degree,HR,HR Generalist,Mid,Pune,2022-02-04,Active
EMP1499,Neha Trivedi,Female,34,Single,Master's Degree,Sales,Sales Manager,Manager,Delhi NCR,2020-03-08,Active
EMP1500,Neha Ghosh,Female,40,Single,Bachelor's Degree,Operations,Operations Team Lead,Senior,Bengaluru,2017-09-06,Active
EMP1501,Rekha Agarwal,Female,25,Single,Bachelor's Degree,Operations,Operations Executive,Entry,Pune,2023-08-09,Active
EMP1502,Siddharth Banerjee,Male,25,Single,Diploma,Procurement,Procurement Analyst,Mid,Hyderabad,2023-07-30,Active
EMP1503,Gaurav Reddy,Male,26,Married,Master's Degree,Sales,Senior Sales Executive,Mid,Hyderabad,2021-07-09,Active
EMP1504,Ishaan Rana,Male,31,Married,Bachelor's Degree,Sales,Senior Sales Executive,Mid,Hyderabad,2022-02-03,Active
EMP1505,Rahul Nair,Male,26,Single,Bachelor's Degree,Marketing,Marketing Executive,Entry,Mumbai,2025-09-18,Exited
EMP1506,Pooja Kumar,Female,28,Single,Master's Degree,Finance,Senior Finance Analyst,Mid,Hyderabad,2023-05-18,Active
EMP1507,Amit Shah,Male,34,Married,Bachelor's Degree,Operations,Senior Process Associate,Mid,Noida,2021-12-24,Active
EMP1508,Aryan Dutta,Male,24,Single,Bachelor's Degree,Sales,Inside Sales Representative,Entry,Pune,2024-07-30,Active
EMP1509,Aadhya Rastogi,Female,39,Single,Master's Degree,IT,Data Scientist,Senior,Bengaluru,2015-02-16,Exited
EMP1510,Aditya Joshi,Male,25,Single,Master's Degree,Operations,Operations Executive,Entry,Pune,2025-01-06,Exited
EMP1511,Rajesh Mathur,Male,36,Divorced,Master's Degree,IT,Systems Administrator,Mid,Bengaluru,2024-03-17,Exited
EMP1512,Navya Gupta,Female,28,Married,Bachelor's Degree,IT,Software Engineer II,Mid,Bengaluru,2020-10-11,Active
EMP1513,Ritu Chawla,Female,50,Married,Bachelor's Degree,HR,HR Manager,Manager,Bengaluru,2014-09-11,Active
EMP1514,Vikram Gupta,Male,25,Single,Master's Degree,Operations,Process Associate,Entry,Noida,2024-05-17,Active
EMP1515,Divya Mukherjee,Female,26,Single,Master's Degree,Customer Support,Customer Support Associate,Entry,Pune,2025-05-19,Active
EMP1516,Sneha Gupta,Female,22,Married,Master's Degree,IT,IT Support Engineer,Entry,Bengaluru,2025-09-18,Active
EMP1517,Ira Rana,Female,30,Divorced,Bachelor's Degree,IT,Software Engineer II,Mid,Mumbai,2023-04-28,Active
EMP1518,Vivaan Dutta,Male,25,Married,Bachelor's Degree,Customer Support,Customer Support Associate,Entry,Hyderabad,2025-09-10,Exited
EMP1519,Divya Desai,Female,32,Single,Master's Degree,IT,DevOps Engineer,Senior,Gurugram,2021-08-02,Active
EMP1520,Shalini Mehta,Female,29,Single,Master's Degree,IT,Software Engineer I,Entry,Chennai,2025-07-08,Exited
EMP1521,Yash Singh,Male,26,Single,Diploma,Sales,Inside Sales Representative,Entry,Bengaluru,2025-09-09,Exited
EMP1522,Jordan Menon,Other,25,Single,Bachelor's Degree,Finance,Accountant,Mid,Hyderabad,2025-01-03,Active
EMP1523,Isha Das,Female,38,Single,Bachelor's Degree,Customer Support,Support Team Lead,Senior,Gurugram,2020-11-19,Exited
EMP1524,Sanjay Sharma,Male,36,Single,Master's Degree,Operations,Process Excellence Manager,Manager,Delhi NCR,2020-10-17,Active
EMP1525,Meera Kulkarni,Female,34,Married,Master's Degree,Operations,Operations Team Lead,Senior,Noida,2020-08-04,Active
EMP1526,Vikram Ghosh,Male,36,Single,Bachelor's Degree,IT,Systems Administrator,Mid,Delhi NCR,2024-12-05,Active
EMP1527,Ritu Dutta,Female,35,Single,Bachelor's Degree,Sales,Senior Business Development Manager,Senior,Bengaluru,2022-12-25,Active
EMP1528,Anika Kapoor,Female,41,Single,Bachelor's Degree,Sales,Senior Business Development Manager,Senior,Noida,2018-11-23,Exited
EMP1529,Vikram Chatterjee,Male,27,Married,Bachelor's Degree,IT,QA Engineer,Entry,Bengaluru,2025-06-02,Exited
EMP1530,Yash Agarwal,Male,36,Single,Master's Degree,IT,Software Engineer II,Mid,Bengaluru,2024-10-20,Active
EMP1531,Nikhil Patel,Male,42,Single,Bachelor's Degree,Sales,Senior Business Development Manager,Senior,Chennai,2023-06-01,Active
EMP1532,Pooja Jain,Female,27,Married,Master's Degree,IT,QA Engineer,Entry,Delhi NCR,2025-04-28,Active
EMP1533,Dhruv Rastogi,Male,30,Married,Bachelor's Degree,Finance,Senior Accountant,Senior,Hyderabad,2020-07-03,Active
EMP1534,Myra Nair,Female,25,Single,Master's Degree,Operations,Senior Process Associate,Mid,Hyderabad,2024-10-16,Active
EMP1535,Kabir Das,Male,32,Married,High School,IT,Data Analyst,Mid,Bengaluru,2024-06-26,Active
EMP1536,Ajay Bose,Male,26,Married,Bachelor's Degree,Finance,Finance Analyst,Entry,Mumbai,2023-05-18,Active
EMP1537,Kavya Agarwal,Female,43,Married,Bachelor's Degree,Marketing,Senior Marketing Specialist,Senior,Chennai,2014-10-17,Active
EMP1538,Ishaan Bhatt,Male,46,Single,Bachelor's Degree,Operations,Process Excellence Manager,Manager,Gurugram,2012-01-11,Active
EMP1539,Suresh Naidu,Male,22,Single,Bachelor's Degree,Marketing,Marketing Executive,Entry,Gurugram,2025-09-15,Exited
EMP1540,Yash Desai,Male,25,Single,Master's Degree,Sales,Senior Sales Executive,Mid,Delhi NCR,2023-07-04,Active
EMP1541,Kabir Gupta,Male,29,Single,Bachelor's Degree,Marketing,Marketing Executive,Entry,Bengaluru,2024-10-10,Exited
EMP1542,Rajesh Trivedi,Male,27,Single,Master's Degree,IT,QA Engineer,Entry,Pune,2025-09-21,Exited
EMP1543,Vikram Dutta,Male,57,Single,PhD,Sales,Sales Director,Director,Bengaluru,2013-12-24,Active
EMP1544,Ira Gupta,Female,36,Married,Bachelor's Degree,IT,Data Analyst,Mid,Bengaluru,2021-09-19,Active
EMP1545,Siddharth Rao,Male,30,Married,Bachelor's Degree,Sales,Business Development Executive,Mid,Bengaluru,2025-03-11,Active
EMP1546,Aditya Naidu,Male,25,Single,Master's Degree,Sales,Sales Executive,Entry,Chennai,2025-07-02,Active
EMP1547,Karan Ghosh,Male,55,Single,Bachelor's Degree,IT,VP of Engineering,Director,Hyderabad,2002-05-17,Active
EMP1548,Anil Mukherjee,Male,27,Single,Diploma,Operations,Process Associate,Entry,Pune,2025-07-06,Exited
EMP1549,Noor Bhatt,Other,36,Single,High School,Sales,Key Account Manager,Senior,Chennai,2023-07-04,Active
EMP1550,Nikhil Naidu,Male,26,Single,Bachelor's Degree,IT,QA Engineer,Entry,Gurugram,2025-05-24,Exited
EMP1551,Aryan Agarwal,Male,25,Single,Bachelor's Degree,IT,QA Engineer,Entry,Bengaluru,2025-07-09,Active
EMP1552,Riya Iyer,Female,38,Married,Bachelor's Degree,Sales,Key Account Manager,Senior,Mumbai,2016-01-07,Active
EMP1553,Anika Reddy,Female,25,Divorced,Master's Degree,Sales,Inside Sales Representative,Entry,Gurugram,2025-09-08,Active
EMP1554,Pari Menon,Female,40,Single,Bachelor's Degree,Sales,Key Account Manager,Senior,Pune,2013-10-14,Active
EMP1555,Shalini Dutta,Female,22,Single,High School,IT,Software Engineer I,Entry,Hyderabad,2025-06-28,Exited
EMP1556,Ritu Choudhary,Female,34,Married,Bachelor's Degree,Operations,Operations Team Lead,Senior,Delhi NCR,2016-02-14,Active
EMP1557,Anika Banerjee,Female,29,Single,Bachelor's Degree,Customer Support,Support Team Lead,Senior,Pune,2020-08-14,Active
EMP1558,Taran Dutta,Other,29,Single,High School,Finance,Senior Accountant,Senior,Mumbai,2023-12-24,Active
EMP1559,Varun Mukherjee,Male,23,Single,Master's Degree,HR,Talent Acquisition Associate,Entry,Bengaluru,2025-03-07,Exited
EMP1560,Kavya Agarwal,Female,43,Married,Bachelor's Degree,Customer Support,Senior Technical Support Engineer,Senior,Chennai,2019-07-05,Active
EMP1561,Ananya Rao,Female,58,Single,Master's Degree,Procurement,Procurement Director,Director,Chennai,2008-11-24,Active
EMP1562,Ananya Pandey,Female,26,Single,Bachelor's Degree,HR,HR Executive,Entry,Hyderabad,2025-02-15,Active
EMP1563,Reyansh Naidu,Male,24,Married,Master's Degree,Customer Support,Customer Support Associate,Entry,Hyderabad,2023-04-18,Active
EMP1564,Neha Saxena,Female,30,Single,Bachelor's Degree,Customer Support,Support Team Lead,Senior,Bengaluru,2021-06-04,Active
EMP1565,Vihaan Chatterjee,Male,27,Married,Bachelor's Degree,Marketing,Digital Marketing Associate,Entry,Delhi NCR,2025-04-29,Active
EMP1566,Anika Menon,Female,34,Married,Bachelor's Degree,Sales,Senior Business Development Manager,Senior,Bengaluru,2016-11-24,Active
EMP1567,Vikram Nair,Male,36,Single,Master's Degree,IT,Senior Software Engineer,Senior,Delhi NCR,2021-10-13,Active
EMP1568,Sunita Mathur,Female,29,Single,Bachelor's Degree,IT,Software Engineer I,Entry,Chennai,2025-05-18,Active
EMP1569,Ananya Reddy,Female,27,Married,Bachelor's Degree,Sales,Business Development Executive,Mid,Bengaluru,2025-03-16,Active
EMP1570,Varun Jain,Male,34,Single,Bachelor's Degree,Finance,Senior Finance Analyst,Mid,Hyderabad,2018-08-08,Active
EMP1571,Harsh Naidu,Male,24,Single,High School,Sales,Sales Executive,Entry,Bengaluru,2024-05-26,Exited
EMP1572,Suresh Nair,Male,49,Single,Master's Degree,Finance,Financial Controller,Manager,Hyderabad,2025-08-09,Active
EMP1573,Divya Banerjee,Female,22,Single,Master's Degree,Finance,Finance Analyst,Entry,Chennai,2025-04-15,Active
EMP1574,Pallavi Verma,Female,33,Widowed,Bachelor's Degree,Marketing,Digital Marketing Specialist,Mid,Bengaluru,2025-03-09,Exited
EMP1575,Saanvi Choudhary,Female,37,Married,Bachelor's Degree,IT,Technical Lead,Manager,Delhi NCR,2020-07-03,Exited
EMP1576,Yash Rana,Male,29,Single,Master's Degree,IT,IT Support Engineer,Entry,Pune,2022-10-26,Active
EMP1577,Riya Menon,Female,43,Single,High School,Marketing,Brand Strategist,Senior,Hyderabad,2019-05-20,Active
EMP1578,Kiara Rana,Female,27,Single,Bachelor's Degree,Marketing,Digital Marketing Associate,Entry,Bengaluru,2025-09-09,Exited
EMP1579,Sai Iyer,Male,31,Single,Bachelor's Degree,Procurement,Procurement Analyst,Mid,Noida,2023-02-09,Exited
EMP1580,Amit Mukherjee,Male,22,Single,Master's Degree,Customer Support,Technical Support Associate,Entry,Noida,2025-08-14,Exited
EMP1581,Rahul Dutta,Male,34,Married,Bachelor's Degree,Customer Support,Support Team Lead,Senior,Bengaluru,2022-07-05,Active
EMP1582,Ishaan Chawla,Male,32,Single,Bachelor's Degree,Sales,Key Account Manager,Senior,Delhi NCR,2024-09-06,Exited
EMP1583,Reyansh Das,Male,45,Married,Bachelor's Degree,Sales,Regional Sales Manager,Manager,Pune,2017-05-31,Active
EMP1584,Aarav Malhotra,Male,52,Single,Bachelor's Degree,IT,IT Director,Director,Bengaluru,2014-10-12,Active
EMP1585,Deepak Chawla,Male,34,Married,Bachelor's Degree,HR,Senior HR Generalist,Senior,Hyderabad,2015-01-06,Active
EMP1586,Sai Rastogi,Male,43,Single,Bachelor's Degree,Customer Support,Senior Technical Support Engineer,Senior,Bengaluru,2018-09-20,Active
EMP1587,Arjun Jain,Male,36,Married,Diploma,Sales,Business Development Executive,Mid,Gurugram,2024-10-29,Active
EMP1588,Anjali Nair,Female,47,Single,Bachelor's Degree,Finance,Financial Controller,Manager,Pune,2017-06-03,Active
EMP1589,Vihaan Gupta,Male,42,Single,Master's Degree,Sales,Key Account Manager,Senior,Noida,2019-04-26,Exited
EMP1590,Suresh Ghosh,Male,38,Divorced,Master's Degree,IT,Technical Lead,Manager,Kolkata,2015-11-21,Active
EMP1591,Diya Agarwal,Female,24,Single,Master's Degree,IT,Software Engineer I,Entry,Pune,2023-08-07,Active
EMP1592,Sanjay Shah,Male,32,Married,Bachelor's Degree,IT,Data Analyst,Mid,Mumbai,2023-11-23,Active
EMP1593,Siddharth Singh,Male,40,Married,Bachelor's Degree,Customer Support,Senior Technical Support Engineer,Senior,Kolkata,2020-07-10,Active
EMP1594,Krishna Mukherjee,Male,29,Single,Master's Degree,Sales,Inside Sales Representative,Entry,Bengaluru,2024-10-17,Exited
EMP1595,Kabir Kapoor,Male,28,Single,Diploma,Marketing,Digital Marketing Associate,Entry,Bengaluru,2025-04-17,Active
EMP1596,Anika Mukherjee,Female,51,Single,Bachelor's Degree,Operations,Operations Director,Director,Mumbai,2008-11-25,Active
EMP1597,Siddharth Mukherjee,Male,26,Single,Bachelor's Degree,IT,Software Engineer II,Mid,Mumbai,2022-06-30,Active
EMP1598,Manish Rao,Male,28,Married,Bachelor's Degree,IT,QA Engineer,Entry,Chennai,2025-04-28,Exited
EMP1599,Arjun Bose,Male,25,Single,Bachelor's Degree,Marketing,Digital Marketing Associate,Entry,Pune,2025-09-13,Exited
EMP1600,Sneha Ghosh,Female,27,Married,Bachelor's Degree,IT,Software Engineer II,Mid,Pune,2024-02-02,Active
EMP1601,Anil Iyer,Male,25,Married,Master's Degree,Customer Support,Senior Support Associate,Mid,Mumbai,2025-04-28,Active
EMP1602,Yash Pillai,Male,35,Married,Master's Degree,IT,Technical Lead,Manager,Pune,2015-09-21,Active
EMP1603,Gaurav Pillai,Male,38,Married,Bachelor's Degree,Operations,Operations Director,Director,Chennai,2019-02-02,Active
EMP1604,Pooja Ghosh,Female,44,Divorced,High School,Marketing,Brand Strategist,Senior,Delhi NCR,2023-07-02,Active
EMP1605,Pari Ghosh,Female,43,Single,Master's Degree,IT,Senior Software Engineer,Senior,Noida,2023-01-07,Active
EMP1606,Vidya Jain,Female,26,Single,Master's Degree,IT,QA Engineer,Entry,Bengaluru,2025-04-23,Active
EMP1607,Aditya Malhotra,Male,40,Divorced,Bachelor's Degree,Procurement,Sourcing Manager,Manager,Chennai,2017-10-12,Exited
EMP1608,Vivaan Rao,Male,25,Single,Bachelor's Degree,IT,QA Engineer,Entry,Kolkata,2025-03-19,Active
EMP1609,Kiara Das,Female,28,Married,High School,Sales,Sales Executive,Entry,Kolkata,2023-11-29,Active
EMP1610,Aarav Sharma,Male,43,Married,Bachelor's Degree,Sales,VP of Sales,Director,Kolkata,2008-03-08,Active
EMP1611,Swati Joshi,Female,37,Divorced,Bachelor's Degree,IT,Engineering Manager,Manager,Gurugram,2017-02-12,Active
EMP1612,Sai Menon,Male,22,Single,High School,Marketing,Digital Marketing Associate,Entry,Gurugram,2025-05-28,Active
EMP1613,Rajesh Pandey,Male,42,Married,Bachelor's Degree,Marketing,Brand Strategist,Senior,Bengaluru,2020-10-24,Active
EMP1614,Ishaan Nair,Male,26,Single,Master's Degree,Sales,Business Development Executive,Mid,Hyderabad,2025-08-08,Active
EMP1615,Varun Jain,Male,25,Single,Bachelor's Degree,Marketing,Marketing Executive,Entry,Noida,2025-09-18,Active
EMP1616,Vidya Das,Female,27,Single,Master's Degree,IT,IT Support Engineer,Entry,Pune,2023-12-25,Active
EMP1617,Vihaan Mukherjee,Male,27,Single,Diploma,IT,IT Support Engineer,Entry,Delhi NCR,2023-08-16,Active
EMP1618,Rohan Naidu,Male,32,Married,Master's Degree,Finance,Accountant,Mid,Delhi NCR,2021-09-12,Exited
EMP1619,Anjali Gupta,Female,36,Married,Bachelor's Degree,Procurement,Vendor Coordinator,Mid,Delhi NCR,2022-03-12,Active
EMP1620,Riya Chatterjee,Female,33,Married,Bachelor's Degree,IT,Systems Administrator,Mid,Pune,2023-08-02,Active
EMP1621,Isha Mukherjee,Female,23,Single,Master's Degree,IT,IT Support Engineer,Entry,Chennai,2025-02-14,Active
EMP1622,Shreya Naidu,Female,44,Single,Bachelor's Degree,Finance,Finance Manager,Manager,Hyderabad,2021-10-12,Active
EMP1623,Kiara Patel,Female,35,Married,Bachelor's Degree,Marketing,Content Strategist,Mid,Gurugram,2025-02-11,Active
EMP1624,Suresh Khan,Male,50,Married,Bachelor's Degree,IT,Engineering Manager,Manager,Bengaluru,2019-04-17,Active
EMP1625,Sneha Rana,Female,22,Single,Master's Degree,Sales,Sales Executive,Entry,Noida,2025-07-11,Active
EMP1626,Pari Trivedi,Female,35,Single,Bachelor's Degree,Operations,Operations Analyst,Mid,Gurugram,2022-12-03,Exited
EMP1627,Yash Singh,Male,37,Single,Bachelor's Degree,Sales,Sales Manager,Manager,Kolkata,2021-12-31,Active
EMP1628,Myra Kulkarni,Female,23,Married,Diploma,IT,Software Engineer I,Entry,Bengaluru,2024-07-10,Active
EMP1629,Gaurav Reddy,Male,22,Single,Master's Degree,IT,IT Support Engineer,Entry,Noida,2025-08-09,Exited
EMP1630,Meera Bose,Female,24,Single,Master's Degree,Sales,Inside Sales Representative,Entry,Hyderabad,2025-09-14,Exited
EMP1631,Aarav Agarwal,Male,23,Single,Master's Degree,Sales,Sales Executive,Entry,Hyderabad,2025-09-14,Active
EMP1632,Aadhya Patel,Female,27,Single,Master's Degree,Customer Support,Senior Support Associate,Mid,Hyderabad,2023-02-16,Active
EMP1633,Rahul Chatterjee,Male,25,Single,Bachelor's Degree,HR,Talent Acquisition Associate,Entry,Gurugram,2025-05-22,Exited
EMP1634,Aadhya Trivedi,Female,23,Single,Diploma,Operations,Process Associate,Entry,Chennai,2024-05-31,Active
EMP1635,Reyansh Bose,Male,29,Married,Diploma,Procurement,Vendor Manager,Senior,Delhi NCR,2020-10-15,Active
EMP1636,Pari Agarwal,Female,23,Single,Master's Degree,Sales,Sales Executive,Entry,Hyderabad,2025-03-21,Active
EMP1637,Suresh Kapoor,Male,27,Single,Bachelor's Degree,Sales,Senior Sales Executive,Mid,Pune,2023-08-14,Active
EMP1638,Pooja Rastogi,Female,35,Married,Bachelor's Degree,Customer Support,Support Team Lead,Senior,Hyderabad,2016-04-30,Active
EMP1639,Aarav Yadav,Male,23,Single,High School,IT,Software Engineer I,Entry,Bengaluru,2025-05-20,Active
EMP1640,Rajesh Rastogi,Male,27,Single,PhD,Operations,Process Associate,Entry,Gurugram,2025-09-15,Active
EMP1641,Dhruv Mukherjee,Male,22,Single,Diploma,Operations,Operations Executive,Entry,Bengaluru,2025-06-04,Exited
EMP1642,Riya Jain,Female,28,Married,Bachelor's Degree,IT,QA Engineer,Entry,Delhi NCR,2024-09-18,Exited
EMP1643,Harsh Bose,Male,32,Single,Bachelor's Degree,Sales,Business Development Executive,Mid,Pune,2024-04-28,Active
EMP1644,Ananya Nair,Female,29,Single,Bachelor's Degree,IT,IT Support Engineer,Entry,Bengaluru,2024-04-28,Exited
EMP1645,Varun Mukherjee,Male,25,Single,Diploma,IT,Software Engineer I,Entry,Hyderabad,2025-09-22,Exited
EMP1646,Riya Gupta,Female,50,Single,Bachelor's Degree,Sales,Sales Director,Director,Bengaluru,2015-03-10,Active
EMP1647,Vihaan Pillai,Male,34,Single,Bachelor's Degree,Sales,Sales Manager,Manager,Delhi NCR,2017-03-13,Active
EMP1648,Suresh Rastogi,Male,26,Married,Bachelor's Degree,Marketing,Marketing Executive,Entry,Delhi NCR,2023-12-24,Active
EMP1649,Gaurav Patel,Male,22,Single,Bachelor's Degree,Customer Support,Technical Support Associate,Entry,Chennai,2025-07-29,Exited
EMP1650,Reyansh Bhatt,Male,33,Married,Master's Degree,Marketing,Content Strategist,Mid,Hyderabad,2022-03-12,Active
EMP1651,Vikram Verma,Male,34,Married,Master's Degree,IT,Technical Lead,Manager,Bengaluru,2022-10-19,Active
EMP1652,Karan Chawla,Male,39,Single,Bachelor's Degree,IT,Data Scientist,Senior,Mumbai,2021-10-11,Active
EMP1653,Arjun Trivedi,Male,24,Single,Bachelor's Degree,IT,IT Support Engineer,Entry,Noida,2024-11-16,Active
EMP1654,Sneha Agarwal,Female,22,Single,Bachelor's Degree,IT,Software Engineer I,Entry,Mumbai,2025-09-20,Active
EMP1655,Manish Naidu,Male,36,Married,High School,Customer Support,Technical Support Engineer,Mid,Chennai,2021-02-04,Active
EMP1656,Meera Rao,Female,36,Married,Bachelor's Degree,Sales,Regional Sales Manager,Manager,Bengaluru,2020-12-26,Active
EMP1657,Ishaan Yadav,Male,45,Single,Bachelor's Degree,IT,IT Project Manager,Manager,Gurugram,2020-06-24,Active
EMP1658,Vivaan Naidu,Male,24,Single,Diploma,Marketing,Digital Marketing Associate,Entry,Delhi NCR,2025-07-04,Active
EMP1659,Amit Rao,Male,27,Married,Bachelor's Degree,Sales,Senior Sales Executive,Mid,Hyderabad,2023-12-30,Exited
EMP1660,Vihaan Rana,Male,26,Married,High School,IT,IT Support Engineer,Entry,Hyderabad,2024-11-25,Active
EMP1661,Aarav Sharma,Male,44,Divorced,Bachelor's Degree,IT,DevOps Engineer,Senior,Pune,2020-08-05,Active
EMP1662,Saanvi Jain,Female,36,Married,Master's Degree,HR,HR Manager,Manager,Hyderabad,2017-10-17,Active
EMP1663,Rekha Nair,Female,29,Married,Bachelor's Degree,Marketing,Content Strategist,Mid,Hyderabad,2022-05-25,Active
EMP1664,Swati Naidu,Female,26,Married,Bachelor's Degree,IT,QA Engineer,Entry,Gurugram,2024-12-26,Active
EMP1665,Reyansh Gupta,Male,32,Divorced,Diploma,Customer Support,Senior Support Associate,Mid,Bengaluru,2021-04-29,Exited
EMP1666,Rahul Reddy,Male,36,Married,Bachelor's Degree,Customer Support,Senior Support Associate,Mid,Gurugram,2025-04-29,Active
EMP1667,Diya Joshi,Female,37,Single,High School,Marketing,Brand Strategist,Senior,Mumbai,2016-10-13,Exited
EMP1668,Ajay Rana,Male,30,Single,Master's Degree,IT,Systems Administrator,Mid,Bengaluru,2021-03-17,Active
EMP1669,Siddharth Singh,Male,46,Divorced,Bachelor's Degree,IT,Engineering Manager,Manager,Delhi NCR,2018-10-22,Active
EMP1670,Rohan Ghosh,Male,23,Married,Bachelor's Degree,Customer Support,Customer Support Associate,Entry,Pune,2025-09-07,Active
EMP1671,Sai Agarwal,Male,29,Married,Master's Degree,Sales,Inside Sales Representative,Entry,Bengaluru,2025-03-14,Exited
EMP1672,Swati Yadav,Female,29,Married,Bachelor's Degree,HR,HR Executive,Entry,Delhi NCR,2025-09-12,Active
EMP1673,Vivaan Singh,Male,29,Single,Bachelor's Degree,Operations,Operations Executive,Entry,Hyderabad,2024-09-04,Exited
EMP1674,Krishna Choudhary,Male,26,Married,Bachelor's Degree,IT,Software Engineer I,Entry,Hyderabad,2025-02-09,Active
EMP1675,Pari Mathur,Female,35,Married,Bachelor's Degree,Marketing,Senior Marketing Specialist,Senior,Mumbai,2015-03-20,Active
EMP1676,Arin Chatterjee,Other,25,Single,Bachelor's Degree,Customer Support,Technical Support Associate,Entry,Mumbai,2025-07-12,Active
EMP1677,Dhruv Menon,Male,22,Single,Diploma,Operations,Operations Executive,Entry,Gurugram,2025-07-30,Active
EMP1678,Vivaan Chawla,Male,26,Single,Bachelor's Degree,Sales,Inside Sales Representative,Entry,Mumbai,2025-09-23,Exited
EMP1679,Swati Chatterjee,Female,28,Divorced,Bachelor's Degree,Customer Support,Technical Support Associate,Entry,Mumbai,2023-10-22,Active
EMP1680,Vikram Mukherjee,Male,45,Single,Diploma,Finance,Financial Controller,Manager,Delhi NCR,2020-04-22,Active
EMP1681,Reyansh Das,Male,46,Married,Master's Degree,Operations,Process Excellence Manager,Manager,Chennai,2017-11-16,Active
EMP1682,Vihaan Trivedi,Male,23,Single,High School,Marketing,Digital Marketing Associate,Entry,Bengaluru,2025-09-13,Active
EMP1683,Manish Khan,Male,32,Single,Bachelor's Degree,Operations,Operations Team Lead,Senior,Delhi NCR,2018-07-13,Active
EMP1684,Saanvi Jain,Female,39,Married,Bachelor's Degree,Sales,Senior Business Development Manager,Senior,Bengaluru,2023-09-20,Active
EMP1685,Shreya Ghosh,Female,44,Married,PhD,IT,IT Director,Director,Hyderabad,2019-02-07,Active
EMP1686,Vidya Mukherjee,Female,34,Divorced,Bachelor's Degree,IT,Systems Administrator,Mid,Noida,2020-10-14,Exited
EMP1687,Myra Sharma,Female,22,Married,Bachelor's Degree,Finance,Finance Analyst,Entry,Pune,2025-02-15,Active
EMP1688,Kavya Nair,Female,30,Single,Bachelor's Degree,Finance,Accountant,Mid,Bengaluru,2018-12-27,Active
EMP1689,Myra Iyer,Female,49,Married,Master's Degree,HR,HR Manager,Manager,Mumbai,2014-08-15,Active
EMP1690,Kiara Rao,Female,30,Divorced,Bachelor's Degree,Sales,Senior Business Development Manager,Senior,Pune,2024-12-02,Active
EMP1691,Rahul Kulkarni,Male,31,Divorced,Diploma,Marketing,Content Strategist,Mid,Chennai,2023-08-16,Active
EMP1692,Ishaan Iyer,Male,28,Divorced,Master's Degree,Customer Support,Customer Support Associate,Entry,Chennai,2025-08-15,Exited
EMP1693,Nikhil Reddy,Male,40,Married,Diploma,IT,Data Scientist,Senior,Hyderabad,2020-12-30,Exited
EMP1694,Anil Mukherjee,Male,42,Married,PhD,Operations,Operations Manager,Manager,Noida,2014-03-07,Active
EMP1695,Dhruv Shah,Male,31,Married,Bachelor's Degree,Operations,Operations Analyst,Mid,Mumbai,2024-12-04,Active
EMP1696,Ishaan Iyer,Male,36,Single,Master's Degree,Finance,Senior Accountant,Senior,Mumbai,2021-07-30,Active
EMP1697,Vikram Iyer,Male,27,Married,PhD,IT,Data Analyst,Mid,Bengaluru,2024-10-26,Active
EMP1698,Rajesh Kumar,Male,34,Single,Bachelor's Degree,Marketing,Digital Marketing Specialist,Mid,Noida,2022-03-05,Active
EMP1699,Vikram Bhatt,Male,27,Married,Bachelor's Degree,Procurement,Procurement Analyst,Mid,Delhi NCR,2021-09-07,Active
EMP1700,Manish Rastogi,Male,34,Single,Bachelor's Degree,Operations,Operations Team Lead,Senior,Kolkata,2013-11-21,Exited
EMP1701,Vikram Bose,Male,44,Single,PhD,Customer Support,Customer Support Director,Director,Noida,2007-01-01,Active
EMP1702,Navya Rastogi,Female,33,Married,Bachelor's Degree,Procurement,Vendor Coordinator,Mid,Mumbai,2025-05-18,Active
EMP1703,Kabir Jain,Male,31,Married,Master's Degree,Sales,Business Development Executive,Mid,Noida,2021-09-14,Active
EMP1704,Rahul Dutta,Male,33,Married,Bachelor's Degree,HR,HR Generalist,Mid,Hyderabad,2020-06-03,Active
EMP1705,Ishaan Agarwal,Male,24,Single,Bachelor's Degree,Sales,Inside Sales Representative,Entry,Noida,2024-11-29,Active
EMP1706,Myra Jain,Female,29,Married,Bachelor's Degree,Procurement,Purchase Associate,Entry,Bengaluru,2025-07-09,Active
EMP1707,Ananya Pillai,Female,28,Single,Master's Degree,IT,QA Engineer,Entry,Hyderabad,2025-07-07,Active
EMP1708,Aarav Chatterjee,Male,30,Married,Bachelor's Degree,Sales,Senior Sales Executive,Mid,Noida,2024-03-25,Active
EMP1709,Rahul Chatterjee,Male,27,Single,Bachelor's Degree,Customer Support,Customer Support Associate,Entry,Bengaluru,2024-10-21,Active
EMP1710,Neha Iyer,Female,32,Widowed,Bachelor's Degree,Sales,Senior Sales Executive,Mid,Noida,2022-11-25,Active
EMP1711,Anjali Saxena,Female,29,Single,High School,Marketing,Senior Marketing Specialist,Senior,Bengaluru,2024-07-02,Active
EMP1712,Karan Gupta,Male,29,Divorced,Master's Degree,Sales,Sales Executive,Entry,Delhi NCR,2023-04-27,Active
EMP1713,Vivaan Kulkarni,Male,28,Single,Bachelor's Degree,Procurement,Vendor Coordinator,Mid,Delhi NCR,2024-11-30,Active
EMP1714,Harsh Bose,Male,38,Single,Diploma,Customer Support,Customer Support Manager,Manager,Bengaluru,2023-10-19,Active
EMP1715,Dhruv Kapoor,Male,35,Divorced,Master's Degree,Sales,Senior Sales Executive,Mid,Noida,2023-08-12,Exited
EMP1716,Myra Gupta,Female,25,Single,Bachelor's Degree,Marketing,Marketing Executive,Entry,Bengaluru,2025-02-16,Active
EMP1717,Ritu Menon,Female,26,Single,Bachelor's Degree,Sales,Business Development Executive,Mid,Noida,2023-10-15,Active
EMP1718,Kiran Chatterjee,Other,33,Married,Bachelor's Degree,HR,HR Generalist,Mid,Kolkata,2024-04-19,Active
EMP1719,Ira Rana,Female,34,Single,Master's Degree,Operations,Operations Analyst,Mid,Gurugram,2024-10-26,Active
EMP1720,Ajay Malhotra,Male,24,Single,Bachelor's Degree,Marketing,Marketing Executive,Entry,Chennai,2025-09-05,Active
EMP1721,Neha Naidu,Female,35,Single,Bachelor's Degree,IT,Software Engineer II,Mid,Delhi NCR,2020-11-30,Active
EMP1722,Kabir Agarwal,Male,27,Single,PhD,IT,Software Engineer II,Mid,Kolkata,2022-06-28,Exited
EMP1723,Arjun Naidu,Male,22,Single,Bachelor's Degree,Operations,Process Associate,Entry,Noida,2025-08-18,Active
EMP1724,Ananya Naidu,Female,35,Single,Diploma,Finance,Senior Finance Analyst,Mid,Gurugram,2024-08-11,Active
EMP1725,Siddharth Gupta,Male,24,Single,Bachelor's Degree,Finance,Finance Analyst,Entry,Kolkata,2025-09-18,Exited
EMP1726,Divya Mehta,Female,24,Single,Bachelor's Degree,IT,Software Engineer I,Entry,Mumbai,2025-01-10,Active
EMP1727,Kiran Sharma,Other,29,Single,Bachelor's Degree,Sales,Key Account Manager,Senior,Mumbai,2019-08-09,Active
EMP1728,Anjali Agarwal,Female,24,Single,Bachelor's Degree,Customer Support,Customer Support Associate,Entry,Noida,2024-07-07,Active
EMP1729,Priya Chawla,Female,25,Single,Bachelor's Degree,IT,Data Analyst,Mid,Gurugram,2025-07-07,Active
EMP1730,Manish Ghosh,Male,27,Single,Master's Degree,Sales,Business Development Executive,Mid,Bengaluru,2022-08-08,Active
EMP1731,Arjun Agarwal,Male,26,Single,Bachelor's Degree,Customer Support,Customer Support Associate,Entry,Hyderabad,2025-04-12,Active
EMP1732,Anjali Khan,Female,38,Divorced,Bachelor's Degree,IT,Technical Lead,Manager,Delhi NCR,2024-01-07,Active
EMP1733,Isha Nair,Female,31,Married,Bachelor's Degree,Operations,Operations Analyst,Mid,Bengaluru,2021-06-03,Active
EMP1734,Sunita Gupta,Female,25,Single,Bachelor's Degree,IT,QA Engineer,Entry,Mumbai,2025-08-02,Exited
EMP1735,Rohan Dutta,Male,43,Married,Master's Degree,Customer Support,Support Operations Manager,Manager,Hyderabad,2018-02-09,Active
EMP1736,Ajay Dutta,Male,36,Single,Master's Degree,Operations,Senior Operations Analyst,Senior,Hyderabad,2018-09-05,Active
EMP1737,Kabir Malhotra,Male,36,Single,Bachelor's Degree,Customer Support,Support Team Lead,Senior,Chennai,2023-09-10,Active
EMP1738,Anjali Shah,Female,26,Married,Diploma,IT,QA Engineer,Entry,Hyderabad,2025-08-15,Active
EMP1739,Shalini Mathur,Female,23,Widowed,Bachelor's Degree,Finance,Accounts Executive,Entry,Chennai,2024-08-02,Active
EMP1740,Diya Rastogi,Female,33,Divorced,Bachelor's Degree,Marketing,Content Strategist,Mid,Mumbai,2023-08-18,Active
EMP1741,Karan Kulkarni,Male,27,Married,Bachelor's Degree,IT,QA Engineer,Entry,Chennai,2024-02-08,Active
EMP1742,Vikram Mehta,Male,28,Single,High School,IT,IT Support Engineer,Entry,Gurugram,2025-09-22,Active
EMP1743,Aditya Agarwal,Male,35,Married,Bachelor's Degree,IT,Data Scientist,Senior,Pune,2019-12-26,Active
EMP1744,Deepak Trivedi,Male,29,Divorced,Bachelor's Degree,Customer Support,Technical Support Associate,Entry,Bengaluru,2024-12-26,Active
EMP1745,Ishaan Bose,Male,22,Single,High School,Operations,Operations Executive,Entry,Chennai,2025-05-18,Exited
EMP1746,Priya Choudhary,Female,23,Single,Bachelor's Degree,HR,HR Executive,Entry,Gurugram,2024-12-04,Exited
EMP1747,Rohan Agarwal,Male,27,Widowed,Master's Degree,Operations,Operations Analyst,Mid,Bengaluru,2023-08-01,Active
EMP1748,Amit Malhotra,Male,34,Divorced,Master's Degree,Finance,Accountant,Mid,Chennai,2021-04-15,Exited
EMP1749,Kavya Bhatt,Female,41,Single,Master's Degree,Sales,Sales Manager,Manager,Mumbai,2022-01-31,Active
EMP1750,Meera Pillai,Female,22,Married,Bachelor's Degree,Sales,Sales Executive,Entry,Bengaluru,2025-08-10,Active
EMP1751,Amit Reddy,Male,28,Married,Diploma,HR,HR Executive,Entry,Hyderabad,2022-12-29,Active
EMP1752,Gaurav Iyer,Male,34,Single,Master's Degree,IT,Data Analyst,Mid,Noida,2023-09-16,Active
EMP1753,Preeti Rastogi,Female,33,Divorced,Diploma,Customer Support,Technical Support Engineer,Mid,Pune,2022-03-11,Active
EMP1754,Shalini Sharma,Female,29,Single,Master's Degree,Marketing,Digital Marketing Specialist,Mid,Noida,2024-08-03,Active
EMP1755,Anika Gupta,Female,43,Single,Bachelor's Degree,Sales,Regional Sales Manager,Manager,Pune,2017-01-05,Active
EMP1756,Dhruv Dutta,Male,35,Divorced,Master's Degree,Finance,Accountant,Mid,Bengaluru,2025-09-17,Active
EMP1757,Anil Naidu,Male,32,Divorced,Bachelor's Degree,IT,Systems Administrator,Mid,Bengaluru,2022-12-22,Active
EMP1758,Pallavi Sharma,Female,47,Single,Bachelor's Degree,Procurement,VP of Procurement,Director,Chennai,2016-01-31,Active
EMP1759,Sanjay Das,Male,27,Married,Diploma,Customer Support,Technical Support Associate,Entry,Bengaluru,2025-07-11,Exited
EMP1760,Rajesh Rastogi,Male,36,Married,Bachelor's Degree,Customer Support,Customer Support Manager,Manager,Chennai,2020-02-16,Active
EMP1761,Sunita Pillai,Female,35,Married,Bachelor's Degree,Sales,Business Development Executive,Mid,Hyderabad,2022-02-01,Active
EMP1762,Siddharth Joshi,Male,31,Married,Master's Degree,IT,Software Engineer II,Mid,Kolkata,2023-05-22,Exited
EMP1763,Isha Joshi,Female,46,Widowed,Master's Degree,IT,IT Project Manager,Manager,Bengaluru,2019-09-20,Active
EMP1764,Neha Mehta,Female,36,Married,PhD,IT,Data Analyst,Mid,Mumbai,2024-06-24,Active
EMP1765,Aryan Naidu,Male,36,Married,Bachelor's Degree,IT,Data Analyst,Mid,Bengaluru,2025-02-16,Active
EMP1766,Preeti Rao,Female,22,Single,Bachelor's Degree,IT,QA Engineer,Entry,Hyderabad,2025-06-03,Active
EMP1767,Sai Agarwal,Male,39,Single,Diploma,Procurement,Senior Procurement Analyst,Senior,Noida,2019-05-26,Active
EMP1768,Anjali Nair,Female,26,Single,Diploma,IT,Systems Administrator,Mid,Bengaluru,2025-02-05,Active
EMP1769,Ira Verma,Female,29,Single,Bachelor's Degree,IT,IT Support Engineer,Entry,Chennai,2024-03-21,Active
EMP1770,Ananya Iyer,Female,35,Divorced,Diploma,Marketing,Brand Strategist,Senior,Delhi NCR,2019-05-24,Active
EMP1771,Suresh Bose,Male,30,Married,Diploma,HR,HR Business Partner,Senior,Gurugram,2021-06-25,Active
EMP1772,Kavya Patel,Female,34,Married,Bachelor's Degree,Marketing,Content Strategist,Mid,Pune,2023-06-04,Active
EMP1773,Rekha Singh,Female,24,Single,Bachelor's Degree,HR,Talent Acquisition Associate,Entry,Kolkata,2023-05-21,Active
EMP1774,Myra Iyer,Female,35,Married,Bachelor's Degree,Customer Support,Senior Support Associate,Mid,Noida,2023-09-13,Exited
EMP1775,Priya Pandey,Female,22,Single,Bachelor's Degree,HR,Talent Acquisition Associate,Entry,Chennai,2025-04-12,Active
EMP1776,Aryan Menon,Male,23,Single,Master's Degree,Finance,Finance Analyst,Entry,Bengaluru,2025-09-18,Exited
EMP1777,Priya Khan,Female,32,Single,Bachelor's Degree,Operations,Senior Process Associate,Mid,Hyderabad,2023-12-29,Active
EMP1778,Rajesh Kulkarni,Male,22,Single,Diploma,Sales,Inside Sales Representative,Entry,Noida,2025-04-15,Exited
EMP1779,Karan Bhatt,Male,27,Single,Master's Degree,Sales,Sales Executive,Entry,Delhi NCR,2025-03-18,Exited
EMP1780,Preeti Kulkarni,Female,41,Single,Master's Degree,Sales,Senior Business Development Manager,Senior,Pune,2022-04-20,Active
EMP1781,Nisha Verma,Female,29,Married,Bachelor's Degree,IT,Software Engineer I,Entry,Mumbai,2025-09-08,Active
EMP1782,Devi Mathur,Other,55,Married,Diploma,Marketing,VP of Marketing,Director,Pune,2013-01-03,Active
EMP1783,Rajesh Mathur,Male,37,Single,Master's Degree,IT,Technical Lead,Manager,Mumbai,2018-05-24,Active
EMP1784,Nikhil Singh,Male,25,Single,Master's Degree,IT,Software Engineer II,Mid,Mumbai,2022-06-28,Exited
EMP1785,Siddharth Jain,Male,40,Divorced,Master's Degree,IT,VP of Engineering,Director,Pune,2012-07-07,Active
EMP1786,Arjun Mehta,Male,45,Married,Bachelor's Degree,Marketing,Marketing Manager,Manager,Hyderabad,2023-10-15,Active
EMP1787,Kiara Bhatt,Female,22,Single,Diploma,Sales,Inside Sales Representative,Entry,Pune,2025-06-30,Active
EMP1788,Arjun Rastogi,Male,43,Married,Bachelor's Degree,Operations,Senior Operations Analyst,Senior,Bengaluru,2019-03-21,Active
EMP1789,Vihaan Khan,Male,25,Married,Bachelor's Degree,Customer Support,Customer Support Associate,Entry,Bengaluru,2025-09-06,Active
EMP1790,Rajesh Chatterjee,Male,36,Single,High School,IT,Senior Software Engineer,Senior,Gurugram,2024-04-30,Active
EMP1791,Aryan Malhotra,Male,29,Single,Bachelor's Degree,Operations,Operations Analyst,Mid,Kolkata,2021-09-11,Active
EMP1792,Aadhya Naidu,Female,23,Single,Master's Degree,Sales,Sales Executive,Entry,Hyderabad,2025-09-18,Active
EMP1793,Shreya Mehta,Female,28,Married,High School,IT,IT Support Engineer,Entry,Chennai,2025-08-04,Active
EMP1794,Gaurav Jain,Male,58,Single,PhD,Operations,VP of Operations,Director,Delhi NCR,2008-06-24,Exited
EMP1795,Arjun Kulkarni,Male,26,Married,Bachelor's Degree,Customer Support,Technical Support Associate,Entry,Kolkata,2022-08-05,Active
EMP1796,Dhruv Rastogi,Male,22,Single,Master's Degree,Sales,Sales Executive,Entry,Pune,2025-08-10,Active
EMP1797,Rahul Rana,Male,26,Single,Master's Degree,Finance,Accounts Executive,Entry,Gurugram,2023-11-23,Active
EMP1798,Rekha Verma,Female,30,Single,Bachelor's Degree,Sales,Business Development Executive,Mid,Mumbai,2021-04-26,Exited
EMP1799,Pooja Mehta,Female,35,Married,Bachelor's Degree,Finance,Financial Controller,Manager,Kolkata,2019-08-17,Active
EMP1800,Karan Iyer,Male,33,Married,Master's Degree,HR,HR Business Partner,Senior,Bengaluru,2021-05-30,Active
EMP1801,Shreya Nair,Female,30,Single,Bachelor's Degree,HR,HR Generalist,Mid,Bengaluru,2023-10-18,Active
EMP1802,Siddharth Joshi,Male,23,Married,Bachelor's Degree,HR,HR Executive,Entry,Noida,2025-01-03,Active
EMP1803,Yash Chawla,Male,26,Single,Bachelor's Degree,IT,IT Support Engineer,Entry,Bengaluru,2025-02-14,Exited
EMP1804,Siddharth Menon,Male,33,Married,Bachelor's Degree,Operations,Senior Process Associate,Mid,Chennai,2024-07-03,Active
EMP1805,Suresh Kulkarni,Male,37,Married,Bachelor's Degree,Operations,Operations Team Lead,Senior,Bengaluru,2021-03-07,Active
EMP1806,Arjun Mukherjee,Male,44,Married,Bachelor's Degree,Operations,Operations Team Lead,Senior,Bengaluru,2019-09-15,Exited
EMP1807,Vidya Das,Female,30,Widowed,Diploma,IT,Systems Administrator,Mid,Hyderabad,2020-11-26,Active
EMP1808,Saanvi Yadav,Female,25,Single,Master's Degree,Sales,Senior Sales Executive,Mid,Gurugram,2023-10-24,Active
EMP1809,Harsh Kulkarni,Male,31,Married,Bachelor's Degree,Sales,Senior Sales Executive,Mid,Delhi NCR,2024-10-20,Exited
EMP1810,Meera Banerjee,Female,27,Single,Bachelor's Degree,IT,Data Analyst,Mid,Chennai,2021-02-10,Active
EMP1811,Kabir Dutta,Male,34,Divorced,Bachelor's Degree,IT,Data Analyst,Mid,Delhi NCR,2019-11-16,Active
EMP1812,Deepak Kapoor,Male,39,Single,Bachelor's Degree,Sales,Senior Business Development Manager,Senior,Delhi NCR,2022-05-21,Active
EMP1813,Rohan Patel,Male,32,Married,Bachelor's Degree,Operations,Operations Analyst,Mid,Delhi NCR,2023-11-22,Active
EMP1814,Saanvi Kapoor,Female,44,Married,Master's Degree,IT,IT Project Manager,Manager,Pune,2020-06-29,Active
EMP1815,Vikram Kulkarni,Male,28,Divorced,Master's Degree,Marketing,Content Strategist,Mid,Delhi NCR,2023-02-11,Active
EMP1816,Nisha Banerjee,Female,26,Married,Bachelor's Degree,Finance,Accounts Executive,Entry,Kolkata,2024-12-28,Active
EMP1817,Pari Yadav,Female,26,Married,Bachelor's Degree,Operations,Process Associate,Entry,Kolkata,2025-04-10,Exited
EMP1818,Anil Bhatt,Male,30,Married,Bachelor's Degree,Sales,Business Development Executive,Mid,Bengaluru,2018-03-21,Active
EMP1819,Ananya Joshi,Female,29,Married,Bachelor's Degree,Finance,Senior Finance Analyst,Mid,Pune,2023-12-25,Active
EMP1820,Siddharth Bose,Male,35,Single,Bachelor's Degree,HR,HR Generalist,Mid,Delhi NCR,2022-05-17,Active
EMP1821,Divya Joshi,Female,44,Single,Bachelor's Degree,Customer Support,Support Team Lead,Senior,Gurugram,2023-10-29,Active
EMP1822,Aryan Pillai,Male,23,Single,Master's Degree,Finance,Accounts Executive,Entry,Hyderabad,2025-09-22,Active
EMP1823,Aarav Rao,Male,38,Single,Master's Degree,Finance,Senior Accountant,Senior,Kolkata,2014-08-08,Active
EMP1824,Ritu Banerjee,Female,35,Married,Bachelor's Degree,HR,HR Business Partner,Senior,Pune,2019-03-11,Active
EMP1825,Deepak Mukherjee,Male,29,Divorced,PhD,Operations,Senior Process Associate,Mid,Hyderabad,2021-11-25,Active
EMP1826,Yash Patel,Male,35,Married,Master's Degree,IT,Data Analyst,Mid,Noida,2024-11-20,Active
EMP1827,Sai Desai,Male,29,Single,Bachelor's Degree,Finance,Finance Analyst,Entry,Delhi NCR,2025-03-08,Exited
EMP1828,Ajay Iyer,Male,36,Married,PhD,Finance,Senior Finance Analyst,Mid,Chennai,2022-01-06,Active
EMP1829,Amit Mehta,Male,37,Married,Bachelor's Degree,Customer Support,Support Team Lead,Senior,Bengaluru,2023-05-27,Active
EMP1830,Ritu Choudhary,Female,48,Married,Bachelor's Degree,Finance,Financial Controller,Manager,Bengaluru,2017-04-29,Active
EMP1831,Meera Kumar,Female,34,Married,Master's Degree,Sales,Business Development Executive,Mid,Chennai,2024-04-28,Active
EMP1832,Ishaan Jain,Male,24,Married,High School,Procurement,Purchase Associate,Entry,Pune,2025-09-08,Exited
EMP1833,Kabir Malhotra,Male,37,Widowed,Bachelor's Degree,Sales,Senior Business Development Manager,Senior,Hyderabad,2020-03-07,Active
EMP1834,Myra Das,Female,35,Single,Master's Degree,IT,Data Scientist,Senior,Gurugram,2020-08-07,Active
EMP1835,Diya Reddy,Female,28,Married,Bachelor's Degree,IT,Software Engineer I,Entry,Kolkata,2025-04-15,Active
EMP1836,Navya Kapoor,Female,40,Married,Bachelor's Degree,IT,Data Scientist,Senior,Kolkata,2021-12-22,Active
EMP1837,Arjun Reddy,Male,22,Single,Bachelor's Degree,IT,Software Engineer I,Entry,Kolkata,2025-08-17,Active
EMP1838,Gaurav Agarwal,Male,23,Single,Bachelor's Degree,Sales,Sales Executive,Entry,Bengaluru,2025-02-01,Active
EMP1839,Anjali Pandey,Female,24,Single,Bachelor's Degree,Operations,Process Associate,Entry,Noida,2025-06-29,Active
EMP1840,Vihaan Ghosh,Male,22,Single,Master's Degree,Operations,Process Associate,Entry,Bengaluru,2025-01-28,Active
EMP1841,Deepak Menon,Male,38,Single,Master's Degree,IT,Technical Lead,Manager,Pune,2012-04-24,Active
EMP1842,Deepak Khan,Male,25,Single,Bachelor's Degree,Finance,Senior Finance Analyst,Mid,Bengaluru,2023-11-23,Active
EMP1843,Shreya Rao,Female,22,Married,Bachelor's Degree,IT,Software Engineer I,Entry,Pune,2025-09-06,Exited
EMP1844,Siddharth Chawla,Male,25,Single,Bachelor's Degree,Customer Support,Technical Support Engineer,Mid,Hyderabad,2024-09-13,Exited
EMP1845,Riya Trivedi,Female,29,Single,Bachelor's Degree,IT,Data Analyst,Mid,Chennai,2023-04-26,Active
EMP1846,Shreya Pillai,Female,27,Married,Diploma,HR,HR Executive,Entry,Kolkata,2024-09-04,Active
EMP1847,Varun Nair,Male,22,Single,Bachelor's Degree,Sales,Sales Executive,Entry,Bengaluru,2025-02-13,Exited
EMP1848,Sneha Nair,Female,42,Single,Bachelor's Degree,HR,HR Business Partner,Senior,Bengaluru,2014-06-26,Active
EMP1849,Meera Dutta,Female,22,Single,Bachelor's Degree,Sales,Inside Sales Representative,Entry,Bengaluru,2025-05-20,Active
EMP1850,Yash Shah,Male,30,Widowed,Diploma,Operations,Senior Operations Analyst,Senior,Mumbai,2017-10-30,Active
EMP1851,Anjali Bose,Female,25,Single,Bachelor's Degree,IT,Software Engineer I,Entry,Chennai,2025-09-16,Active
EMP1852,Deepak Agarwal,Male,31,Widowed,Master's Degree,Customer Support,Support Team Lead,Senior,Gurugram,2019-05-25,Exited
EMP1853,Sai Joshi,Male,39,Widowed,Master's Degree,Finance,Senior Accountant,Senior,Pune,2020-03-23,Active
EMP1854,Swati Ghosh,Female,27,Married,Bachelor's Degree,Operations,Operations Executive,Entry,Kolkata,2024-12-02,Active
EMP1855,Neha Mehta,Female,25,Single,Master's Degree,Marketing,Digital Marketing Associate,Entry,Mumbai,2025-02-10,Active
EMP1856,Manish Menon,Male,47,Married,Master's Degree,Procurement,Sourcing Manager,Manager,Noida,2011-12-23,Exited
EMP1857,Kavya Khan,Female,33,Married,Master's Degree,IT,Software Engineer II,Mid,Mumbai,2021-08-10,Active
EMP1858,Saanvi Shah,Female,33,Single,Master's Degree,Sales,Senior Sales Executive,Mid,Delhi NCR,2022-12-28,Active
EMP1859,Rekha Dutta,Female,24,Married,Master's Degree,IT,Software Engineer I,Entry,Pune,2025-09-11,Exited
EMP1860,Rohan Rana,Male,26,Single,Master's Degree,IT,IT Support Engineer,Entry,Bengaluru,2024-07-03,Active
EMP1861,Reyansh Gupta,Male,31,Married,Diploma,HR,Talent Acquisition Specialist,Mid,Delhi NCR,2023-10-29,Active
EMP1862,Rohan Bhatt,Male,39,Single,Bachelor's Degree,Procurement,Procurement Manager,Manager,Hyderabad,2019-06-23,Active
EMP1863,Saanvi Nair,Female,29,Married,Master's Degree,Procurement,Procurement Executive,Entry,Mumbai,2025-05-26,Exited
EMP1864,Sanjay Ghosh,Male,39,Married,Diploma,Finance,Financial Analyst Lead,Senior,Delhi NCR,2021-10-23,Active
EMP1865,Isha Rana,Female,41,Married,Bachelor's Degree,HR,HR Business Partner,Senior,Pune,2015-04-22,Active
EMP1866,Reyansh Chawla,Male,23,Married,Bachelor's Degree,Customer Support,Technical Support Associate,Entry,Bengaluru,2025-05-28,Exited
EMP1867,Priya Dutta,Female,29,Single,Bachelor's Degree,Customer Support,Customer Support Associate,Entry,Noida,2025-09-03,Active
EMP1868,Swati Mehta,Female,25,Single,Master's Degree,IT,IT Support Engineer,Entry,Bengaluru,2024-07-04,Active
EMP1869,Anika Bhatt,Female,35,Widowed,Bachelor's Degree,Finance,Senior Finance Analyst,Mid,Bengaluru,2022-04-11,Active
EMP1870,Divya Shah,Female,30,Married,Bachelor's Degree,Marketing,Content Strategist,Mid,Hyderabad,2021-04-28,Active
EMP1871,Navya Chawla,Female,35,Married,Master's Degree,Sales,Senior Sales Executive,Mid,Bengaluru,2025-09-19,Active
EMP1872,Anil Patel,Male,28,Married,Bachelor's Degree,Sales,Inside Sales Representative,Entry,Pune,2025-04-27,Exited
EMP1873,Anjali Nair,Female,43,Married,Master's Degree,Procurement,Senior Procurement Analyst,Senior,Gurugram,2016-06-23,Exited
EMP1874,Sneha Sharma,Female,36,Married,Bachelor's Degree,Procurement,Vendor Coordinator,Mid,Noida,2022-07-01,Active
EMP1875,Meera Patel,Female,29,Single,High School,Customer Support,Technical Support Engineer,Mid,Pune,2018-10-20,Active
EMP1876,Krishna Patel,Male,34,Single,Bachelor's Degree,Marketing,Content Strategist,Mid,Bengaluru,2022-07-12,Active
EMP1877,Sam Reddy,Other,25,Single,Bachelor's Degree,IT,QA Engineer,Entry,Kolkata,2022-06-03,Exited
EMP1878,Vikram Bose,Male,30,Married,Master's Degree,Sales,Key Account Manager,Senior,Noida,2020-04-11,Exited
EMP1879,Rohan Saxena,Male,32,Single,Bachelor's Degree,Finance,Senior Finance Analyst,Mid,Bengaluru,2022-11-16,Active
EMP1880,Vikram Kumar,Male,32,Married,PhD,Finance,Accountant,Mid,Delhi NCR,2022-01-05,Active
EMP1881,Vivaan Saxena,Male,27,Married,Bachelor's Degree,Finance,Finance Analyst,Entry,Chennai,2024-11-21,Active
EMP1882,Aarav Pillai,Male,34,Married,Bachelor's Degree,HR,Talent Acquisition Specialist,Mid,Chennai,2023-05-31,Active
EMP1883,Vivaan Saxena,Male,36,Married,Bachelor's Degree,Sales,Business Development Executive,Mid,Pune,2023-07-29,Active
EMP1884,Vidya Das,Female,32,Single,Bachelor's Degree,Operations,Operations Analyst,Mid,Delhi NCR,2021-09-21,Active
EMP1885,Rohan Choudhary,Male,34,Married,Master's Degree,Sales,Regional Sales Manager,Manager,Delhi NCR,2018-12-05,Exited
EMP1886,Amit Mukherjee,Male,43,Married,Diploma,Sales,Regional Sales Manager,Manager,Gurugram,2020-09-16,Exited
EMP1887,Priya Patel,Female,22,Single,Bachelor's Degree,IT,Software Engineer I,Entry,Chennai,2025-09-20,Exited
EMP1888,Navya Desai,Female,30,Married,Bachelor's Degree,IT,Data Scientist,Senior,Mumbai,2022-11-22,Active
EMP1889,Anil Rastogi,Male,28,Single,Master's Degree,Customer Support,Technical Support Engineer,Mid,Bengaluru,2023-11-17,Active
EMP1890,Amit Rastogi,Male,58,Married,Master's Degree,Sales,Sales Director,Director,Gurugram,2006-12-22,Active
EMP1891,Riya Banerjee,Female,29,Divorced,Bachelor's Degree,IT,IT Support Engineer,Entry,Chennai,2025-09-03,Active
EMP1892,Priya Agarwal,Female,24,Single,Bachelor's Degree,Operations,Process Associate,Entry,Chennai,2024-01-08,Exited
EMP1893,Rohan Rastogi,Male,26,Single,Master's Degree,Finance,Senior Finance Analyst,Mid,Bengaluru,2023-02-16,Active
EMP1894,Sai Gupta,Male,26,Divorced,High School,IT,IT Support Engineer,Entry,Chennai,2025-04-27,Active
EMP1895,Kavya Gupta,Female,39,Single,Bachelor's Degree,Sales,Senior Business Development Manager,Senior,Bengaluru,2021-06-27,Active
EMP1896,Pari Mukherjee,Female,33,Married,Diploma,IT,Systems Administrator,Mid,Kolkata,2023-09-22,Active
EMP1897,Aarav Mehta,Male,25,Single,PhD,Operations,Process Associate,Entry,Gurugram,2025-08-04,Active
EMP1898,Shreya Banerjee,Female,32,Single,Diploma,IT,Systems Administrator,Mid,Bengaluru,2022-10-18,Exited
EMP1899,Preeti Reddy,Female,39,Married,Master's Degree,IT,IT Project Manager,Manager,Bengaluru,2012-12-26,Active
EMP1900,Anjali Desai,Female,42,Single,Bachelor's Degree,IT,DevOps Engineer,Senior,Hyderabad,2023-08-16,Active
EMP1901,Meera Kulkarni,Female,26,Married,Master's Degree,HR,Talent Acquisition Specialist,Mid,Hyderabad,2022-03-16,Active
EMP1902,Ananya Saxena,Female,22,Single,Bachelor's Degree,IT,QA Engineer,Entry,Bengaluru,2025-09-22,Exited
EMP1903,Rohan Kulkarni,Male,22,Married,Bachelor's Degree,Marketing,Digital Marketing Associate,Entry,Chennai,2025-09-23,Exited
EMP1904,Ishaan Mukherjee,Male,49,Single,PhD,IT,IT Project Manager,Manager,Bengaluru,2017-02-01,Active
EMP1905,Anjali Khan,Female,35,Single,Diploma,HR,Senior HR Generalist,Senior,Kolkata,2024-08-07,Active
EMP1906,Preeti Pandey,Female,34,Divorced,Bachelor's Degree,Sales,Senior Sales Executive,Mid,Hyderabad,2020-05-21,Active
EMP1907,Vikram Bhatt,Male,50,Single,Master's Degree,Sales,Regional Sales Manager,Manager,Delhi NCR,2014-04-30,Active
EMP1908,Varun Mehta,Male,29,Single,Diploma,IT,QA Engineer,Entry,Gurugram,2025-05-31,Active
EMP1909,Shalini Jain,Female,34,Married,Master's Degree,Marketing,Senior Marketing Specialist,Senior,Hyderabad,2016-12-03,Exited
EMP1910,Isha Desai,Female,29,Married,Bachelor's Degree,Customer Support,Technical Support Associate,Entry,Pune,2025-08-06,Active
EMP1911,Ajay Malhotra,Male,26,Married,Bachelor's Degree,IT,Software Engineer I,Entry,Gurugram,2024-11-24,Exited
EMP1912,Aditya Saxena,Male,25,Single,Bachelor's Degree,IT,Data Analyst,Mid,Bengaluru,2024-08-03,Active
EMP1913,Suresh Dutta,Male,30,Single,Master's Degree,Customer Support,Senior Support Associate,Mid,Pune,2021-07-11,Active
EMP1914,Shalini Khan,Female,40,Single,Master's Degree,Finance,Finance Manager,Manager,Noida,2019-09-23,Active
EMP1915,Ananya Jain,Female,24,Single,Bachelor's Degree,IT,IT Support Engineer,Entry,Hyderabad,2023-06-26,Exited
EMP1916,Varun Mathur,Male,39,Widowed,Bachelor's Degree,IT,Data Scientist,Senior,Bengaluru,2015-12-30,Active
EMP1917,Vikram Dutta,Male,35,Married,Diploma,Operations,Senior Operations Analyst,Senior,Bengaluru,2019-02-15,Exited
EMP1918,Preeti Sharma,Female,39,Married,Bachelor's Degree,Operations,Senior Operations Analyst,Senior,Gurugram,2021-11-29,Active
EMP1919,Gaurav Jain,Male,40,Married,Master's Degree,HR,HR Manager,Manager,Kolkata,2023-01-03,Active
EMP1920,Riya Patel,Female,28,Married,High School,Customer Support,Technical Support Engineer,Mid,Hyderabad,2021-09-15,Exited
EMP1921,Harsh Singh,Male,28,Married,Bachelor's Degree,Finance,Accountant,Mid,Mumbai,2022-10-15,Active
EMP1922,Dhruv Singh,Male,29,Married,Bachelor's Degree,Sales,Sales Executive,Entry,Hyderabad,2024-08-11,Active
EMP1923,Yash Kapoor,Male,22,Single,Master's Degree,Sales,Sales Executive,Entry,Chennai,2025-03-13,Active
EMP1924,Vihaan Sharma,Male,34,Single,Master's Degree,Sales,Sales Manager,Manager,Chennai,2018-05-22,Exited
EMP1925,Vidya Shah,Female,25,Single,PhD,IT,Systems Administrator,Mid,Pune,2023-02-15,Active
EMP1926,Swati Verma,Female,27,Single,Master's Degree,IT,Data Analyst,Mid,Bengaluru,2023-03-16,Exited
EMP1927,Gaurav Kulkarni,Male,26,Married,PhD,Sales,Sales Executive,Entry,Delhi NCR,2024-09-18,Active
EMP1928,Reyansh Chawla,Male,30,Married,Bachelor's Degree,Operations,Operations Analyst,Mid,Delhi NCR,2019-02-02,Active
EMP1929,Kiara Rana,Female,29,Married,Bachelor's Degree,IT,DevOps Engineer,Senior,Delhi NCR,2022-09-22,Exited
EMP1930,Riya Menon,Female,25,Single,Bachelor's Degree,Sales,Sales Executive,Entry,Hyderabad,2025-09-17,Active
EMP1931,Vivaan Kumar,Male,32,Married,Bachelor's Degree,HR,HR Business Partner,Senior,Bengaluru,2019-12-29,Active
EMP1932,Vivaan Bose,Male,28,Single,Master's Degree,HR,Talent Acquisition Specialist,Mid,Bengaluru,2021-05-26,Active
EMP1933,Diya Rao,Female,42,Married,Bachelor's Degree,Marketing,Senior Marketing Specialist,Senior,Gurugram,2018-03-25,Active
EMP1934,Vihaan Mathur,Male,26,Single,Master's Degree,Marketing,Digital Marketing Associate,Entry,Mumbai,2023-01-29,Exited
EMP1935,Vidya Naidu,Female,36,Married,Bachelor's Degree,Operations,Senior Process Associate,Mid,Hyderabad,2020-12-04,Active
EMP1936,Aditya Agarwal,Male,24,Single,Bachelor's Degree,IT,Software Engineer I,Entry,Chennai,2025-03-16,Exited
EMP1937,Varun Reddy,Male,26,Single,Bachelor's Degree,Sales,Business Development Executive,Mid,Chennai,2024-08-17,Active
EMP1938,Swati Sharma,Female,36,Married,Bachelor's Degree,HR,HR Business Partner,Senior,Noida,2024-06-30,Active
EMP1939,Ajay Bhatt,Male,25,Single,Master's Degree,IT,Systems Administrator,Mid,Delhi NCR,2025-07-05,Active
EMP1940,Gaurav Pillai,Male,25,Single,Bachelor's Degree,IT,QA Engineer,Entry,Delhi NCR,2024-10-16,Active
EMP1941,Sanjay Yadav,Male,36,Divorced,Master's Degree,IT,IT Project Manager,Manager,Mumbai,2021-08-05,Active
EMP1942,Ira Jain,Female,23,Single,Bachelor's Degree,Sales,Inside Sales Representative,Entry,Bengaluru,2025-07-30,Active
EMP1943,Sneha Menon,Female,29,Single,Bachelor's Degree,Sales,Business Development Executive,Mid,Gurugram,2021-10-30,Active
EMP1944,Sanjay Shah,Male,58,Married,Master's Degree,IT,IT Director,Director,Mumbai,2012-02-04,Active
EMP1945,Diya Kapoor,Female,30,Married,Bachelor's Degree,Marketing,Content Strategist,Mid,Mumbai,2019-10-23,Active
EMP1946,Ajay Nair,Male,36,Married,Master's Degree,Customer Support,Support Team Lead,Senior,Gurugram,2019-02-05,Active
EMP1947,Kabir Kulkarni,Male,33,Married,Bachelor's Degree,IT,Systems Administrator,Mid,Pune,2020-12-22,Active
EMP1948,Rahul Ghosh,Male,31,Married,Bachelor's Degree,Customer Support,Senior Technical Support Engineer,Senior,Gurugram,2023-08-01,Active
EMP1949,Amit Trivedi,Male,42,Single,High School,IT,Senior Software Engineer,Senior,Hyderabad,2018-06-23,Active
EMP1950,Gaurav Menon,Male,38,Married,Bachelor's Degree,Customer Support,Senior Technical Support Engineer,Senior,Noida,2016-12-22,Active
EMP1951,Pooja Singh,Female,26,Divorced,Bachelor's Degree,Customer Support,Technical Support Associate,Entry,Kolkata,2025-09-07,Active
EMP1952,Karan Yadav,Male,31,Married,Bachelor's Degree,IT,Senior Software Engineer,Senior,Delhi NCR,2020-05-19,Active
EMP1953,Divya Malhotra,Female,23,Married,Master's Degree,Operations,Process Associate,Entry,Pune,2025-09-09,Active
EMP1954,Pooja Naidu,Female,40,Married,PhD,Procurement,VP of Procurement,Director,Hyderabad,2011-09-22,Active
EMP1955,Suresh Bhatt,Male,28,Single,Bachelor's Degree,Customer Support,Technical Support Associate,Entry,Chennai,2023-09-06,Exited
EMP1956,Varun Chawla,Male,23,Single,Master's Degree,Procurement,Procurement Executive,Entry,Hyderabad,2024-04-16,Active
EMP1957,Arjun Shah,Male,40,Single,Master's Degree,Finance,Financial Controller,Manager,Noida,2010-04-13,Active
EMP1958,Varun Pillai,Male,23,Single,Bachelor's Degree,IT,IT Support Engineer,Entry,Pune,2024-11-29,Exited
EMP1959,Ira Saxena,Female,29,Married,Bachelor's Degree,Marketing,Digital Marketing Specialist,Mid,Chennai,2022-10-18,Exited
EMP1960,Isha Iyer,Female,43,Single,Bachelor's Degree,HR,HR Business Partner,Senior,Pune,2022-01-03,Active
EMP1961,Aadhya Trivedi,Female,28,Married,Bachelor's Degree,HR,Talent Acquisition Associate,Entry,Delhi NCR,2024-09-23,Active
EMP1962,Anil Banerjee,Male,24,Single,Master's Degree,Sales,Inside Sales Representative,Entry,Bengaluru,2025-05-24,Exited
EMP1963,Deepak Iyer,Male,29,Single,Bachelor's Degree,Finance,Accountant,Mid,Kolkata,2024-04-24,Active
EMP1964,Gaurav Reddy,Male,28,Single,Bachelor's Degree,IT,IT Support Engineer,Entry,Mumbai,2024-03-22,Active
EMP1965,Meera Yadav,Female,29,Married,Master's Degree,Operations,Process Associate,Entry,Delhi NCR,2025-09-19,Exited
EMP1966,Siddharth Saxena,Male,25,Single,Master's Degree,IT,Software Engineer I,Entry,Bengaluru,2025-08-04,Exited
EMP1967,Kabir Singh,Male,29,Single,Bachelor's Degree,Operations,Operations Analyst,Mid,Gurugram,2023-09-10,Active
EMP1968,Navya Rao,Female,24,Single,Bachelor's Degree,Marketing,Digital Marketing Associate,Entry,Pune,2025-05-31,Active
EMP1969,Ishaan Shah,Male,26,Married,Bachelor's Degree,Sales,Inside Sales Representative,Entry,Pune,2025-08-11,Active
EMP1970,Anil Mehta,Male,27,Married,Bachelor's Degree,Finance,Accountant,Mid,Mumbai,2025-08-01,Active
EMP1971,Myra Pandey,Female,35,Married,Bachelor's Degree,Sales,Business Development Executive,Mid,Mumbai,2023-04-22,Exited
EMP1972,Vikram Mehta,Male,27,Single,Master's Degree,Procurement,Purchase Associate,Entry,Noida,2024-09-16,Active
EMP1973,Suresh Mehta,Male,23,Married,Diploma,Operations,Operations Executive,Entry,Pune,2025-09-06,Active
EMP1974,Sanjay Verma,Male,48,Married,Diploma,Sales,Regional Sales Manager,Manager,Chennai,2018-03-24,Active
EMP1975,Nikhil Desai,Male,30,Married,Master's Degree,IT,Systems Administrator,Mid,Bengaluru,2023-11-22,Active
EMP1976,Neha Malhotra,Female,35,Single,Master's Degree,IT,Software Engineer II,Mid,Mumbai,2024-03-13,Active
EMP1977,Aryan Kulkarni,Male,32,Married,Bachelor's Degree,Sales,Senior Sales Executive,Mid,Gurugram,2025-07-04,Active
EMP1978,Anika Choudhary,Female,24,Single,Diploma,Customer Support,Customer Support Associate,Entry,Kolkata,2024-04-15,Active
EMP1979,Anil Mathur,Male,41,Single,Diploma,Operations,Operations Team Lead,Senior,Pune,2016-10-25,Active
EMP1980,Priya Joshi,Female,50,Single,Master's Degree,IT,Engineering Manager,Manager,Gurugram,2022-10-18,Active
EMP1981,Kavya Bose,Female,47,Married,Bachelor's Degree,Customer Support,Support Operations Manager,Manager,Noida,2019-07-08,Active
EMP1982,Varun Jain,Male,25,Single,Bachelor's Degree,Sales,Sales Executive,Entry,Noida,2025-09-07,Exited
EMP1983,Devi Reddy,Other,23,Single,Diploma,Customer Support,Customer Support Associate,Entry,Chennai,2025-07-04,Active
EMP1984,Ritu Trivedi,Female,29,Single,Diploma,IT,Software Engineer I,Entry,Pune,2025-08-02,Active
EMP1985,Anjali Desai,Female,25,Single,Master's Degree,HR,Talent Acquisition Associate,Entry,Noida,2025-03-13,Exited
EMP1986,Gaurav Kulkarni,Male,28,Married,Bachelor's Degree,Customer Support,Technical Support Associate,Entry,Kolkata,2023-12-06,Exited
EMP1987,Pallavi Patel,Female,29,Married,Bachelor's Degree,IT,Software Engineer II,Mid,Mumbai,2022-07-01,Active
EMP1988,Manish Menon,Male,24,Single,Bachelor's Degree,Operations,Process Associate,Entry,Gurugram,2024-02-17,Active
EMP1989,Preeti Chawla,Female,38,Single,Master's Degree,Procurement,Sourcing Manager,Manager,Hyderabad,2024-11-20,Active
EMP1990,Pallavi Mehta,Female,26,Married,Bachelor's Degree,IT,IT Support Engineer,Entry,Hyderabad,2024-07-08,Active
EMP1991,Rahul Sharma,Male,24,Married,High School,IT,Software Engineer I,Entry,Hyderabad,2024-11-15,Active
EMP1992,Vidya Kumar,Female,50,Married,Bachelor's Degree,Operations,Process Excellence Manager,Manager,Bengaluru,2020-02-13,Active
EMP1993,Isha Kapoor,Female,37,Divorced,Bachelor's Degree,Sales,Senior Business Development Manager,Senior,Delhi NCR,2019-02-08,Active
EMP1994,Rekha Trivedi,Female,31,Married,Bachelor's Degree,IT,Systems Administrator,Mid,Noida,2021-05-26,Active
EMP1995,Sanjay Jain,Male,34,Married,Bachelor's Degree,Sales,Business Development Executive,Mid,Hyderabad,2024-02-15,Active
EMP1996,Vihaan Dutta,Male,22,Single,Master's Degree,Operations,Operations Executive,Entry,Bengaluru,2025-09-19,Active
EMP1997,Vivaan Joshi,Male,25,Single,Master's Degree,Sales,Inside Sales Representative,Entry,Hyderabad,2025-05-17,Active
EMP1998,Aryan Mukherjee,Male,26,Single,Bachelor's Degree,Sales,Business Development Executive,Mid,Gurugram,2021-10-23,Active
EMP1999,Vidya Shah,Female,30,Married,Bachelor's Degree,Marketing,Content Strategist,Mid,Pune,2023-08-02,Active
EMP2000,Nikhil Mehta,Male,34,Single,Diploma,Finance,Senior Finance Analyst,Mid,Gurugram,2022-01-02,Exited
EMP2001,Rekha Pandey,Female,24,Divorced,Master's Degree,Marketing,Marketing Executive,Entry,Hyderabad,2025-09-19,Exited
EMP2002,Pooja Reddy,Female,42,Married,Diploma,Sales,Senior Business Development Manager,Senior,Delhi NCR,2022-09-12,Active
EMP2003,Myra Shah,Female,33,Single,Bachelor's Degree,Customer Support,Support Team Lead,Senior,Gurugram,2023-10-28,Active
EMP2004,Dhruv Chawla,Male,27,Single,Bachelor's Degree,Operations,Process Associate,Entry,Noida,2025-01-27,Active
EMP2005,Diya Desai,Female,29,Married,Bachelor's Degree,IT,QA Engineer,Entry,Gurugram,2025-06-28,Active
EMP2006,Priya Verma,Female,28,Married,High School,Customer Support,Technical Support Engineer,Mid,Chennai,2022-02-03,Active
EMP2007,Isha Naidu,Female,38,Married,Bachelor's Degree,Finance,Senior Accountant,Senior,Bengaluru,2019-09-24,Active
EMP2008,Varun Agarwal,Male,30,Single,Master's Degree,IT,Data Scientist,Senior,Mumbai,2023-10-25,Active
EMP2009,Ira Bose,Female,43,Married,Bachelor's Degree,IT,Senior Software Engineer,Senior,Pune,2019-10-22,Active
EMP2010,Krishna Malhotra,Male,28,Married,Master's Degree,Operations,Senior Process Associate,Mid,Kolkata,2024-09-16,Active
EMP2011,Shalini Sharma,Female,24,Married,Bachelor's Degree,IT,IT Support Engineer,Entry,Mumbai,2025-02-14,Active
EMP2012,Harsh Mehta,Male,32,Widowed,Diploma,Sales,Senior Sales Executive,Mid,Gurugram,2023-01-11,Active
EMP2013,Rahul Kumar,Male,22,Single,Master's Degree,IT,IT Support Engineer,Entry,Chennai,2025-04-18,Active
EMP2014,Myra Naidu,Female,36,Married,Bachelor's Degree,Sales,Senior Business Development Manager,Senior,Bengaluru,2021-09-15,Exited
EMP2015,Rahul Agarwal,Male,25,Married,Bachelor's Degree,Sales,Sales Executive,Entry,Hyderabad,2023-09-19,Exited
EMP2016,Kavya Pandey,Female,23,Single,Bachelor's Degree,Finance,Finance Analyst,Entry,Hyderabad,2025-08-06,Active
EMP2017,Shalini Agarwal,Female,33,Married,Bachelor's Degree,IT,Software Engineer II,Mid,Bengaluru,2021-06-22,Active
EMP2018,Arjun Chatterjee,Male,30,Married,Master's Degree,IT,Software Engineer II,Mid,Mumbai,2023-12-24,Exited
EMP2019,Rahul Rao,Male,35,Single,PhD,HR,Talent Acquisition Specialist,Mid,Hyderabad,2024-11-17,Active
EMP2020,Reyansh Mehta,Male,26,Married,Bachelor's Degree,Sales,Business Development Executive,Mid,Bengaluru,2025-03-20,Active
EMP2021,Vidya Pillai,Female,47,Married,Master's Degree,Operations,Process Excellence Manager,Manager,Bengaluru,2015-03-22,Exited
EMP2022,Preeti Choudhary,Female,38,Married,Master's Degree,IT,Senior Software Engineer,Senior,Bengaluru,2015-10-25,Active
EMP2023,Amit Khan,Male,41,Married,Master's Degree,IT,IT Project Manager,Manager,Pune,2014-10-24,Active
EMP2024,Rajesh Shah,Male,35,Married,Bachelor's Degree,IT,Systems Administrator,Mid,Delhi NCR,2024-04-30,Active
EMP2025,Ishaan Kulkarni,Male,35,Married,Master's Degree,Sales,Business Development Executive,Mid,Hyderabad,2023-11-30,Exited
EMP2026,Saanvi Nair,Female,29,Single,Bachelor's Degree,Sales,Senior Sales Executive,Mid,Chennai,2022-12-30,Active
EMP2027,Aditya Naidu,Male,29,Married,Diploma,Marketing,Digital Marketing Specialist,Mid,Hyderabad,2025-04-25,Active
EMP2028,Karan Sharma,Male,22,Single,Diploma,Sales,Inside Sales Representative,Entry,Hyderabad,2025-04-10,Active
EMP2029,Ritu Kulkarni,Female,35,Married,Bachelor's Degree,Finance,Senior Finance Analyst,Mid,Hyderabad,2022-12-25,Active
EMP2030,Suresh Nair,Male,24,Single,Master's Degree,HR,HR Executive,Entry,Bengaluru,2024-01-05,Active
EMP2031,Gaurav Patel,Male,23,Single,Master's Degree,IT,IT Support Engineer,Entry,Kolkata,2025-05-29,Active
EMP2032,Riya Choudhary,Female,41,Divorced,Master's Degree,Finance,Financial Controller,Manager,Gurugram,2016-03-15,Active
EMP2033,Anika Mukherjee,Female,29,Married,Master's Degree,Sales,Inside Sales Representative,Entry,Hyderabad,2024-09-17,Active
EMP2034,Vivaan Joshi,Male,27,Divorced,Bachelor's Degree,Sales,Senior Sales Executive,Mid,Kolkata,2023-03-24,Active
EMP2035,Sunita Das,Female,28,Single,Master's Degree,IT,Data Analyst,Mid,Delhi NCR,2021-01-03,Active
EMP2036,Vikram Mathur,Male,26,Single,Bachelor's Degree,Marketing,Marketing Executive,Entry,Gurugram,2025-03-14,Active
EMP2037,Navya Singh,Female,37,Married,Master's Degree,Customer Support,Support Operations Manager,Manager,Pune,2019-06-01,Exited
EMP2038,Vihaan Bhatt,Male,28,Married,Bachelor's Degree,IT,Software Engineer I,Entry,Hyderabad,2025-06-02,Exited
EMP2039,Anika Bose,Female,35,Married,Master's Degree,HR,HR Manager,Manager,Pune,2018-08-08,Active
EMP2040,Ishaan Kulkarni,Male,37,Married,Master's Degree,Operations,Operations Team Lead,Senior,Pune,2022-01-11,Active
EMP2041,Pari Das,Female,23,Married,High School,Sales,Inside Sales Representative,Entry,Kolkata,2025-02-01,Active
EMP2042,Pari Choudhary,Female,28,Divorced,Bachelor's Degree,Marketing,Digital Marketing Associate,Entry,Bengaluru,2025-09-09,Active
EMP2043,Aarav Reddy,Male,29,Single,Diploma,HR,Talent Acquisition Associate,Entry,Bengaluru,2023-07-29,Exited
EMP2044,Amit Bhatt,Male,31,Single,Bachelor's Degree,Customer Support,Technical Support Engineer,Mid,Delhi NCR,2025-06-03,Active
EMP2045,Ira Menon,Female,22,Married,Bachelor's Degree,Procurement,Purchase Associate,Entry,Mumbai,2025-08-02,Exited
EMP2046,Dhruv Rastogi,Male,41,Single,Master's Degree,IT,IT Director,Director,Mumbai,2013-08-16,Active
EMP2047,Sneha Yadav,Female,26,Married,Master's Degree,Sales,Inside Sales Representative,Entry,Pune,2024-05-21,Active
EMP2048,Anika Patel,Female,29,Married,Bachelor's Degree,Finance,Senior Accountant,Senior,Pune,2020-04-26,Active
EMP2049,Dhruv Reddy,Male,26,Single,Bachelor's Degree,IT,QA Engineer,Entry,Bengaluru,2025-06-25,Active
EMP2050,Rajesh Mukherjee,Male,53,Single,Bachelor's Degree,Sales,Sales Director,Director,Noida,2009-02-14,Active
EMP2051,Priya Bhatt,Female,25,Single,Bachelor's Degree,Procurement,Procurement Executive,Entry,Pune,2025-08-01,Active
EMP2052,Aditya Mukherjee,Male,28,Single,Bachelor's Degree,IT,Data Analyst,Mid,Chennai,2024-06-29,Active
EMP2053,Vidya Jain,Female,27,Single,Bachelor's Degree,Sales,Senior Sales Executive,Mid,Mumbai,2024-09-23,Active
EMP2054,Nikhil Agarwal,Male,25,Single,Master's Degree,Marketing,Digital Marketing Associate,Entry,Chennai,2024-01-07,Active
EMP2055,Rahul Khan,Male,33,Married,Bachelor's Degree,Sales,Key Account Manager,Senior,Chennai,2020-03-16,Active
EMP2056,Harsh Pillai,Male,28,Married,Bachelor's Degree,Sales,Sales Executive,Entry,Mumbai,2024-09-09,Active
EMP2057,Harsh Reddy,Male,29,Single,Bachelor's Degree,Procurement,Vendor Coordinator,Mid,Noida,2024-12-27,Active
EMP2058,Ira Das,Female,36,Married,Master's Degree,Sales,Business Development Executive,Mid,Bengaluru,2021-11-24,Active
EMP2059,Rajesh Ghosh,Male,25,Married,Bachelor's Degree,IT,Systems Administrator,Mid,Bengaluru,2024-06-28,Active
EMP2060,Kavya Kumar,Female,29,Single,Bachelor's Degree,IT,IT Support Engineer,Entry,Gurugram,2024-03-18,Active
EMP2061,Divya Kumar,Female,28,Single,Bachelor's Degree,Customer Support,Technical Support Associate,Entry,Bengaluru,2024-01-06,Exited
EMP2062,Rahul Chatterjee,Male,29,Married,Bachelor's Degree,IT,Software Engineer I,Entry,Gurugram,2025-06-02,Active
EMP2063,Gaurav Pandey,Male,28,Single,Bachelor's Degree,Finance,Accounts Executive,Entry,Hyderabad,2024-06-28,Active
EMP2064,Pari Khan,Female,23,Single,Bachelor's Degree,IT,Software Engineer I,Entry,Hyderabad,2025-03-11,Exited
EMP2065,Meera Banerjee,Female,43,Married,Bachelor's Degree,Sales,Sales Manager,Manager,Pune,2016-12-23,Exited
EMP2066,Amit Patel,Male,28,Married,Bachelor's Degree,Customer Support,Senior Support Associate,Mid,Chennai,2022-04-20,Active
EMP2067,Vivaan Pillai,Male,30,Married,Bachelor's Degree,Finance,Accountant,Mid,Gurugram,2025-04-18,Exited
EMP2068,Swati Banerjee,Female,33,Single,Bachelor's Degree,Procurement,Procurement Analyst,Mid,Gurugram,2022-04-16,Active
EMP2069,Aryan Rana,Male,27,Married,Bachelor's Degree,IT,QA Engineer,Entry,Noida,2025-07-31,Active
EMP2070,Vidya Joshi,Female,26,Single,Bachelor's Degree,Finance,Accountant,Mid,Noida,2022-10-20,Exited
EMP2071,Vivaan Malhotra,Male,22,Single,Bachelor's Degree,Customer Support,Technical Support Associate,Entry,Bengaluru,2025-09-08,Exited
EMP2072,Anjali Dutta,Female,26,Single,Bachelor's Degree,Sales,Business Development Executive,Mid,Chennai,2022-03-09,Active
EMP2073,Varun Jain,Male,28,Single,Bachelor's Degree,IT,Software Engineer II,Mid,Pune,2023-10-18,Exited
EMP2074,Diya Shah,Female,25,Single,Master's Degree,Customer Support,Senior Support Associate,Mid,Mumbai,2025-03-14,Active
EMP2075,Suresh Ghosh,Male,38,Single,Master's Degree,Sales,VP of Sales,Director,Noida,2017-10-16,Active
EMP2076,Karan Pillai,Male,24,Single,Bachelor's Degree,Finance,Accounts Executive,Entry,Noida,2024-12-25,Active
EMP2077,Suresh Pillai,Male,36,Married,Diploma,Procurement,Procurement Analyst,Mid,Mumbai,2022-10-19,Exited
EMP2078,Myra Rana,Female,24,Single,Bachelor's Degree,IT,IT Support Engineer,Entry,Mumbai,2025-03-14,Active
EMP2079,Kabir Singh,Male,33,Single,High School,Sales,Senior Sales Executive,Mid,Pune,2023-08-14,Active
EMP2080,Aditya Joshi,Male,43,Single,Bachelor's Degree,IT,DevOps Engineer,Senior,Bengaluru,2023-10-10,Active
EMP2081,Vidya Nair,Female,22,Married,High School,Sales,Sales Executive,Entry,Delhi NCR,2025-08-17,Exited
EMP2082,Krishna Patel,Male,33,Married,Master's Degree,IT,Data Analyst,Mid,Gurugram,2023-09-07,Active
EMP2083,Aditya Ghosh,Male,30,Married,Bachelor's Degree,Operations,Operations Analyst,Mid,Mumbai,2024-01-04,Active
EMP2084,Kiara Rastogi,Female,27,Married,High School,IT,Software Engineer I,Entry,Bengaluru,2023-08-13,Active
EMP2085,Pooja Jain,Female,44,Married,Master's Degree,Operations,Operations Manager,Manager,Mumbai,2011-07-09,Active
EMP2086,Aadhya Chatterjee,Female,28,Married,Master's Degree,IT,Software Engineer II,Mid,Bengaluru,2024-08-03,Active
EMP2087,Dhruv Gupta,Male,34,Married,High School,Sales,Key Account Manager,Senior,Pune,2019-02-11,Active
EMP2088,Dhruv Joshi,Male,25,Single,Diploma,Sales,Senior Sales Executive,Mid,Noida,2024-12-03,Active
EMP2089,Pooja Agarwal,Female,38,Single,Bachelor's Degree,Operations,Operations Manager,Manager,Hyderabad,2018-01-02,Active
EMP2090,Sanjay Rastogi,Male,22,Single,High School,Sales,Inside Sales Representative,Entry,Chennai,2025-07-30,Active
EMP2091,Saanvi Jain,Female,26,Single,High School,Sales,Business Development Executive,Mid,Gurugram,2022-04-13,Exited
EMP2092,Harsh Bose,Male,35,Married,Bachelor's Degree,Customer Support,Senior Technical Support Engineer,Senior,Hyderabad,2020-05-30,Active
EMP2093,Ira Saxena,Female,29,Married,Bachelor's Degree,Finance,Accountant,Mid,Hyderabad,2024-03-12,Active
EMP2094,Nisha Banerjee,Female,26,Married,Master's Degree,IT,Data Analyst,Mid,Bengaluru,2021-11-25,Active
EMP2095,Gaurav Jain,Male,58,Married,Diploma,Customer Support,Customer Support Director,Director,Chennai,2004-09-15,Exited
EMP2096,Anil Pandey,Male,29,Single,Master's Degree,Sales,Senior Sales Executive,Mid,Bengaluru,2021-01-11,Active
EMP2097,Sanjay Mathur,Male,30,Single,High School,IT,Data Scientist,Senior,Delhi NCR,2018-02-14,Active
EMP2098,Deepak Pillai,Male,39,Widowed,Bachelor's Degree,Finance,Financial Analyst Lead,Senior,Gurugram,2015-10-12,Active
EMP2099,Shreya Jain,Female,43,Single,High School,IT,Data Scientist,Senior,Hyderabad,2020-11-15,Active
EMP2100,Deepak Mukherjee,Male,38,Single,Bachelor's Degree,IT,Engineering Manager,Manager,Pune,2014-06-24,Active
EMP2101,Rohan Pandey,Male,34,Single,Master's Degree,Operations,Senior Process Associate,Mid,Hyderabad,2022-03-05,Active
EMP2102,Varun Dutta,Male,24,Married,Diploma,IT,IT Support Engineer,Entry,Noida,2023-11-27,Active
EMP2103,Myra Dutta,Female,27,Married,Bachelor's Degree,Marketing,Marketing Executive,Entry,Kolkata,2025-09-22,Active
EMP2104,Sanjay Nair,Male,30,Single,Bachelor's Degree,Customer Support,Senior Support Associate,Mid,Kolkata,2019-10-27,Active
EMP2105,Aarav Mehta,Male,29,Married,High School,HR,HR Business Partner,Senior,Bengaluru,2020-05-21,Active
EMP2106,Rekha Rastogi,Female,29,Married,Bachelor's Degree,Operations,Operations Analyst,Mid,Gurugram,2021-05-23,Active
EMP2107,Nikhil Jain,Male,24,Single,Master's Degree,Operations,Process Associate,Entry,Delhi NCR,2025-09-03,Active
EMP2108,Dhruv Dutta,Male,25,Single,Diploma,Procurement,Procurement Executive,Entry,Chennai,2024-01-06,Active
EMP2109,Myra Das,Female,28,Single,High School,Sales,Senior Sales Executive,Mid,Delhi NCR,2020-11-27,Active
EMP2110,Reyansh Yadav,Male,32,Single,Bachelor's Degree,IT,Senior Software Engineer,Senior,Pune,2022-04-11,Active
EMP2111,Shreya Malhotra,Female,23,Single,Master's Degree,Finance,Finance Analyst,Entry,Pune,2025-09-04,Exited
EMP2112,Rekha Patel,Female,26,Single,Master's Degree,Finance,Accountant,Mid,Noida,2023-05-31,Exited
EMP2113,Shalini Iyer,Female,32,Married,Master's Degree,IT,Senior Software Engineer,Senior,Gurugram,2020-06-22,Active
EMP2114,Anil Naidu,Male,41,Divorced,Bachelor's Degree,HR,Talent Acquisition Manager,Manager,Bengaluru,2018-03-13,Active
EMP2115,Ajay Nair,Male,22,Single,Bachelor's Degree,IT,IT Support Engineer,Entry,Chennai,2025-09-03,Active
EMP2116,Varun Saxena,Male,49,Married,Master's Degree,Customer Support,Customer Support Manager,Manager,Gurugram,2013-08-17,Active
EMP2117,Vihaan Choudhary,Male,36,Married,Master's Degree,IT,Systems Administrator,Mid,Bengaluru,2020-09-11,Exited
EMP2118,Ajay Kapoor,Male,37,Single,Bachelor's Degree,IT,Data Scientist,Senior,Mumbai,2021-03-05,Active
EMP2119,Neha Singh,Female,28,Married,Master's Degree,IT,Software Engineer I,Entry,Hyderabad,2023-01-28,Active
EMP2120,Divya Rana,Female,29,Married,Master's Degree,IT,Data Analyst,Mid,Delhi NCR,2022-07-01,Active
EMP2121,Siddharth Naidu,Male,27,Married,Master's Degree,IT,Data Analyst,Mid,Mumbai,2023-01-11,Active
EMP2122,Swati Saxena,Female,24,Single,Master's Degree,IT,Software Engineer I,Entry,Kolkata,2025-03-05,Active
EMP2123,Pooja Rastogi,Female,32,Married,Master's Degree,IT,Systems Administrator,Mid,Bengaluru,2022-04-28,Active
EMP2124,Ira Desai,Female,32,Married,Master's Degree,IT,Software Engineer II,Mid,Pune,2022-02-11,Exited
EMP2125,Ira Khan,Female,35,Single,Bachelor's Degree,Sales,Senior Sales Executive,Mid,Bengaluru,2023-01-30,Active
EMP2126,Anjali Desai,Female,29,Single,Bachelor's Degree,Sales,Sales Executive,Entry,Bengaluru,2024-03-14,Exited
EMP2127,Karan Agarwal,Male,34,Single,Master's Degree,Sales,Senior Sales Executive,Mid,Gurugram,2022-06-01,Exited
EMP2128,Sanjay Kumar,Male,27,Single,Bachelor's Degree,Sales,Sales Executive,Entry,Gurugram,2022-12-06,Active
EMP2129,Nisha Singh,Female,46,Single,Master's Degree,IT,Technical Lead,Manager,Chennai,2019-02-14,Active
EMP2130,Myra Pandey,Female,50,Married,Diploma,IT,IT Director,Director,Delhi NCR,2021-11-19,Active
EMP2131,Anjali Chatterjee,Female,28,Married,Bachelor's Degree,IT,Software Engineer I,Entry,Hyderabad,2025-09-08,Exited
EMP2132,Meera Pandey,Female,25,Single,Bachelor's Degree,Operations,Process Associate,Entry,Pune,2025-09-20,Exited
EMP2133,Sanjay Mathur,Male,28,Single,Diploma,Procurement,Purchase Associate,Entry,Delhi NCR,2022-12-24,Active
EMP2134,Deepak Menon,Male,34,Married,Bachelor's Degree,Customer Support,Technical Support Engineer,Mid,Delhi NCR,2023-05-29,Active
EMP2135,Anika Reddy,Female,41,Married,Master's Degree,Finance,Financial Controller,Manager,Bengaluru,2020-08-04,Active
EMP2136,Nikhil Kulkarni,Male,25,Single,Bachelor's Degree,Finance,Senior Finance Analyst,Mid,Chennai,2023-06-29,Active
EMP2137,Sunita Sharma,Female,29,Married,Master's Degree,Sales,Sales Executive,Entry,Chennai,2025-03-23,Active
EMP2138,Anjali Saxena,Female,24,Single,Bachelor's Degree,Marketing,Marketing Executive,Entry,Noida,2025-09-22,Exited
EMP2139,Anjali Bhatt,Female,29,Married,High School,Operations,Operations Executive,Entry,Hyderabad,2025-04-18,Active
EMP2140,Aarav Kapoor,Male,41,Married,Bachelor's Degree,Marketing,Brand Manager,Manager,Pune,2015-03-09,Active
EMP2141,Meera Choudhary,Female,29,Married,Master's Degree,Customer Support,Senior Support Associate,Mid,Gurugram,2022-11-17,Active
EMP2142,Nikhil Agarwal,Male,26,Single,Diploma,Sales,Business Development Executive,Mid,Hyderabad,2025-05-21,Active
EMP2143,Shreya Das,Female,26,Single,Master's Degree,Operations,Process Associate,Entry,Pune,2025-09-11,Active
EMP2144,Siddharth Singh,Male,42,Married,Bachelor's Degree,Marketing,Marketing Manager,Manager,Delhi NCR,2016-05-26,Active
EMP2145,Kavya Pillai,Female,28,Married,Master's Degree,Sales,Inside Sales Representative,Entry,Bengaluru,2025-05-29,Active
EMP2146,Suresh Chawla,Male,37,Married,Bachelor's Degree,Customer Support,Support Team Lead,Senior,Bengaluru,2016-02-05,Active
EMP2147,Siddharth Iyer,Male,35,Single,Master's Degree,IT,Technical Lead,Manager,Bengaluru,2017-10-10,Active
EMP2148,Rajesh Das,Male,29,Divorced,Bachelor's Degree,Procurement,Vendor Coordinator,Mid,Hyderabad,2022-07-12,Exited
EMP2149,Vivaan Patel,Male,46,Married,Master's Degree,Marketing,Marketing Manager,Manager,Mumbai,2019-09-14,Active
EMP2150,Yash Menon,Male,25,Single,Bachelor's Degree,IT,IT Support Engineer,Entry,Noida,2023-03-16,Exited
EMP2151,Anika Iyer,Female,37,Single,Bachelor's Degree,Operations,Senior Operations Analyst,Senior,Bengaluru,2012-08-12,Active
EMP2152,Meera Rastogi,Female,25,Single,Bachelor's Degree,IT,QA Engineer,Entry,Pune,2025-09-06,Exited
EMP2153,Kabir Rao,Male,30,Single,Bachelor's Degree,Marketing,Content Strategist,Mid,Bengaluru,2021-02-05,Active
EMP2154,Priya Kulkarni,Female,29,Married,Bachelor's Degree,Marketing,Marketing Executive,Entry,Mumbai,2025-09-22,Active
EMP2155,Diya Kumar,Female,26,Widowed,Diploma,HR,HR Executive,Entry,Bengaluru,2025-03-11,Exited
EMP2156,Saanvi Joshi,Female,26,Married,Master's Degree,Customer Support,Technical Support Associate,Entry,Hyderabad,2024-05-17,Active
EMP2157,Sai Patel,Male,25,Single,Bachelor's Degree,IT,QA Engineer,Entry,Noida,2024-09-20,Active
EMP2158,Vihaan Pandey,Male,29,Single,Bachelor's Degree,IT,Software Engineer II,Mid,Chennai,2023-01-01,Exited
EMP2159,Kavya Khan,Female,28,Single,Bachelor's Degree,Sales,Senior Sales Executive,Mid,Pune,2022-09-19,Active
EMP2160,Aryan Mehta,Male,29,Divorced,Bachelor's Degree,IT,IT Support Engineer,Entry,Hyderabad,2024-07-12,Active
EMP2161,Reyansh Mathur,Male,54,Married,Master's Degree,Sales,VP of Sales,Director,Gurugram,2005-09-14,Active
EMP2162,Riya Chatterjee,Female,46,Married,Master's Degree,IT,IT Project Manager,Manager,Gurugram,2010-08-11,Active
EMP2163,Manish Choudhary,Male,27,Single,Diploma,Sales,Sales Executive,Entry,Pune,2025-09-05,Active
EMP2164,Diya Naidu,Female,32,Married,Bachelor's Degree,Sales,Business Development Executive,Mid,Chennai,2022-10-20,Active
EMP2165,Vihaan Patel,Male,44,Single,Bachelor's Degree,Customer Support,Support Team Lead,Senior,Pune,2013-10-17,Active
EMP2166,Anjali Menon,Female,30,Divorced,PhD,IT,DevOps Engineer,Senior,Chennai,2020-10-10,Active
EMP2167,Anika Gupta,Female,29,Married,Bachelor's Degree,Customer Support,Technical Support Engineer,Mid,Chennai,2023-09-13,Active
EMP2168,Rey Malhotra,Other,37,Single,Bachelor's Degree,Sales,Key Account Manager,Senior,Chennai,2021-08-04,Active
EMP2169,Anika Pillai,Female,24,Single,High School,Sales,Inside Sales Representative,Entry,Bengaluru,2023-11-25,Active
EMP2170,Priya Chawla,Female,24,Single,Bachelor's Degree,Finance,Accounts Executive,Entry,Hyderabad,2024-12-30,Active
EMP2171,Sanjay Kumar,Male,32,Married,Bachelor's Degree,Sales,Senior Business Development Manager,Senior,Pune,2017-08-14,Active
EMP2172,Divya Dutta,Female,30,Single,Bachelor's Degree,IT,Systems Administrator,Mid,Gurugram,2022-09-04,Exited
EMP2173,Priya Iyer,Female,44,Married,Diploma,Finance,Senior Accountant,Senior,Hyderabad,2015-05-31,Active
EMP2174,Ishaan Ghosh,Male,25,Single,Diploma,IT,IT Support Engineer,Entry,Hyderabad,2023-11-30,Active
EMP2175,Yash Das,Male,25,Married,Bachelor's Degree,Sales,Sales Executive,Entry,Pune,2025-08-11,Active
EMP2176,Vivaan Patel,Male,28,Married,Bachelor's Degree,Finance,Finance Analyst,Entry,Hyderabad,2025-09-16,Exited
EMP2177,Pooja Reddy,Female,28,Single,Bachelor's Degree,Sales,Sales Executive,Entry,Noida,2022-09-17,Active
EMP2178,Ananya Kulkarni,Female,29,Single,Diploma,Marketing,Marketing Executive,Entry,Kolkata,2025-09-07,Active
EMP2179,Ajay Shah,Male,34,Single,Bachelor's Degree,IT,Systems Administrator,Mid,Hyderabad,2021-06-27,Active
EMP2180,Amit Choudhary,Male,33,Divorced,PhD,Procurement,Procurement Analyst,Mid,Bengaluru,2023-05-25,Active
EMP2181,Sunita Rana,Female,40,Married,Bachelor's Degree,Marketing,Senior Marketing Specialist,Senior,Gurugram,2022-04-25,Exited
EMP2182,Gaurav Das,Male,36,Single,PhD,Procurement,Procurement Analyst,Mid,Mumbai,2021-01-07,Exited
EMP2183,Vidya Verma,Female,26,Married,Diploma,Marketing,Digital Marketing Associate,Entry,Pune,2024-11-21,Active
EMP2184,Varun Iyer,Male,31,Single,Bachelor's Degree,IT,Data Scientist,Senior,Pune,2021-03-10,Active
EMP2185,Vihaan Rao,Male,23,Married,Bachelor's Degree,Finance,Accounts Executive,Entry,Mumbai,2024-08-10,Active
EMP2186,Vihaan Joshi,Male,45,Single,Bachelor's Degree,IT,IT Project Manager,Manager,Bengaluru,2019-02-12,Active
EMP2187,Meera Pandey,Female,28,Widowed,Master's Degree,Marketing,Marketing Executive,Entry,Delhi NCR,2024-05-28,Active
EMP2188,Saanvi Singh,Female,25,Single,Bachelor's Degree,HR,Talent Acquisition Specialist,Mid,Chennai,2023-02-06,Exited
EMP2189,Vihaan Iyer,Male,44,Married,Bachelor's Degree,IT,IT Project Manager,Manager,Chennai,2024-02-16,Exited
EMP2190,Anil Jain,Male,25,Single,Bachelor's Degree,Customer Support,Technical Support Engineer,Mid,Gurugram,2023-01-31,Active
EMP2191,Reyansh Das,Male,30,Single,Master's Degree,IT,Software Engineer II,Mid,Pune,2024-04-15,Active
EMP2192,Harsh Desai,Male,37,Single,Bachelor's Degree,Finance,Senior Accountant,Senior,Chennai,2024-06-01,Active
EMP2193,Navya Khan,Female,27,Married,Master's Degree,Operations,Process Associate,Entry,Delhi NCR,2025-05-20,Active
EMP2194,Sai Singh,Male,40,Widowed,Bachelor's Degree,IT,Data Scientist,Senior,Mumbai,2020-10-15,Active
EMP2195,Rajesh Agarwal,Male,43,Single,Bachelor's Degree,HR,HR Manager,Manager,Hyderabad,2015-03-15,Active
EMP2196,Aditya Trivedi,Male,50,Widowed,Bachelor's Degree,Marketing,Marketing Director,Director,Gurugram,2010-07-31,Active
EMP2197,Reyansh Malhotra,Male,34,Married,Bachelor's Degree,IT,Software Engineer II,Mid,Noida,2023-03-21,Active
EMP2198,Kabir Rastogi,Male,33,Married,Master's Degree,Finance,Accountant,Mid,Mumbai,2024-07-06,Exited
EMP2199,Gaurav Rastogi,Male,33,Widowed,Bachelor's Degree,IT,DevOps Engineer,Senior,Hyderabad,2018-04-11,Exited
EMP2200,Harsh Bhatt,Male,30,Widowed,Bachelor's Degree,Operations,Operations Analyst,Mid,Pune,2022-08-14,Active
EMP2201,Vivaan Bhatt,Male,29,Married,Bachelor's Degree,IT,IT Support Engineer,Entry,Delhi NCR,2025-09-06,Exited
EMP2202,Karan Naidu,Male,25,Married,High School,Customer Support,Customer Support Associate,Entry,Hyderabad,2025-05-19,Active
EMP2203,Navya Malhotra,Female,28,Married,Master's Degree,Customer Support,Technical Support Associate,Entry,Mumbai,2025-09-16,Active
EMP2204,Karan Kulkarni,Male,33,Single,Master's Degree,IT,Software Engineer II,Mid,Bengaluru,2024-03-16,Active
EMP2205,Dhruv Mukherjee,Male,24,Single,Master's Degree,Sales,Inside Sales Representative,Entry,Noida,2025-09-04,Exited
EMP2206,Reyansh Yadav,Male,26,Married,Bachelor's Degree,HR,Talent Acquisition Associate,Entry,Pune,2024-02-11,Active
EMP2207,Aadhya Shah,Female,23,Single,Bachelor's Degree,Operations,Process Associate,Entry,Pune,2024-07-05,Active
EMP2208,Pooja Nair,Female,39,Married,Bachelor's Degree,Sales,Sales Manager,Manager,Chennai,2017-01-11,Active
EMP2209,Rekha Chatterjee,Female,28,Single,Bachelor's Degree,IT,IT Support Engineer,Entry,Pune,2025-08-11,Active
EMP2210,Navya Kumar,Female,28,Married,Bachelor's Degree,IT,Software Engineer I,Entry,Mumbai,2024-12-01,Exited
EMP2211,Pari Kulkarni,Female,33,Single,Bachelor's Degree,Procurement,Procurement Analyst,Mid,Hyderabad,2022-09-20,Active
EMP2212,Rahul Shah,Male,27,Divorced,Bachelor's Degree,Sales,Sales Executive,Entry,Noida,2025-09-13,Active
EMP2213,Preeti Kulkarni,Female,57,Married,Master's Degree,Customer Support,VP of Customer Experience,Director,Pune,2016-06-26,Active
EMP2214,Pooja Agarwal,Female,49,Single,Diploma,Finance,Financial Controller,Manager,Mumbai,2012-09-06,Exited
EMP2215,Manish Nair,Male,33,Single,Master's Degree,Customer Support,Technical Support Engineer,Mid,Mumbai,2022-05-30,Exited
EMP2216,Ajay Kumar,Male,36,Single,Bachelor's Degree,IT,Data Analyst,Mid,Gurugram,2018-08-08,Active
EMP2217,Aarav Agarwal,Male,36,Single,Bachelor's Degree,IT,Software Engineer II,Mid,Mumbai,2025-01-10,Active
EMP2218,Gaurav Pandey,Male,22,Single,Bachelor's Degree,Customer Support,Customer Support Associate,Entry,Pune,2025-03-20,Active
EMP2219,Ira Mukherjee,Female,26,Single,Master's Degree,Customer Support,Customer Support Associate,Entry,Delhi NCR,2025-09-17,Active
EMP2220,Nikhil Shah,Male,22,Married,Bachelor's Degree,Sales,Sales Executive,Entry,Delhi NCR,2025-04-11,Exited
EMP2221,Nisha Singh,Female,25,Single,Bachelor's Degree,Sales,Inside Sales Representative,Entry,Gurugram,2023-12-26,Active
EMP2222,Anika Reddy,Female,28,Single,Bachelor's Degree,Sales,Business Development Executive,Mid,Mumbai,2025-02-09,Active
EMP2223,Rajesh Verma,Male,25,Divorced,Master's Degree,Sales,Inside Sales Representative,Entry,Kolkata,2023-07-10,Active
EMP2224,Ajay Mathur,Male,28,Married,Bachelor's Degree,IT,QA Engineer,Entry,Delhi NCR,2024-08-15,Active
EMP2225,Diya Reddy,Female,36,Single,Master's Degree,Customer Support,Technical Support Engineer,Mid,Noida,2022-05-27,Active
EMP2226,Shalini Rao,Female,31,Married,Bachelor's Degree,IT,Systems Administrator,Mid,Mumbai,2022-09-05,Active
EMP2227,Dhruv Bose,Male,25,Single,Master's Degree,Operations,Operations Executive,Entry,Hyderabad,2024-11-23,Active
EMP2228,Arjun Kulkarni,Male,28,Married,Bachelor's Degree,IT,QA Engineer,Entry,Mumbai,2024-11-27,Active
EMP2229,Neha Menon,Female,28,Married,Bachelor's Degree,IT,IT Support Engineer,Entry,Delhi NCR,2025-06-25,Active
EMP2230,Rekha Jain,Female,24,Married,Master's Degree,Operations,Process Associate,Entry,Hyderabad,2024-02-07,Active
EMP2231,Rohan Khan,Male,33,Married,Bachelor's Degree,Sales,Senior Business Development Manager,Senior,Gurugram,2021-10-26,Exited
EMP2232,Nikhil Reddy,Male,35,Married,PhD,Operations,Process Excellence Manager,Manager,Pune,2016-10-13,Active
EMP2233,Jordan Shah,Other,34,Single,Bachelor's Degree,IT,Data Analyst,Mid,Delhi NCR,2023-03-06,Exited
EMP2234,Manish Bose,Male,26,Married,High School,Customer Support,Senior Support Associate,Mid,Hyderabad,2024-09-17,Active
EMP2235,Vivaan Saxena,Male,38,Single,Bachelor's Degree,Operations,Senior Operations Analyst,Senior,Mumbai,2024-11-15,Active
EMP2236,Rekha Rana,Female,31,Single,Bachelor's Degree,Customer Support,Technical Support Engineer,Mid,Pune,2021-10-19,Active
EMP2237,Manish Das,Male,27,Married,Diploma,IT,IT Support Engineer,Entry,Pune,2025-06-01,Active
EMP2238,Arjun Khan,Male,28,Single,Bachelor's Degree,Sales,Sales Executive,Entry,Gurugram,2025-05-19,Exited
EMP2239,Pooja Chatterjee,Female,34,Single,Bachelor's Degree,Sales,Senior Sales Executive,Mid,Bengaluru,2023-08-16,Active
EMP2240,Ritu Naidu,Female,34,Single,Bachelor's Degree,Finance,Senior Finance Analyst,Mid,Hyderabad,2018-08-13,Active
EMP2241,Ajay Chawla,Male,23,Single,Bachelor's Degree,Sales,Inside Sales Representative,Entry,Pune,2025-08-11,Active
EMP2242,Gaurav Nair,Male,28,Single,Bachelor's Degree,IT,QA Engineer,Entry,Hyderabad,2025-09-05,Active
EMP2243,Pari Mehta,Female,27,Single,PhD,Sales,Inside Sales Representative,Entry,Bengaluru,2025-09-04,Active
EMP2244,Isha Desai,Female,22,Single,Bachelor's Degree,IT,Software Engineer I,Entry,Noida,2025-07-08,Active
EMP2245,Pallavi Yadav,Female,28,Divorced,Bachelor's Degree,Sales,Senior Sales Executive,Mid,Bengaluru,2024-01-12,Active
EMP2246,Nisha Reddy,Female,35,Single,PhD,IT,DevOps Engineer,Senior,Delhi NCR,2019-01-31,Active
EMP2247,Sunita Bose,Female,32,Married,Master's Degree,IT,Data Analyst,Mid,Pune,2020-10-19,Active
EMP2248,Vidya Chatterjee,Female,27,Married,Master's Degree,HR,Talent Acquisition Associate,Entry,Bengaluru,2025-04-22,Active
EMP2249,Swati Pillai,Female,23,Single,High School,Sales,Sales Executive,Entry,Hyderabad,2025-01-11,Active
EMP2250,Arjun Chatterjee,Male,36,Married,Master's Degree,Sales,Key Account Manager,Senior,Bengaluru,2023-08-07,Active
EMP2251,Navya Dutta,Female,31,Single,Master's Degree,Finance,Senior Finance Analyst,Mid,Bengaluru,2022-08-16,Active
EMP2252,Pari Iyer,Female,22,Single,Bachelor's Degree,Marketing,Digital Marketing Associate,Entry,Pune,2025-09-12,Exited
EMP2253,Nikhil Choudhary,Male,29,Single,Bachelor's Degree,Sales,Inside Sales Representative,Entry,Gurugram,2025-09-20,Exited
EMP2254,Vikram Iyer,Male,33,Single,Bachelor's Degree,HR,Senior HR Generalist,Senior,Pune,2021-07-08,Active
EMP2255,Kavya Khan,Female,43,Married,Bachelor's Degree,Procurement,Vendor Manager,Senior,Mumbai,2024-02-15,Active
EMP2256,Aditya Saxena,Male,33,Single,Bachelor's Degree,Finance,Finance Manager,Manager,Bengaluru,2025-09-20,Active
EMP2257,Diya Shah,Female,30,Married,Diploma,Customer Support,Technical Support Engineer,Mid,Chennai,2022-10-16,Active
EMP2258,Gaurav Singh,Male,31,Single,Master's Degree,Marketing,Content Strategist,Mid,Hyderabad,2020-02-03,Active
EMP2259,Amit Mukherjee,Male,25,Single,Master's Degree,IT,Data Analyst,Mid,Bengaluru,2023-08-09,Active
EMP2260,Siddharth Pillai,Male,29,Married,Master's Degree,Sales,Sales Executive,Entry,Pune,2023-03-08,Active
EMP2261,Sneha Trivedi,Female,41,Married,Diploma,Operations,Operations Team Lead,Senior,Kolkata,2021-09-03,Active
EMP2262,Vikram Choudhary,Male,26,Single,Bachelor's Degree,Procurement,Procurement Analyst,Mid,Delhi NCR,2021-09-21,Active
EMP2263,Nisha Menon,Female,27,Widowed,Master's Degree,Sales,Sales Executive,Entry,Bengaluru,2025-09-19,Active
EMP2264,Ajay Naidu,Male,36,Single,Bachelor's Degree,IT,Technical Lead,Manager,Bengaluru,2020-04-15,Active
EMP2265,Gaurav Joshi,Male,29,Married,Bachelor's Degree,Finance,Senior Finance Analyst,Mid,Gurugram,2022-02-05,Active
EMP2266,Vikram Iyer,Male,28,Single,Bachelor's Degree,IT,Software Engineer I,Entry,Noida,2023-10-24,Exited
EMP2267,Vihaan Rao,Male,29,Single,Bachelor's Degree,Operations,Process Associate,Entry,Bengaluru,2025-09-11,Exited
EMP2268,Isha Chatterjee,Female,40,Married,Bachelor's Degree,Finance,Finance Manager,Manager,Hyderabad,2017-11-23,Active
EMP2269,Kiara Ghosh,Female,34,Single,Master's Degree,Operations,Operations Manager,Manager,Bengaluru,2021-09-11,Active
EMP2270,Aryan Iyer,Male,31,Married,Bachelor's Degree,Customer Support,Senior Support Associate,Mid,Bengaluru,2022-12-31,Active
EMP2271,Vikram Choudhary,Male,45,Married,Master's Degree,HR,HR Director,Director,Bengaluru,2019-12-06,Exited
EMP2272,Myra Kumar,Female,36,Single,Bachelor's Degree,HR,Talent Acquisition Manager,Manager,Pune,2020-09-08,Active
EMP2273,Navya Malhotra,Female,43,Married,Bachelor's Degree,Operations,Operations Team Lead,Senior,Bengaluru,2013-12-02,Active
EMP2274,Krishna Verma,Male,41,Married,Master's Degree,Marketing,Marketing Manager,Manager,Gurugram,2023-07-02,Active
EMP2275,Kiara Joshi,Female,31,Single,Master's Degree,Customer Support,Senior Support Associate,Mid,Pune,2021-10-19,Active
EMP2276,Sanjay Gupta,Male,34,Single,Master's Degree,IT,Senior Software Engineer,Senior,Pune,2018-09-23,Active
EMP2277,Gaurav Chatterjee,Male,35,Single,Bachelor's Degree,Finance,Accountant,Mid,Kolkata,2022-10-24,Active
EMP2278,Priya Sharma,Female,41,Married,Bachelor's Degree,IT,DevOps Engineer,Senior,Hyderabad,2017-08-13,Active
EMP2279,Kiara Joshi,Female,28,Single,Master's Degree,Customer Support,Technical Support Associate,Entry,Bengaluru,2025-09-19,Exited
EMP2280,Isha Rastogi,Female,31,Married,Bachelor's Degree,HR,Senior HR Generalist,Senior,Pune,2019-10-22,Active
EMP2281,Amit Rao,Male,40,Single,Master's Degree,Sales,VP of Sales,Director,Mumbai,2010-10-24,Active
EMP2282,Aryan Pandey,Male,23,Single,Bachelor's Degree,IT,QA Engineer,Entry,Mumbai,2024-08-06,Active
EMP2283,Meera Desai,Female,46,Married,Master's Degree,Sales,Sales Director,Director,Mumbai,2008-12-04,Active
EMP2284,Amit Agarwal,Male,33,Married,Bachelor's Degree,Operations,Senior Process Associate,Mid,Hyderabad,2023-06-03,Active
EMP2285,Yash Desai,Male,26,Widowed,Bachelor's Degree,IT,Software Engineer I,Entry,Mumbai,2025-03-15,Active
EMP2286,Riya Chatterjee,Female,29,Married,High School,IT,IT Support Engineer,Entry,Chennai,2025-08-11,Active
EMP2287,Rahul Naidu,Male,36,Divorced,Master's Degree,Customer Support,Support Team Lead,Senior,Pune,2016-05-29,Active
EMP2288,Deepak Saxena,Male,26,Married,Bachelor's Degree,Operations,Operations Analyst,Mid,Mumbai,2025-07-11,Active
EMP2289,Manish Saxena,Male,24,Single,Bachelor's Degree,IT,IT Support Engineer,Entry,Noida,2024-06-01,Active
EMP2290,Saanvi Kumar,Female,29,Married,Bachelor's Degree,Sales,Business Development Executive,Mid,Pune,2019-08-12,Active
EMP2291,Krishna Kulkarni,Male,26,Single,Bachelor's Degree,Procurement,Purchase Associate,Entry,Bengaluru,2024-04-30,Active
EMP2292,Anil Iyer,Male,32,Married,Bachelor's Degree,Operations,Senior Process Associate,Mid,Pune,2023-04-21,Active
EMP2293,Sai Kapoor,Male,47,Married,Bachelor's Degree,HR,HR Manager,Manager,Mumbai,2020-04-29,Active
EMP2294,Yash Sharma,Male,42,Married,Master's Degree,Sales,Key Account Manager,Senior,Noida,2012-01-29,Active
EMP2295,Gaurav Patel,Male,30,Single,Bachelor's Degree,Sales,Key Account Manager,Senior,Noida,2024-03-25,Active
EMP2296,Kiara Jain,Female,32,Married,High School,IT,Systems Administrator,Mid,Gurugram,2020-12-02,Active
EMP2297,Suresh Bose,Male,51,Single,Master's Degree,Operations,Operations Director,Director,Pune,2013-04-20,Active
EMP2298,Aarav Verma,Male,29,Married,Bachelor's Degree,IT,IT Support Engineer,Entry,Hyderabad,2023-01-11,Exited
EMP2299,Rahul Choudhary,Male,24,Divorced,Bachelor's Degree,IT,Software Engineer I,Entry,Pune,2025-08-05,Exited
EMP2300,Krishna Jain,Male,25,Single,Bachelor's Degree,Operations,Process Associate,Entry,Hyderabad,2025-08-11,Active
EMP2301,Krishna Khan,Male,28,Married,Master's Degree,Customer Support,Senior Support Associate,Mid,Kolkata,2023-10-30,Active
EMP2302,Pari Kulkarni,Female,35,Married,Master's Degree,Operations,Senior Process Associate,Mid,Bengaluru,2022-02-05,Active
EMP2303,Divya Rao,Female,37,Widowed,Master's Degree,Sales,Key Account Manager,Senior,Mumbai,2020-03-24,Exited
EMP2304,Isha Iyer,Female,28,Married,Master's Degree,Finance,Accounts Executive,Entry,Pune,2025-09-11,Exited
EMP2305,Vikram Jain,Male,22,Single,Bachelor's Degree,Sales,Sales Executive,Entry,Gurugram,2025-09-10,Active
EMP2306,Aadhya Mehta,Female,26,Divorced,Bachelor's Degree,Sales,Business Development Executive,Mid,Delhi NCR,2023-04-24,Active
EMP2307,Kiara Khan,Female,38,Single,Master's Degree,Finance,VP of Finance,Director,Bengaluru,2012-06-30,Active
EMP2308,Reyansh Dutta,Male,23,Single,Bachelor's Degree,Sales,Inside Sales Representative,Entry,Gurugram,2025-06-06,Active
EMP2309,Vikram Khan,Male,27,Married,Master's Degree,HR,Talent Acquisition Associate,Entry,Mumbai,2023-01-30,Active
EMP2310,Nisha Singh,Female,24,Married,Bachelor's Degree,Customer Support,Technical Support Associate,Entry,Delhi NCR,2024-09-04,Active
EMP2311,Vikram Naidu,Male,25,Single,Bachelor's Degree,Procurement,Procurement Analyst,Mid,Bengaluru,2022-07-10,Active
EMP2312,Aditya Kulkarni,Male,27,Married,Bachelor's Degree,IT,IT Support Engineer,Entry,Mumbai,2025-01-01,Active
EMP2313,Sneha Verma,Female,31,Single,Bachelor's Degree,Sales,Senior Sales Executive,Mid,Mumbai,2024-05-29,Active
EMP2314,Gaurav Kumar,Male,25,Single,Diploma,IT,Systems Administrator,Mid,Bengaluru,2023-08-02,Active
EMP2315,Preeti Mehta,Female,30,Widowed,Bachelor's Degree,Sales,Business Development Executive,Mid,Delhi NCR,2021-08-14,Active
EMP2316,Vikram Banerjee,Male,36,Married,Bachelor's Degree,Sales,Business Development Executive,Mid,Chennai,2024-04-22,Active
EMP2317,Gaurav Mathur,Male,22,Single,Diploma,IT,QA Engineer,Entry,Bengaluru,2025-08-11,Active
EMP2318,Sanjay Yadav,Male,50,Married,Bachelor's Degree,Operations,Operations Manager,Manager,Hyderabad,2022-10-13,Active
EMP2319,Sanjay Singh,Male,29,Married,Bachelor's Degree,Finance,Accountant,Mid,Hyderabad,2023-02-07,Active
EMP2320,Rekha Bhatt,Female,27,Single,Master's Degree,Customer Support,Customer Support Associate,Entry,Mumbai,2025-06-26,Active
EMP2321,Priya Patel,Female,28,Married,Bachelor's Degree,IT,IT Support Engineer,Entry,Gurugram,2025-09-22,Active
EMP2322,Anjali Singh,Female,34,Divorced,Bachelor's Degree,IT,Data Analyst,Mid,Delhi NCR,2022-10-28,Active
EMP2323,Manish Gupta,Male,44,Single,Bachelor's Degree,Sales,Sales Manager,Manager,Mumbai,2020-04-11,Active
EMP2324,Manish Jain,Male,22,Single,Bachelor's Degree,IT,QA Engineer,Entry,Kolkata,2025-06-05,Exited
EMP2325,Amit Kulkarni,Male,23,Married,PhD,IT,Software Engineer I,Entry,Pune,2024-12-28,Active
EMP2326,Yash Yadav,Male,22,Single,Bachelor's Degree,Procurement,Purchase Associate,Entry,Noida,2025-09-20,Active
EMP2327,Sneha Bose,Female,29,Single,Bachelor's Degree,IT,Data Analyst,Mid,Noida,2023-02-07,Active
EMP2328,Varun Nair,Male,46,Married,PhD,IT,IT Project Manager,Manager,Bengaluru,2014-11-19,Active
EMP2329,Kabir Pandey,Male,33,Divorced,Bachelor's Degree,Finance,Accountant,Mid,Bengaluru,2022-02-08,Active
EMP2330,Amit Iyer,Male,32,Single,Bachelor's Degree,Finance,Senior Finance Analyst,Mid,Kolkata,2023-08-13,Active
EMP2331,Kavya Banerjee,Female,43,Single,Master's Degree,HR,Senior HR Generalist,Senior,Pune,2017-09-20,Exited
EMP2332,Anil Agarwal,Male,29,Married,Bachelor's Degree,Sales,Key Account Manager,Senior,Delhi NCR,2021-05-29,Active
EMP2333,Myra Verma,Female,26,Married,Bachelor's Degree,Marketing,Marketing Executive,Entry,Bengaluru,2025-07-30,Active
EMP2334,Kiara Nair,Female,23,Single,Master's Degree,IT,IT Support Engineer,Entry,Gurugram,2024-08-06,Active
EMP2335,Preeti Kumar,Female,26,Married,Bachelor's Degree,Sales,Business Development Executive,Mid,Pune,2023-04-22,Active
EMP2336,Manish Iyer,Male,31,Married,Bachelor's Degree,Operations,Senior Operations Analyst,Senior,Delhi NCR,2020-09-10,Active
EMP2337,Karan Khan,Male,41,Married,Bachelor's Degree,Customer Support,Support Team Lead,Senior,Bengaluru,2020-04-19,Exited
EMP2338,Manish Singh,Male,37,Single,Master's Degree,Sales,Senior Business Development Manager,Senior,Bengaluru,2024-04-22,Active
EMP2339,Ritu Agarwal,Female,41,Single,Bachelor's Degree,Finance,Senior Accountant,Senior,Noida,2021-07-09,Active
EMP2340,Navya Rana,Female,25,Single,Master's Degree,IT,Software Engineer I,Entry,Mumbai,2025-07-03,Active
EMP2341,Shalini Choudhary,Female,24,Married,High School,IT,Software Engineer I,Entry,Gurugram,2025-09-18,Active
EMP2342,Aarav Pillai,Male,22,Single,Bachelor's Degree,IT,QA Engineer,Entry,Bengaluru,2025-02-10,Active
EMP2343,Amit Khan,Male,33,Single,Bachelor's Degree,Operations,Operations Manager,Manager,Hyderabad,2022-03-19,Active
EMP2344,Anjali Mehta,Female,32,Married,Bachelor's Degree,Sales,Business Development Executive,Mid,Noida,2023-07-12,Active
EMP2345,Amit Patel,Male,28,Single,Master's Degree,Operations,Operations Executive,Entry,Delhi NCR,2024-05-27,Active
EMP2346,Rahul Bhatt,Male,28,Married,Bachelor's Degree,IT,IT Support Engineer,Entry,Delhi NCR,2024-08-15,Active
EMP2347,Divya Menon,Female,37,Married,Bachelor's Degree,Customer Support,Support Team Lead,Senior,Hyderabad,2025-07-04,Exited
EMP2348,Karan Saxena,Male,34,Single,Master's Degree,Marketing,Brand Strategist,Senior,Mumbai,2019-05-19,Exited
EMP2349,Amit Verma,Male,35,Single,Bachelor's Degree,IT,DevOps Engineer,Senior,Gurugram,2023-08-01,Active
EMP2350,Anil Ghosh,Male,22,Single,Bachelor's Degree,IT,QA Engineer,Entry,Bengaluru,2025-09-03,Exited
EMP2351,Rajesh Naidu,Male,45,Single,Bachelor's Degree,IT,Engineering Manager,Manager,Hyderabad,2019-04-28,Active
EMP2352,Pari Mathur,Female,29,Married,Bachelor's Degree,Customer Support,Support Team Lead,Senior,Bengaluru,2019-10-13,Exited
EMP2353,Yash Iyer,Male,31,Single,Master's Degree,IT,Data Scientist,Senior,Kolkata,2020-01-31,Active
EMP2354,Reyansh Shah,Male,38,Married,Bachelor's Degree,Finance,Senior Accountant,Senior,Chennai,2021-01-05,Active
EMP2355,Varun Khan,Male,41,Married,Master's Degree,Sales,Regional Sales Manager,Manager,Bengaluru,2019-04-24,Active
EMP2356,Krishna Jain,Male,33,Single,High School,Marketing,Brand Manager,Manager,Noida,2020-12-02,Active
EMP2357,Navya Verma,Female,29,Single,Bachelor's Degree,Finance,Senior Finance Analyst,Mid,Mumbai,2021-11-15,Active
EMP2358,Anika Reddy,Female,29,Single,Master's Degree,Finance,Senior Finance Analyst,Mid,Kolkata,2019-05-27,Exited
EMP2359,Deepak Saxena,Male,25,Single,Master's Degree,Procurement,Vendor Coordinator,Mid,Mumbai,2023-04-25,Active
EMP2360,Sai Choudhary,Male,31,Married,Bachelor's Degree,IT,Senior Software Engineer,Senior,Hyderabad,2017-07-11,Active
EMP2361,Reyansh Choudhary,Male,35,Single,Master's Degree,Marketing,Senior Marketing Specialist,Senior,Noida,2020-07-02,Active
EMP2362,Gaurav Chawla,Male,25,Single,High School,IT,Software Engineer I,Entry,Chennai,2025-09-04,Active
EMP2363,Ajay Shah,Male,26,Divorced,Master's Degree,Sales,Inside Sales Representative,Entry,Mumbai,2024-04-22,Active
EMP2364,Pari Nair,Female,33,Single,Bachelor's Degree,Customer Support,Customer Support Manager,Manager,Pune,2017-11-19,Exited
EMP2365,Vihaan Ghosh,Male,49,Married,Bachelor's Degree,Operations,Operations Manager,Manager,Gurugram,2019-01-04,Active
EMP2366,Manish Chawla,Male,40,Single,Master's Degree,Operations,VP of Operations,Director,Bengaluru,2014-03-05,Active
EMP2367,Aditya Kumar,Male,36,Single,Bachelor's Degree,IT,Data Analyst,Mid,Noida,2023-12-30,Exited
EMP2368,Anjali Malhotra,Female,29,Married,Bachelor's Degree,Sales,Key Account Manager,Senior,Noida,2021-10-13,Active
EMP2369,Dhruv Nair,Male,41,Married,High School,Sales,Key Account Manager,Senior,Hyderabad,2019-11-24,Active
EMP2370,Kavya Nair,Female,27,Single,Bachelor's Degree,Finance,Finance Analyst,Entry,Bengaluru,2025-02-08,Active
EMP2371,Vikram Dutta,Male,23,Single,Master's Degree,Sales,Sales Executive,Entry,Bengaluru,2024-04-30,Exited
EMP2372,Pari Rao,Female,42,Married,Master's Degree,Sales,Sales Director,Director,Kolkata,2008-04-24,Active
EMP2373,Ritu Sharma,Female,27,Single,Bachelor's Degree,Sales,Inside Sales Representative,Entry,Noida,2024-04-26,Active
EMP2374,Yash Rastogi,Male,29,Widowed,Bachelor's Degree,IT,Software Engineer II,Mid,Pune,2020-04-13,Active
EMP2375,Dhruv Banerjee,Male,41,Married,Bachelor's Degree,Sales,Senior Business Development Manager,Senior,Chennai,2024-05-26,Active
EMP2376,Aryan Mukherjee,Male,31,Married,Bachelor's Degree,IT,Senior Software Engineer,Senior,Chennai,2021-06-30,Active
EMP2377,Pallavi Saxena,Female,23,Single,Bachelor's Degree,Customer Support,Customer Support Associate,Entry,Chennai,2025-05-17,Active
EMP2378,Anika Patel,Female,43,Married,Bachelor's Degree,HR,Senior HR Generalist,Senior,Mumbai,2017-11-17,Active
EMP2379,Vikram Kulkarni,Male,24,Single,Bachelor's Degree,IT,QA Engineer,Entry,Noida,2025-09-09,Active
EMP2380,Suresh Das,Male,34,Divorced,Bachelor's Degree,Operations,Operations Team Lead,Senior,Bengaluru,2021-04-24,Active
EMP2381,Rahul Rao,Male,27,Married,Master's Degree,Marketing,Marketing Executive,Entry,Bengaluru,2025-02-14,Exited
EMP2382,Karan Malhotra,Male,44,Married,Master's Degree,IT,Data Scientist,Senior,Delhi NCR,2022-03-14,Active
EMP2383,Ira Das,Female,35,Single,Bachelor's Degree,IT,Data Scientist,Senior,Bengaluru,2023-11-16,Active
EMP2384,Karan Bose,Male,24,Single,Bachelor's Degree,IT,Software Engineer I,Entry,Bengaluru,2025-07-03,Active
EMP2385,Siddharth Dutta,Male,29,Married,PhD,IT,IT Support Engineer,Entry,Bengaluru,2024-05-17,Active
EMP2386,Ananya Yadav,Female,30,Single,Diploma,Operations,Operations Team Lead,Senior,Pune,2020-06-03,Exited
EMP2387,Ananya Das,Female,22,Married,Master's Degree,Procurement,Procurement Executive,Entry,Mumbai,2025-08-17,Active
EMP2388,Pooja Shah,Female,23,Married,Bachelor's Degree,IT,QA Engineer,Entry,Chennai,2024-11-24,Active
EMP2389,Yash Chawla,Male,32,Married,Master's Degree,Operations,Operations Analyst,Mid,Pune,2019-11-29,Active
EMP2390,Riya Joshi,Female,40,Single,Bachelor's Degree,IT,IT Project Manager,Manager,Mumbai,2009-02-15,Active
EMP2391,Ritu Naidu,Female,31,Married,Bachelor's Degree,HR,HR Generalist,Mid,Noida,2024-05-18,Active
EMP2392,Rahul Yadav,Male,29,Single,Bachelor's Degree,Operations,Senior Process Associate,Mid,Noida,2024-01-05,Active
EMP2393,Sai Singh,Male,56,Married,Master's Degree,Sales,VP of Sales,Director,Hyderabad,2013-08-13,Active
EMP2394,Saanvi Rao,Female,31,Married,Bachelor's Degree,IT,Software Engineer II,Mid,Gurugram,2025-03-14,Active
EMP2395,Sai Ghosh,Male,30,Single,Bachelor's Degree,HR,HR Generalist,Mid,Chennai,2022-12-25,Active
EMP2396,Pallavi Desai,Female,36,Married,Bachelor's Degree,Procurement,Vendor Coordinator,Mid,Noida,2025-09-20,Active
EMP2397,Sneha Kumar,Female,23,Single,Master's Degree,IT,Software Engineer I,Entry,Hyderabad,2025-04-23,Active
EMP2398,Diya Desai,Female,28,Single,Diploma,IT,IT Support Engineer,Entry,Gurugram,2025-09-08,Active
EMP2399,Myra Saxena,Female,33,Single,Master's Degree,IT,DevOps Engineer,Senior,Gurugram,2022-06-29,Active
EMP2400,Pooja Banerjee,Female,26,Married,Bachelor's Degree,Finance,Accounts Executive,Entry,Hyderabad,2024-04-26,Active
EMP2401,Aarav Shah,Male,32,Divorced,Bachelor's Degree,HR,Senior HR Generalist,Senior,Delhi NCR,2019-08-18,Active
EMP2402,Aarav Pandey,Male,24,Single,Bachelor's Degree,Marketing,Marketing Executive,Entry,Bengaluru,2023-08-03,Active
EMP2403,Kavya Saxena,Female,34,Divorced,Master's Degree,Operations,Operations Analyst,Mid,Hyderabad,2025-03-21,Exited
EMP2404,Vikram Mathur,Male,29,Single,High School,Customer Support,Customer Support Associate,Entry,Bengaluru,2025-03-25,Active
EMP2405,Swati Iyer,Female,33,Single,High School,Marketing,Content Strategist,Mid,Bengaluru,2025-09-05,Exited
EMP2406,Diya Chawla,Female,42,Married,Bachelor's Degree,IT,Senior Software Engineer,Senior,Bengaluru,2022-05-23,Active
EMP2407,Ishaan Rastogi,Male,30,Single,PhD,Finance,Senior Finance Analyst,Mid,Chennai,2021-08-09,Active
EMP2408,Isha Naidu,Female,26,Married,Bachelor's Degree,Sales,Inside Sales Representative,Entry,Bengaluru,2025-05-29,Active
EMP2409,Ishaan Das,Male,27,Single,Bachelor's Degree,Sales,Inside Sales Representative,Entry,Bengaluru,2023-11-18,Active
EMP2410,Shreya Sharma,Female,30,Single,Bachelor's Degree,Customer Support,Senior Technical Support Engineer,Senior,Gurugram,2023-09-08,Active
EMP2411,Rohan Agarwal,Male,26,Divorced,Bachelor's Degree,Operations,Process Associate,Entry,Delhi NCR,2024-08-07,Active
EMP2412,Anika Singh,Female,42,Single,Bachelor's Degree,Procurement,Senior Procurement Analyst,Senior,Delhi NCR,2020-12-31,Exited
EMP2413,Vidya Singh,Female,27,Married,Bachelor's Degree,Sales,Inside Sales Representative,Entry,Chennai,2024-08-07,Active
EMP2414,Harsh Khan,Male,29,Divorced,Bachelor's Degree,Finance,Accounts Executive,Entry,Delhi NCR,2025-02-09,Active
EMP2415,Rajesh Nair,Male,37,Married,Bachelor's Degree,Finance,Senior Accountant,Senior,Delhi NCR,2016-03-15,Active
EMP2416,Reyansh Khan,Male,28,Divorced,Bachelor's Degree,IT,Software Engineer II,Mid,Pune,2024-09-10,Active
EMP2417,Aarav Agarwal,Male,23,Single,Bachelor's Degree,IT,IT Support Engineer,Entry,Mumbai,2024-08-05,Active
EMP2418,Nikhil Yadav,Male,44,Single,Master's Degree,Finance,Finance Director,Director,Gurugram,2014-04-23,Active
EMP2419,Gaurav Singh,Male,29,Married,Bachelor's Degree,IT,QA Engineer,Entry,Pune,2025-01-30,Exited
EMP2420,Divya Jain,Female,33,Married,Bachelor's Degree,Customer Support,Technical Support Engineer,Mid,Bengaluru,2023-11-29,Active
EMP2421,Varun Choudhary,Male,27,Married,Bachelor's Degree,IT,Data Analyst,Mid,Pune,2024-10-15,Active
EMP2422,Vihaan Dutta,Male,36,Married,Master's Degree,IT,Data Analyst,Mid,Pune,2023-11-28,Active
EMP2423,Divya Patel,Female,42,Single,Bachelor's Degree,Operations,Operations Team Lead,Senior,Bengaluru,2023-01-29,Active
EMP2424,Sai Mehta,Male,22,Married,Master's Degree,IT,IT Support Engineer,Entry,Gurugram,2025-04-16,Active
EMP2425,Suresh Khan,Male,37,Single,Bachelor's Degree,Customer Support,Support Operations Manager,Manager,Noida,2024-04-15,Active
EMP2426,Sneha Reddy,Female,39,Married,Bachelor's Degree,Operations,Operations Team Lead,Senior,Bengaluru,2017-03-13,Active
EMP2427,Preeti Jain,Female,59,Married,Master's Degree,IT,VP of Engineering,Director,Mumbai,2017-09-20,Active
EMP2428,Nikhil Gupta,Male,31,Single,Bachelor's Degree,Operations,Operations Team Lead,Senior,Hyderabad,2021-04-11,Active
EMP2429,Vidya Reddy,Female,34,Married,Bachelor's Degree,HR,Talent Acquisition Manager,Manager,Mumbai,2018-09-10,Active
EMP2430,Siddharth Desai,Male,31,Married,Bachelor's Degree,Operations,Senior Process Associate,Mid,Bengaluru,2024-08-18,Active
EMP2431,Amit Choudhary,Male,35,Married,PhD,Marketing,Content Strategist,Mid,Chennai,2022-10-24,Active
EMP2432,Neha Choudhary,Female,36,Married,Bachelor's Degree,Operations,Operations Analyst,Mid,Bengaluru,2022-08-15,Active
EMP2433,Kabir Joshi,Male,33,Married,Master's Degree,HR,HR Business Partner,Senior,Noida,2022-02-15,Active
EMP2434,Rajesh Pandey,Male,27,Married,Master's Degree,Sales,Business Development Executive,Mid,Bengaluru,2020-10-20,Active
EMP2435,Myra Rana,Female,39,Divorced,Bachelor's Degree,Operations,Operations Team Lead,Senior,Gurugram,2016-09-07,Active
EMP2436,Aditya Singh,Male,22,Single,Master's Degree,Customer Support,Technical Support Associate,Entry,Hyderabad,2025-09-09,Exited
EMP2437,Kabir Das,Male,36,Married,Bachelor's Degree,HR,HR Business Partner,Senior,Noida,2020-06-23,Active
EMP2438,Kabir Das,Male,29,Single,Bachelor's Degree,Operations,Operations Executive,Entry,Chennai,2025-08-17,Active
EMP2439,Sneha Rastogi,Female,33,Married,Master's Degree,Sales,Sales Manager,Manager,Chennai,2022-08-05,Active
EMP2440,Nisha Chatterjee,Female,29,Married,Bachelor's Degree,Operations,Operations Executive,Entry,Noida,2024-10-24,Active
EMP2441,Navya Malhotra,Female,27,Married,Bachelor's Degree,Procurement,Procurement Executive,Entry,Pune,2024-06-06,Exited
EMP2442,Vivaan Menon,Male,41,Married,High School,IT,Senior Software Engineer,Senior,Pune,2018-01-28,Active
EMP2443,Anika Ghosh,Female,29,Married,Master's Degree,IT,Data Scientist,Senior,Kolkata,2022-12-04,Active
EMP2444,Aadhya Yadav,Female,29,Single,High School,Finance,Senior Accountant,Senior,Chennai,2023-05-31,Active
EMP2445,Ishaan Agarwal,Male,51,Divorced,Bachelor's Degree,Finance,Finance Director,Director,Mumbai,2019-03-15,Active
EMP2446,Nikhil Kapoor,Male,22,Single,High School,Finance,Accounts Executive,Entry,Pune,2025-03-18,Active
EMP2447,Sneha Kumar,Female,38,Single,Bachelor's Degree,IT,DevOps Engineer,Senior,Bengaluru,2022-12-03,Active
EMP2448,Sanjay Agarwal,Male,26,Single,Bachelor's Degree,Sales,Senior Sales Executive,Mid,Pune,2021-03-20,Active
EMP2449,Anika Kumar,Female,31,Divorced,Master's Degree,HR,Talent Acquisition Specialist,Mid,Mumbai,2022-04-17,Active
EMP2450,Karan Yadav,Male,29,Married,Bachelor's Degree,HR,Talent Acquisition Specialist,Mid,Noida,2023-05-01,Active
EMP2451,Varun Mukherjee,Male,27,Married,Master's Degree,Operations,Process Associate,Entry,Hyderabad,2024-09-22,Active
EMP2452,Jordan Iyer,Other,29,Single,Diploma,Operations,Operations Analyst,Mid,Hyderabad,2023-08-13,Active
EMP2453,Shreya Shah,Female,43,Single,Bachelor's Degree,HR,HR Business Partner,Senior,Bengaluru,2024-01-28,Exited
EMP2454,Ajay Bhatt,Male,28,Single,Bachelor's Degree,Marketing,Marketing Executive,Entry,Bengaluru,2025-09-20,Active
EMP2455,Anika Dutta,Female,40,Single,Master's Degree,HR,HR Manager,Manager,Noida,2024-03-12,Active
EMP2456,Ajay Das,Male,28,Married,Bachelor's Degree,Finance,Accountant,Mid,Bengaluru,2023-02-09,Active
EMP2457,Diya Kumar,Female,26,Single,Master's Degree,HR,Talent Acquisition Associate,Entry,Kolkata,2024-09-13,Exited
EMP2458,Aryan Pillai,Male,37,Single,Bachelor's Degree,IT,Senior Software Engineer,Senior,Bengaluru,2021-03-21,Active
EMP2459,Ajay Mathur,Male,27,Married,Master's Degree,IT,IT Support Engineer,Entry,Noida,2025-09-04,Active
EMP2460,Anil Yadav,Male,29,Married,Bachelor's Degree,Finance,Accounts Executive,Entry,Bengaluru,2025-09-15,Active
EMP2461,Vihaan Iyer,Male,34,Married,Bachelor's Degree,Customer Support,Senior Technical Support Engineer,Senior,Delhi NCR,2014-09-24,Active
EMP2462,Harsh Ghosh,Male,27,Single,Master's Degree,Operations,Operations Executive,Entry,Gurugram,2025-07-07,Exited
EMP2463,Krishna Saxena,Male,29,Married,Master's Degree,IT,Software Engineer I,Entry,Hyderabad,2025-09-17,Active
EMP2464,Pari Rastogi,Female,33,Single,Bachelor's Degree,HR,Senior HR Generalist,Senior,Mumbai,2014-12-23,Active
EMP2465,Gaurav Kapoor,Male,26,Divorced,Diploma,IT,IT Support Engineer,Entry,Noida,2025-09-23,Exited
EMP2466,Manish Pandey,Male,38,Divorced,Bachelor's Degree,Operations,Senior Operations Analyst,Senior,Bengaluru,2021-07-06,Active
EMP2467,Gaurav Desai,Male,29,Single,Master's Degree,Marketing,Brand Strategist,Senior,Mumbai,2022-09-21,Active
EMP2468,Kiara Mehta,Female,29,Single,High School,HR,HR Executive,Entry,Mumbai,2025-09-20,Active
EMP2469,Kabir Gupta,Male,27,Single,Bachelor's Degree,HR,Talent Acquisition Specialist,Mid,Gurugram,2023-05-17,Active
EMP2470,Rajesh Banerjee,Male,27,Single,Bachelor's Degree,Sales,Inside Sales Representative,Entry,Pune,2025-09-07,Active
EMP2471,Anjali Gupta,Female,32,Single,Master's Degree,Sales,Business Development Executive,Mid,Delhi NCR,2018-05-18,Active
EMP2472,Rohan Mukherjee,Male,28,Single,Bachelor's Degree,Customer Support,Technical Support Associate,Entry,Kolkata,2025-08-01,Active
EMP2473,Aadhya Yadav,Female,38,Single,Master's Degree,Operations,Process Excellence Manager,Manager,Gurugram,2023-03-07,Active
EMP2474,Nikhil Yadav,Male,28,Single,Bachelor's Degree,Finance,Finance Analyst,Entry,Bengaluru,2023-07-02,Active
EMP2475,Nisha Verma,Female,40,Single,Master's Degree,Sales,Senior Business Development Manager,Senior,Bengaluru,2023-01-01,Active
EMP2476,Deepak Gupta,Male,28,Single,Bachelor's Degree,IT,QA Engineer,Entry,Pune,2025-07-05,Exited
EMP2477,Preeti Kulkarni,Female,26,Single,Bachelor's Degree,IT,IT Support Engineer,Entry,Pune,2025-06-05,Active
EMP2478,Nisha Kapoor,Female,27,Married,Bachelor's Degree,IT,Data Analyst,Mid,Hyderabad,2025-05-20,Active
EMP2479,Arjun Iyer,Male,25,Single,Bachelor's Degree,Sales,Senior Sales Executive,Mid,Pune,2023-09-17,Active
EMP2480,Vihaan Trivedi,Male,56,Single,Bachelor's Degree,Customer Support,VP of Customer Experience,Director,Chennai,2010-08-04,Active
EMP2481,Vikram Mehta,Male,28,Divorced,Bachelor's Degree,Finance,Accounts Executive,Entry,Noida,2025-03-05,Active
EMP2482,Vihaan Reddy,Male,28,Single,Bachelor's Degree,IT,QA Engineer,Entry,Bengaluru,2025-03-17,Exited
EMP2483,Navya Pandey,Female,30,Single,Master's Degree,IT,Software Engineer II,Mid,Pune,2024-04-28,Active
EMP2484,Preeti Ghosh,Female,28,Married,High School,Sales,Senior Sales Executive,Mid,Gurugram,2024-09-15,Active
EMP2485,Vidya Mukherjee,Female,40,Single,Bachelor's Degree,Marketing,Marketing Manager,Manager,Bengaluru,2018-10-10,Exited
EMP2486,Ira Malhotra,Female,40,Married,Master's Degree,Sales,Regional Sales Manager,Manager,Bengaluru,2013-08-18,Active
EMP2487,Myra Dutta,Female,39,Married,PhD,Marketing,Brand Manager,Manager,Kolkata,2019-12-01,Active
EMP2488,Swati Verma,Female,28,Married,Master's Degree,Marketing,Digital Marketing Associate,Entry,Noida,2024-08-17,Active
EMP2489,Sai Jain,Male,28,Married,Master's Degree,IT,Software Engineer II,Mid,Chennai,2022-02-01,Active
EMP2490,Anil Mehta,Male,42,Single,Diploma,HR,Senior HR Generalist,Senior,Noida,2016-08-16,Active
EMP2491,Anil Joshi,Male,26,Single,Master's Degree,Customer Support,Technical Support Associate,Entry,Gurugram,2024-03-20,Exited
EMP2492,Rajesh Pillai,Male,30,Single,Master's Degree,Sales,Senior Business Development Manager,Senior,Gurugram,2024-01-07,Active
EMP2493,Karan Mukherjee,Male,26,Single,Bachelor's Degree,IT,Software Engineer I,Entry,Mumbai,2025-09-23,Active
EMP2494,Arjun Patel,Male,24,Single,Bachelor's Degree,Customer Support,Technical Support Associate,Entry,Hyderabad,2025-04-11,Exited
EMP2495,Sai Trivedi,Male,36,Married,Master's Degree,Customer Support,Customer Support Manager,Manager,Bengaluru,2020-01-03,Active
EMP2496,Dhruv Mukherjee,Male,26,Single,Bachelor's Degree,Finance,Finance Analyst,Entry,Delhi NCR,2025-08-01,Active
EMP2497,Deepak Chawla,Male,58,Divorced,Master's Degree,Finance,VP of Finance,Director,Hyderabad,2009-04-20,Exited
EMP2498,Krishna Banerjee,Male,28,Single,High School,IT,IT Support Engineer,Entry,Noida,2025-08-18,Exited
EMP2499,Dhruv Yadav,Male,23,Single,Bachelor's Degree,Marketing,Digital Marketing Associate,Entry,Mumbai,2025-09-20,Active
EMP2500,Rajesh Bhatt,Male,23,Single,High School,Finance,Accounts Executive,Entry,Kolkata,2025-01-11,Active
EMP2501,Navya Mukherjee,Female,27,Married,Diploma,IT,QA Engineer,Entry,Pune,2024-06-01,Active
EMP2502,Saanvi Naidu,Female,32,Married,Diploma,Operations,Senior Process Associate,Mid,Pune,2018-08-06,Active
EMP2503,Harsh Saxena,Male,27,Married,Bachelor's Degree,Customer Support,Technical Support Associate,Entry,Hyderabad,2024-07-10,Active
EMP2504,Rohan Kapoor,Male,27,Married,Bachelor's Degree,Marketing,Content Strategist,Mid,Hyderabad,2024-07-05,Active
EMP2505,Varun Menon,Male,34,Married,PhD,IT,Engineering Manager,Manager,Mumbai,2020-08-18,Active
EMP2506,Deepak Desai,Male,30,Married,PhD,IT,Systems Administrator,Mid,Bengaluru,2023-11-20,Active
EMP2507,Rahul Desai,Male,23,Married,PhD,Customer Support,Customer Support Associate,Entry,Noida,2024-05-30,Active
EMP2508,Anika Menon,Female,33,Single,Bachelor's Degree,Customer Support,Technical Support Engineer,Mid,Bengaluru,2023-07-29,Active
EMP2509,Rohan Rastogi,Male,33,Married,Bachelor's Degree,Finance,Financial Analyst Lead,Senior,Chennai,2020-08-12,Exited
EMP2510,Siddharth Mukherjee,Male,26,Married,Bachelor's Degree,HR,Talent Acquisition Specialist,Mid,Pune,2022-07-03,Active
EMP2511,Nisha Joshi,Female,28,Single,High School,Sales,Inside Sales Representative,Entry,Pune,2025-09-13,Exited
EMP2512,Varun Ghosh,Male,31,Single,Bachelor's Degree,Sales,Senior Sales Executive,Mid,Kolkata,2023-09-21,Active
EMP2513,Gaurav Rana,Male,25,Single,Master's Degree,IT,Software Engineer II,Mid,Gurugram,2023-08-03,Active
EMP2514,Rohan Kumar,Male,28,Single,Bachelor's Degree,IT,QA Engineer,Entry,Hyderabad,2025-07-31,Active
EMP2515,Pallavi Shah,Female,23,Single,Bachelor's Degree,IT,QA Engineer,Entry,Hyderabad,2024-06-24,Exited
EMP2516,Anil Patel,Male,48,Married,PhD,Marketing,VP of Marketing,Director,Bengaluru,2011-11-28,Active
EMP2517,Preeti Malhotra,Female,27,Single,Master's Degree,IT,IT Support Engineer,Entry,Delhi NCR,2025-06-26,Active
EMP2518,Divya Menon,Female,22,Single,Master's Degree,IT,IT Support Engineer,Entry,Delhi NCR,2025-04-22,Active
EMP2519,Manish Mukherjee,Male,25,Single,Master's Degree,Finance,Finance Analyst,Entry,Chennai,2025-02-13,Active
EMP2520,Neha Mehta,Female,29,Divorced,Bachelor's Degree,IT,Software Engineer II,Mid,Hyderabad,2024-10-16,Active
EMP2521,Arjun Chawla,Male,26,Married,Bachelor's Degree,IT,Systems Administrator,Mid,Bengaluru,2024-08-10,Exited
EMP2522,Anil Menon,Male,22,Single,Diploma,Finance,Accounts Executive,Entry,Hyderabad,2025-09-16,Exited
EMP2523,Ajay Ghosh,Male,35,Single,Master's Degree,Sales,Senior Sales Executive,Mid,Kolkata,2022-01-10,Active
EMP2524,Rey Rao,Other,29,Married,Bachelor's Degree,HR,HR Business Partner,Senior,Kolkata,2023-10-26,Active
EMP2525,Vikram Rao,Male,29,Married,Bachelor's Degree,Customer Support,Technical Support Associate,Entry,Pune,2025-04-22,Exited
EMP2526,Rajesh Gupta,Male,43,Single,Bachelor's Degree,IT,Technical Lead,Manager,Mumbai,2019-02-02,Active
EMP2527,Divya Banerjee,Female,23,Single,Bachelor's Degree,Customer Support,Customer Support Associate,Entry,Noida,2024-09-15,Active
EMP2528,Vihaan Joshi,Male,26,Single,Bachelor's Degree,Customer Support,Customer Support Associate,Entry,Mumbai,2025-06-03,Active
EMP2529,Anika Shah,Female,49,Divorced,Diploma,Marketing,VP of Marketing,Director,Kolkata,2022-05-29,Active
EMP2530,Preeti Chatterjee,Female,44,Married,Bachelor's Degree,HR,HR Business Partner,Senior,Noida,2021-03-25,Active
EMP2531,Pooja Sharma,Female,27,Single,Bachelor's Degree,HR,HR Generalist,Mid,Gurugram,2020-10-21,Active
EMP2532,Ira Banerjee,Female,49,Married,Master's Degree,HR,HR Manager,Manager,Delhi NCR,2020-10-20,Active
EMP2533,Anjali Rao,Female,28,Married,Bachelor's Degree,Operations,Senior Process Associate,Mid,Hyderabad,2023-11-22,Active
EMP2534,Harsh Iyer,Male,28,Single,Master's Degree,IT,Software Engineer II,Mid,Bengaluru,2024-03-25,Active
EMP2535,Noor Sharma,Other,42,Married,Bachelor's Degree,Customer Support,Support Team Lead,Senior,Noida,2021-04-17,Active
EMP2536,Nisha Malhotra,Female,35,Single,Master's Degree,HR,HR Business Partner,Senior,Hyderabad,2018-02-01,Active
EMP2537,Pallavi Khan,Female,22,Single,Bachelor's Degree,Marketing,Marketing Executive,Entry,Hyderabad,2025-05-21,Active
EMP2538,Pallavi Ghosh,Female,35,Widowed,Master's Degree,Sales,Business Development Executive,Mid,Noida,2022-06-23,Active
EMP2539,Deepak Reddy,Male,30,Married,High School,IT,Systems Administrator,Mid,Bengaluru,2019-11-22,Exited
EMP2540,Manish Rana,Male,29,Single,Master's Degree,Finance,Finance Analyst,Entry,Gurugram,2024-01-29,Active
EMP2541,Aryan Rana,Male,38,Married,Master's Degree,Finance,Finance Director,Director,Delhi NCR,2018-01-04,Active
EMP2542,Amit Joshi,Male,33,Married,Bachelor's Degree,Sales,Business Development Executive,Mid,Bengaluru,2025-08-15,Active
EMP2543,Ira Rao,Female,35,Married,PhD,Sales,Business Development Executive,Mid,Bengaluru,2022-01-11,Active
EMP2544,Preeti Naidu,Female,35,Single,Master's Degree,IT,Systems Administrator,Mid,Hyderabad,2021-11-16,Active
EMP2545,Dhruv Mathur,Male,28,Married,PhD,Finance,Accountant,Mid,Hyderabad,2023-09-22,Active
EMP2546,Sai Saxena,Male,27,Married,Master's Degree,Sales,Sales Executive,Entry,Bengaluru,2024-10-28,Active
EMP2547,Sneha Ghosh,Female,54,Married,Master's Degree,Procurement,VP of Procurement,Director,Noida,2021-12-27,Active
EMP2548,Vivaan Ghosh,Male,36,Single,Bachelor's Degree,IT,Software Engineer II,Mid,Chennai,2020-07-05,Active
EMP2549,Sunita Rana,Female,43,Widowed,Bachelor's Degree,Sales,Senior Business Development Manager,Senior,Bengaluru,2021-10-20,Active
EMP2550,Priya Gupta,Female,36,Single,Bachelor's Degree,Sales,Business Development Executive,Mid,Delhi NCR,2022-06-05,Active
EMP2551,Vivaan Iyer,Male,28,Married,Master's Degree,Finance,Finance Analyst,Entry,Pune,2022-09-16,Active
EMP2552,Ishaan Yadav,Male,26,Single,Bachelor's Degree,Finance,Accounts Executive,Entry,Pune,2024-12-25,Active
EMP2553,Pari Iyer,Female,34,Divorced,Bachelor's Degree,HR,HR Generalist,Mid,Kolkata,2024-02-05,Exited
EMP2554,Aarav Mukherjee,Male,22,Married,Bachelor's Degree,Customer Support,Customer Support Associate,Entry,Bengaluru,2025-03-21,Active
EMP2555,Isha Singh,Female,35,Married,Master's Degree,Sales,Key Account Manager,Senior,Kolkata,2022-02-14,Active
EMP2556,Rahul Shah,Male,38,Single,Bachelor's Degree,Operations,Process Excellence Manager,Manager,Hyderabad,2018-06-30,Exited
EMP2557,Ajay Verma,Male,26,Married,High School,IT,QA Engineer,Entry,Mumbai,2024-02-03,Active
EMP2558,Reyansh Choudhary,Male,22,Single,High School,IT,QA Engineer,Entry,Chennai,2025-04-14,Active
EMP2559,Pallavi Pillai,Female,33,Married,PhD,Sales,Key Account Manager,Senior,Delhi NCR,2019-01-09,Active
EMP2560,Aadhya Choudhary,Female,27,Divorced,Bachelor's Degree,IT,IT Support Engineer,Entry,Gurugram,2025-09-16,Active
EMP2561,Kiara Das,Female,39,Married,PhD,HR,HR Manager,Manager,Bengaluru,2016-12-04,Active
EMP2562,Harsh Khan,Male,31,Married,Master's Degree,Operations,Senior Process Associate,Mid,Mumbai,2021-12-26,Active
EMP2563,Navya Desai,Female,23,Single,Master's Degree,Operations,Operations Executive,Entry,Hyderabad,2025-09-18,Active
EMP2564,Vikram Mathur,Male,26,Married,Diploma,Finance,Finance Analyst,Entry,Pune,2025-08-12,Active
EMP2565,Shalini Banerjee,Female,35,Single,Bachelor's Degree,HR,Talent Acquisition Manager,Manager,Hyderabad,2016-05-26,Active
EMP2566,Saanvi Sharma,Female,27,Single,PhD,Sales,Sales Executive,Entry,Delhi NCR,2025-09-20,Active
EMP2567,Aarav Saxena,Male,42,Divorced,Bachelor's Degree,IT,DevOps Engineer,Senior,Mumbai,2021-01-31,Active
EMP2568,Ritu Yadav,Female,22,Single,Bachelor's Degree,IT,Software Engineer I,Entry,Bengaluru,2025-09-14,Exited
EMP2569,Arjun Gupta,Male,25,Single,Master's Degree,Operations,Operations Executive,Entry,Gurugram,2025-09-12,Active
EMP2570,Sai Jain,Male,42,Married,Bachelor's Degree,Procurement,Sourcing Manager,Manager,Hyderabad,2016-10-16,Active
EMP2571,Aarav Kulkarni,Male,27,Single,Bachelor's Degree,IT,Software Engineer I,Entry,Delhi NCR,2024-11-22,Exited
EMP2572,Preeti Iyer,Female,29,Single,Bachelor's Degree,Finance,Accounts Executive,Entry,Noida,2024-10-30,Active
EMP2573,Anil Choudhary,Male,27,Married,Diploma,Operations,Operations Analyst,Mid,Pune,2023-12-04,Active
EMP2574,Shalini Shah,Female,44,Single,Master's Degree,Marketing,Brand Manager,Manager,Delhi NCR,2008-11-19,Exited
EMP2575,Reyansh Sharma,Male,23,Single,Bachelor's Degree,Finance,Accounts Executive,Entry,Noida,2025-05-19,Exited
EMP2576,Anjali Bose,Female,22,Single,Bachelor's Degree,HR,HR Executive,Entry,Delhi NCR,2025-09-18,Exited
EMP2577,Aarav Kapoor,Male,49,Married,Master's Degree,Operations,Operations Director,Director,Kolkata,2019-05-01,Active
EMP2578,Suresh Saxena,Male,41,Single,Master's Degree,Customer Support,Senior Technical Support Engineer,Senior,Bengaluru,2012-12-28,Active
EMP2579,Rekha Naidu,Female,33,Single,Bachelor's Degree,IT,IT Project Manager,Manager,Pune,2014-10-10,Active
EMP2580,Rekha Rana,Female,29,Divorced,Master's Degree,Customer Support,Support Team Lead,Senior,Gurugram,2022-08-16,Active
EMP2581,Harsh Menon,Male,33,Married,High School,IT,Senior Software Engineer,Senior,Mumbai,2018-03-24,Active
EMP2582,Dhruv Menon,Male,30,Single,Bachelor's Degree,Marketing,Digital Marketing Specialist,Mid,Hyderabad,2019-09-16,Active
EMP2583,Varun Singh,Male,28,Married,Master's Degree,IT,Software Engineer I,Entry,Hyderabad,2025-03-13,Exited
EMP2584,Ritu Jain,Female,36,Married,Master's Degree,IT,Senior Software Engineer,Senior,Gurugram,2016-10-21,Active
EMP2585,Ananya Kapoor,Female,42,Married,Bachelor's Degree,IT,Senior Software Engineer,Senior,Noida,2016-04-21,Exited
EMP2586,Pari Pandey,Female,58,Single,Bachelor's Degree,Sales,VP of Sales,Director,Delhi NCR,2013-04-21,Active
EMP2587,Sneha Banerjee,Female,25,Single,PhD,Sales,Business Development Executive,Mid,Chennai,2024-05-17,Active
EMP2588,Ananya Iyer,Female,25,Single,Bachelor's Degree,IT,Software Engineer I,Entry,Mumbai,2025-06-01,Active
EMP2589,Anil Bose,Male,35,Married,Master's Degree,Sales,Business Development Executive,Mid,Noida,2022-03-23,Active
EMP2590,Ishaan Yadav,Male,36,Single,Master's Degree,Sales,Business Development Executive,Mid,Bengaluru,2024-01-01,Active
EMP2591,Shreya Banerjee,Female,25,Single,Master's Degree,Operations,Senior Process Associate,Mid,Kolkata,2024-02-07,Active
EMP2592,Karan Malhotra,Male,29,Single,Diploma,Customer Support,Senior Technical Support Engineer,Senior,Chennai,2019-08-13,Active
EMP2593,Harsh Kapoor,Male,26,Married,PhD,Operations,Senior Process Associate,Mid,Chennai,2021-04-10,Active
EMP2594,Priya Rastogi,Female,26,Single,Master's Degree,IT,IT Support Engineer,Entry,Chennai,2025-02-13,Exited
EMP2595,Divya Mukherjee,Female,30,Single,Bachelor's Degree,Sales,Senior Sales Executive,Mid,Noida,2022-12-04,Active
EMP2596,Sneha Bhatt,Female,29,Married,PhD,Customer Support,Senior Support Associate,Mid,Bengaluru,2023-09-22,Active
EMP2597,Arjun Gupta,Male,36,Married,Master's Degree,IT,Technical Lead,Manager,Chennai,2013-03-06,Active
EMP2598,Meera Nair,Female,31,Widowed,Master's Degree,Sales,Business Development Executive,Mid,Bengaluru,2024-11-17,Active
EMP2599,Amit Saxena,Male,30,Single,Master's Degree,Customer Support,Senior Support Associate,Mid,Noida,2020-03-05,Active
EMP2600,Reyansh Mukherjee,Male,35,Single,Bachelor's Degree,Customer Support,Technical Support Engineer,Mid,Mumbai,2024-10-28,Active
EMP2601,Vidya Verma,Female,27,Single,Master's Degree,Sales,Senior Sales Executive,Mid,Hyderabad,2023-09-24,Active
EMP2602,Ritu Nair,Female,28,Married,Diploma,Operations,Operations Executive,Entry,Hyderabad,2025-04-22,Active
EMP2603,Rekha Pillai,Female,50,Single,Bachelor's Degree,Sales,Regional Sales Manager,Manager,Hyderabad,2015-08-08,Active
EMP2604,Saanvi Naidu,Female,37,Married,Bachelor's Degree,Operations,Process Excellence Manager,Manager,Gurugram,2020-08-13,Exited
EMP2605,Myra Banerjee,Female,27,Divorced,Bachelor's Degree,IT,Software Engineer II,Mid,Gurugram,2023-02-05,Active
EMP2606,Amit Pandey,Male,27,Single,PhD,IT,Systems Administrator,Mid,Pune,2021-10-18,Active
EMP2607,Dhruv Bose,Male,29,Single,High School,HR,Talent Acquisition Associate,Entry,Pune,2023-03-11,Active
EMP2608,Kavya Chatterjee,Female,33,Married,Bachelor's Degree,IT,Data Analyst,Mid,Hyderabad,2022-01-04,Exited
EMP2609,Priya Trivedi,Female,31,Married,Master's Degree,Operations,Operations Analyst,Mid,Pune,2023-09-24,Active
EMP2610,Manish Iyer,Male,29,Married,Diploma,Sales,Senior Business Development Manager,Senior,Delhi NCR,2024-02-11,Exited
EMP2611,Anil Pillai,Male,22,Single,High School,Customer Support,Technical Support Associate,Entry,Delhi NCR,2025-09-20,Active
EMP2612,Kabir Reddy,Male,36,Single,Bachelor's Degree,Marketing,Senior Marketing Specialist,Senior,Bengaluru,2023-12-23,Active
EMP2613,Yash Gupta,Male,25,Married,Bachelor's Degree,Finance,Finance Analyst,Entry,Gurugram,2025-05-20,Active
EMP2614,Vidya Gupta,Female,29,Married,Bachelor's Degree,Marketing,Senior Marketing Specialist,Senior,Kolkata,2023-06-23,Active
EMP2615,Amit Rao,Male,27,Married,Bachelor's Degree,IT,Systems Administrator,Mid,Noida,2025-02-01,Active
EMP2616,Rahul Yadav,Male,27,Single,Bachelor's Degree,Finance,Accounts Executive,Entry,Bengaluru,2025-09-21,Active
EMP2617,Riya Bhatt,Female,29,Single,Bachelor's Degree,IT,Systems Administrator,Mid,Noida,2024-05-28,Exited
EMP2618,Vihaan Khan,Male,43,Single,Bachelor's Degree,Customer Support,Support Team Lead,Senior,Bengaluru,2020-11-21,Active
EMP2619,Aryan Bhatt,Male,27,Married,Bachelor's Degree,Marketing,Digital Marketing Specialist,Mid,Bengaluru,2023-06-05,Exited
EMP2620,Gaurav Jain,Male,22,Single,Master's Degree,Customer Support,Customer Support Associate,Entry,Hyderabad,2025-03-07,Exited
EMP2621,Anil Patel,Male,30,Single,Diploma,Customer Support,Senior Support Associate,Mid,Mumbai,2023-06-26,Active
EMP2622,Karan Bhatt,Male,23,Single,PhD,Customer Support,Customer Support Associate,Entry,Noida,2025-04-10,Active
EMP2623,Sai Mukherjee,Male,39,Married,High School,IT,Data Scientist,Senior,Noida,2022-05-31,Active
EMP2624,Ajay Khan,Male,28,Married,Bachelor's Degree,Customer Support,Senior Support Associate,Mid,Pune,2022-01-05,Active
EMP2625,Ajay Khan,Male,25,Single,Master's Degree,Finance,Finance Analyst,Entry,Mumbai,2024-12-29,Active
EMP2626,Yash Patel,Male,30,Divorced,Diploma,Sales,Senior Sales Executive,Mid,Bengaluru,2022-11-20,Active
EMP2627,Deepak Ghosh,Male,34,Single,Bachelor's Degree,Finance,Financial Analyst Lead,Senior,Kolkata,2023-01-06,Active
EMP2628,Pallavi Jain,Female,43,Divorced,Bachelor's Degree,Sales,Senior Business Development Manager,Senior,Hyderabad,2022-11-30,Exited
EMP2629,Vihaan Choudhary,Male,27,Single,Master's Degree,Sales,Sales Executive,Entry,Hyderabad,2023-08-11,Exited
EMP2630,Anil Rao,Male,26,Married,Bachelor's Degree,IT,Software Engineer I,Entry,Kolkata,2025-04-17,Active
EMP2631,Divya Kulkarni,Female,32,Single,Diploma,IT,Data Analyst,Mid,Hyderabad,2021-06-04,Exited
EMP2632,Karan Saxena,Male,25,Married,Bachelor's Degree,Finance,Finance Analyst,Entry,Bengaluru,2025-02-06,Exited
EMP2633,Vihaan Chatterjee,Male,28,Married,Bachelor's Degree,Customer Support,Technical Support Engineer,Mid,Kolkata,2023-03-20,Active
EMP2634,Shalini Agarwal,Female,26,Single,Master's Degree,HR,Talent Acquisition Associate,Entry,Bengaluru,2025-04-16,Active
EMP2635,Sai Rao,Male,22,Single,Master's Degree,Finance,Finance Analyst,Entry,Bengaluru,2025-09-08,Active
EMP2636,Nikhil Khan,Male,29,Single,Master's Degree,Sales,Senior Business Development Manager,Senior,Pune,2021-04-11,Active
EMP2637,Ananya Rao,Female,26,Single,Diploma,Sales,Sales Executive,Entry,Hyderabad,2023-05-30,Active
EMP2638,Neha Mehta,Female,33,Married,Bachelor's Degree,IT,Data Scientist,Senior,Chennai,2021-12-03,Active
EMP2639,Vihaan Singh,Male,26,Married,Diploma,Marketing,Digital Marketing Associate,Entry,Gurugram,2025-06-02,Active
EMP2640,Manish Yadav,Male,31,Single,High School,IT,Software Engineer II,Mid,Mumbai,2023-08-14,Exited
EMP2641,Rohan Naidu,Male,36,Single,Bachelor's Degree,Operations,Operations Analyst,Mid,Bengaluru,2023-10-30,Active
EMP2642,Nisha Sharma,Female,41,Widowed,Bachelor's Degree,Operations,Senior Operations Analyst,Senior,Hyderabad,2014-02-05,Active
EMP2643,Deepak Patel,Male,35,Married,Bachelor's Degree,Finance,Financial Analyst Lead,Senior,Chennai,2020-09-10,Active
EMP2644,Rajesh Rastogi,Male,27,Married,Master's Degree,Customer Support,Senior Support Associate,Mid,Hyderabad,2023-10-23,Active
EMP2645,Deepak Pillai,Male,31,Single,Bachelor's Degree,Sales,Senior Sales Executive,Mid,Bengaluru,2023-09-19,Active
EMP2646,Meera Verma,Female,23,Single,Bachelor's Degree,Customer Support,Customer Support Associate,Entry,Hyderabad,2025-05-26,Active
EMP2647,Karan Mathur,Male,29,Married,Diploma,Operations,Senior Process Associate,Mid,Gurugram,2018-12-03,Active
EMP2648,Arjun Nair,Male,23,Single,Bachelor's Degree,Marketing,Digital Marketing Associate,Entry,Noida,2025-05-21,Active
EMP2649,Suresh Agarwal,Male,26,Married,Bachelor's Degree,Operations,Senior Process Associate,Mid,Hyderabad,2021-08-14,Active
EMP2650,Sneha Shah,Female,27,Single,Bachelor's Degree,Marketing,Digital Marketing Associate,Entry,Hyderabad,2025-08-04,Active
EMP2651,Sai Pandey,Male,45,Single,Bachelor's Degree,Procurement,Sourcing Manager,Manager,Noida,2020-06-28,Active
EMP2652,Priya Saxena,Female,32,Married,Master's Degree,Sales,Senior Sales Executive,Mid,Bengaluru,2022-08-02,Active
EMP2653,Karan Mukherjee,Male,36,Married,Bachelor's Degree,Marketing,Digital Marketing Specialist,Mid,Pune,2020-11-24,Active
EMP2654,Reyansh Kulkarni,Male,31,Married,Master's Degree,Operations,Senior Process Associate,Mid,Pune,2023-09-21,Active
EMP2655,Ishaan Dutta,Male,29,Married,Master's Degree,Sales,Sales Executive,Entry,Pune,2025-07-12,Active
EMP2656,Dhruv Trivedi,Male,22,Single,Master's Degree,Customer Support,Customer Support Associate,Entry,Bengaluru,2025-09-23,Active
EMP2657,Rahul Pillai,Male,44,Married,Master's Degree,Sales,Sales Manager,Manager,Noida,2020-10-28,Active
EMP2658,Sneha Menon,Female,43,Single,High School,Finance,Senior Accountant,Senior,Hyderabad,2019-06-25,Active
EMP2659,Rahul Chawla,Male,24,Single,Master's Degree,IT,QA Engineer,Entry,Pune,2025-03-23,Exited
EMP2660,Anjali Verma,Female,33,Single,Bachelor's Degree,IT,Data Scientist,Senior,Delhi NCR,2017-11-26,Active
EMP2661,Vivaan Sharma,Male,29,Divorced,Bachelor's Degree,Marketing,Content Strategist,Mid,Noida,2020-03-15,Active
EMP2662,Rajesh Mehta,Male,27,Single,Bachelor's Degree,Sales,Sales Executive,Entry,Delhi NCR,2023-11-23,Exited
EMP2663,Aryan Yadav,Male,27,Single,Bachelor's Degree,Sales,Senior Sales Executive,Mid,Pune,2021-07-10,Active
EMP2664,Vihaan Nair,Male,22,Single,Bachelor's Degree,IT,IT Support Engineer,Entry,Bengaluru,2025-03-24,Exited
EMP2665,Aditya Singh,Male,24,Married,High School,Finance,Finance Analyst,Entry,Mumbai,2023-11-19,Active
EMP2666,Aadhya Jain,Female,43,Married,Master's Degree,Marketing,Senior Marketing Specialist,Senior,Mumbai,2020-04-16,Active
EMP2667,Ritu Patel,Female,22,Single,Bachelor's Degree,Customer Support,Customer Support Associate,Entry,Pune,2025-06-30,Exited
EMP2668,Divya Das,Female,37,Single,Bachelor's Degree,IT,Technical Lead,Manager,Delhi NCR,2024-08-16,Active
EMP2669,Aadhya Joshi,Female,29,Single,Master's Degree,Finance,Financial Analyst Lead,Senior,Noida,2018-10-16,Exited
EMP2670,Rajesh Shah,Male,30,Married,Master's Degree,Sales,Key Account Manager,Senior,Bengaluru,2019-02-01,Active
EMP2671,Sanjay Rana,Male,34,Married,Bachelor's Degree,HR,Talent Acquisition Specialist,Mid,Noida,2022-06-26,Active
EMP2672,Vivaan Nair,Male,44,Divorced,Master's Degree,Sales,Regional Sales Manager,Manager,Delhi NCR,2021-01-10,Active
EMP2673,Kiara Yadav,Female,27,Married,Master's Degree,Sales,Senior Sales Executive,Mid,Hyderabad,2024-09-12,Active
EMP2674,Arjun Joshi,Male,34,Single,Master's Degree,Sales,Business Development Executive,Mid,Gurugram,2019-10-29,Active
EMP2675,Vikram Iyer,Male,30,Single,Master's Degree,HR,Talent Acquisition Specialist,Mid,Gurugram,2025-02-09,Active
EMP2676,Ananya Rao,Female,36,Married,Bachelor's Degree,Finance,Finance Manager,Manager,Gurugram,2018-03-18,Active
EMP2677,Vivaan Agarwal,Male,22,Single,Bachelor's Degree,Sales,Sales Executive,Entry,Pune,2025-04-28,Active
EMP2678,Shalini Banerjee,Female,32,Single,Bachelor's Degree,Marketing,Digital Marketing Specialist,Mid,Delhi NCR,2022-06-02,Active
EMP2679,Krishna Shah,Male,37,Married,PhD,Operations,Operations Team Lead,Senior,Mumbai,2018-11-17,Active
EMP2680,Vidya Mathur,Female,25,Widowed,High School,Sales,Business Development Executive,Mid,Pune,2022-07-29,Active
EMP2681,Meera Joshi,Female,48,Single,Master's Degree,Marketing,Marketing Manager,Manager,Bengaluru,2015-05-27,Active
EMP2682,Myra Khan,Female,30,Single,Master's Degree,Customer Support,Technical Support Engineer,Mid,Chennai,2021-07-03,Active
EMP2683,Aarav Nair,Male,26,Single,Master's Degree,IT,QA Engineer,Entry,Bengaluru,2023-12-23,Active
EMP2684,Rajesh Patel,Male,30,Single,Bachelor's Degree,HR,HR Generalist,Mid,Delhi NCR,2024-09-14,Active
EMP2685,Vihaan Desai,Male,35,Married,Bachelor's Degree,Sales,Business Development Executive,Mid,Pune,2022-08-09,Exited
EMP2686,Aarav Kumar,Male,29,Married,Master's Degree,Operations,Process Associate,Entry,Noida,2025-08-18,Active
EMP2687,Meera Patel,Female,23,Single,Bachelor's Degree,IT,Software Engineer I,Entry,Mumbai,2025-08-16,Active
EMP2688,Anil Reddy,Male,24,Married,Bachelor's Degree,Operations,Operations Executive,Entry,Bengaluru,2023-11-26,Active
EMP2689,Siddharth Reddy,Male,32,Married,Master's Degree,IT,Data Scientist,Senior,Bengaluru,2022-01-05,Exited
EMP2690,Suresh Rastogi,Male,36,Married,Bachelor's Degree,Finance,Finance Manager,Manager,Pune,2020-01-10,Active
EMP2691,Swati Singh,Female,26,Married,Bachelor's Degree,Customer Support,Technical Support Engineer,Mid,Mumbai,2023-04-16,Active
EMP2692,Krishna Rana,Male,28,Married,Bachelor's Degree,Sales,Inside Sales Representative,Entry,Delhi NCR,2025-09-10,Active
EMP2693,Suresh Patel,Male,31,Single,Bachelor's Degree,Customer Support,Senior Support Associate,Mid,Noida,2024-12-04,Active
EMP2694,Aarav Banerjee,Male,42,Married,Master's Degree,Procurement,Procurement Manager,Manager,Pune,2010-12-22,Active
EMP2695,Manish Banerjee,Male,30,Married,Bachelor's Degree,Customer Support,Senior Technical Support Engineer,Senior,Noida,2022-02-12,Active
EMP2696,Nisha Agarwal,Female,23,Married,High School,IT,QA Engineer,Entry,Hyderabad,2024-11-29,Active
EMP2697,Yash Bose,Male,23,Single,Bachelor's Degree,Marketing,Digital Marketing Associate,Entry,Chennai,2025-08-15,Active
EMP2698,Kavya Yadav,Female,44,Divorced,PhD,IT,Engineering Manager,Manager,Bengaluru,2020-06-26,Active
EMP2699,Sneha Sharma,Female,36,Single,Diploma,Sales,Sales Manager,Manager,Noida,2014-06-23,Active
EMP2700,Ira Pillai,Female,28,Married,Bachelor's Degree,Customer Support,Customer Support Associate,Entry,Hyderabad,2025-09-03,Active
EMP2701,Vidya Yadav,Female,35,Single,Bachelor's Degree,Operations,Senior Operations Analyst,Senior,Delhi NCR,2019-07-11,Active
EMP2702,Myra Sharma,Female,25,Married,High School,Finance,Finance Analyst,Entry,Mumbai,2025-05-17,Active
EMP2703,Amit Bhatt,Male,28,Married,Diploma,Sales,Inside Sales Representative,Entry,Delhi NCR,2025-09-22,Active
EMP2704,Anil Kumar,Male,35,Married,Master's Degree,Marketing,Senior Marketing Specialist,Senior,Kolkata,2021-04-15,Exited
EMP2705,Nisha Pillai,Female,33,Single,Bachelor's Degree,Operations,Senior Process Associate,Mid,Delhi NCR,2019-10-17,Active
EMP2706,Kabir Pillai,Male,35,Married,Master's Degree,Sales,Business Development Executive,Mid,Hyderabad,2024-09-05,Active
EMP2707,Varun Mukherjee,Male,36,Single,Bachelor's Degree,Customer Support,Support Operations Manager,Manager,Pune,2019-10-19,Exited
EMP2708,Vikram Chawla,Male,39,Single,Master's Degree,IT,Data Scientist,Senior,Bengaluru,2018-04-24,Exited
EMP2709,Aarav Bhatt,Male,22,Married,Bachelor's Degree,IT,Software Engineer I,Entry,Hyderabad,2025-03-12,Exited
EMP2710,Suresh Dutta,Male,35,Married,Bachelor's Degree,HR,HR Generalist,Mid,Hyderabad,2024-11-23,Active
EMP2711,Vivaan Pandey,Male,36,Single,Bachelor's Degree,Procurement,Vendor Manager,Senior,Delhi NCR,2019-12-03,Active
EMP2712,Ajay Banerjee,Male,29,Married,Bachelor's Degree,IT,Data Analyst,Mid,Chennai,2024-06-29,Active
EMP2713,Anil Kapoor,Male,54,Married,Master's Degree,IT,VP of Engineering,Director,Hyderabad,2015-10-16,Active
EMP2714,Manish Mukherjee,Male,31,Single,Bachelor's Degree,IT,DevOps Engineer,Senior,Noida,2022-08-14,Active
EMP2715,Pari Yadav,Female,22,Single,Bachelor's Degree,Customer Support,Customer Support Associate,Entry,Chennai,2025-02-03,Active
EMP2716,Reyansh Patel,Male,23,Single,Master's Degree,IT,Software Engineer I,Entry,Delhi NCR,2025-03-19,Exited
EMP2717,Preeti Khan,Female,41,Married,Bachelor's Degree,Finance,Senior Accountant,Senior,Gurugram,2020-09-12,Active
EMP2718,Siddharth Desai,Male,50,Married,Diploma,Procurement,Procurement Director,Director,Noida,2008-05-30,Active
EMP2719,Kabir Ghosh,Male,28,Single,Bachelor's Degree,IT,Software Engineer I,Entry,Pune,2025-04-17,Active
EMP2720,Isha Agarwal,Female,22,Single,Diploma,Finance,Accounts Executive,Entry,Kolkata,2025-09-22,Active
EMP2721,Meera Choudhary,Female,30,Single,Master's Degree,Finance,Financial Analyst Lead,Senior,Pune,2020-10-26,Active
EMP2722,Preeti Kulkarni,Female,23,Divorced,Bachelor's Degree,Marketing,Marketing Executive,Entry,Bengaluru,2025-07-03,Exited
EMP2723,Neha Kulkarni,Female,22,Married,Master's Degree,Sales,Inside Sales Representative,Entry,Gurugram,2025-09-09,Exited
EMP2724,Anika Mehta,Female,39,Married,Bachelor's Degree,Sales,Regional Sales Manager,Manager,Hyderabad,2020-02-01,Active
EMP2725,Nisha Desai,Female,42,Married,Bachelor's Degree,IT,DevOps Engineer,Senior,Bengaluru,2022-07-10,Active
EMP2726,Ananya Banerjee,Female,48,Married,Bachelor's Degree,Operations,Process Excellence Manager,Manager,Bengaluru,2015-10-17,Active
EMP2727,Vidya Jain,Female,30,Married,Master's Degree,Marketing,Senior Marketing Specialist,Senior,Pune,2024-04-10,Active
EMP2728,Gaurav Bhatt,Male,23,Single,Bachelor's Degree,IT,IT Support Engineer,Entry,Hyderabad,2024-10-17,Active
EMP2729,Vivaan Patel,Male,34,Married,Master's Degree,Sales,Sales Manager,Manager,Bengaluru,2019-08-17,Active
EMP2730,Aditya Pandey,Male,22,Single,Bachelor's Degree,Customer Support,Customer Support Associate,Entry,Bengaluru,2025-03-13,Active
EMP2731,Anil Joshi,Male,23,Single,Bachelor's Degree,IT,Software Engineer I,Entry,Delhi NCR,2025-09-16,Active
EMP2732,Anjali Choudhary,Female,39,Single,Bachelor's Degree,Sales,Sales Manager,Manager,Bengaluru,2014-01-11,Active
EMP2733,Anil Kulkarni,Male,30,Single,Bachelor's Degree,Finance,Financial Analyst Lead,Senior,Noida,2025-01-03,Active
EMP2734,Karan Kulkarni,Male,35,Married,Master's Degree,Sales,Sales Manager,Manager,Noida,2024-01-12,Active
EMP2735,Ira Pandey,Female,27,Single,Diploma,IT,IT Support Engineer,Entry,Gurugram,2025-06-04,Exited
EMP2736,Harsh Mehta,Male,43,Single,Bachelor's Degree,Sales,VP of Sales,Director,Hyderabad,2017-09-20,Active
EMP2737,Sunita Rao,Female,35,Married,Master's Degree,IT,Data Analyst,Mid,Delhi NCR,2021-10-26,Active
EMP2738,Aryan Kulkarni,Male,30,Married,Bachelor's Degree,Finance,Financial Analyst Lead,Senior,Bengaluru,2022-05-18,Exited
EMP2739,Ishaan Shah,Male,42,Single,Master's Degree,Operations,Process Excellence Manager,Manager,Chennai,2012-01-06,Active
EMP2740,Aryan Rao,Male,26,Divorced,Bachelor's Degree,Finance,Senior Finance Analyst,Mid,Bengaluru,2024-04-13,Active
EMP2741,Siddharth Iyer,Male,35,Married,Bachelor's Degree,IT,Data Scientist,Senior,Hyderabad,2014-10-27,Active
EMP2742,Rohan Das,Male,29,Single,Master's Degree,Marketing,Senior Marketing Specialist,Senior,Bengaluru,2023-08-06,Active
EMP2743,Yash Rana,Male,35,Single,Bachelor's Degree,IT,Senior Software Engineer,Senior,Kolkata,2018-08-12,Active
EMP2744,Aditya Nair,Male,43,Single,PhD,Operations,Process Excellence Manager,Manager,Bengaluru,2011-10-22,Active
EMP2745,Suresh Singh,Male,29,Single,Master's Degree,Sales,Senior Business Development Manager,Senior,Bengaluru,2021-05-27,Active
EMP2746,Meera Dutta,Female,29,Married,Master's Degree,Marketing,Digital Marketing Associate,Entry,Bengaluru,2024-12-22,Active
EMP2747,Arjun Mathur,Male,22,Single,PhD,IT,Software Engineer I,Entry,Chennai,2025-08-04,Active
EMP2748,Vivaan Shah,Male,42,Single,Bachelor's Degree,IT,VP of Engineering,Director,Pune,2012-09-22,Active
EMP2749,Amit Chawla,Male,46,Single,Bachelor's Degree,Finance,Finance Director,Director,Chennai,2009-07-30,Exited
EMP2750,Shreya Iyer,Female,55,Single,Master's Degree,IT,VP of Engineering,Director,Kolkata,2020-03-23,Active
EMP2751,Navya Rastogi,Female,22,Married,Bachelor's Degree,IT,QA Engineer,Entry,Gurugram,2025-09-14,Exited
EMP2752,Shreya Sharma,Female,33,Married,Bachelor's Degree,Operations,Operations Analyst,Mid,Bengaluru,2019-05-24,Active
EMP2753,Divya Pillai,Female,30,Single,Master's Degree,Marketing,Senior Marketing Specialist,Senior,Kolkata,2019-07-02,Active
EMP2754,Aarav Shah,Male,44,Married,High School,IT,Senior Software Engineer,Senior,Pune,2024-04-19,Exited
EMP2755,Shalini Naidu,Female,28,Single,Master's Degree,Customer Support,Technical Support Associate,Entry,Mumbai,2025-09-09,Active
EMP2756,Aditya Sharma,Male,34,Married,Bachelor's Degree,Marketing,Content Strategist,Mid,Delhi NCR,2019-03-05,Active
EMP2757,Priya Joshi,Female,23,Single,Bachelor's Degree,Customer Support,Customer Support Associate,Entry,Gurugram,2025-02-12,Active
EMP2758,Karan Malhotra,Male,36,Married,High School,Operations,Operations Analyst,Mid,Kolkata,2023-04-15,Active
EMP2759,Sai Verma,Male,25,Single,Bachelor's Degree,Operations,Operations Executive,Entry,Kolkata,2023-09-24,Active
EMP2760,Sunita Chawla,Female,23,Single,Diploma,Finance,Finance Analyst,Entry,Pune,2024-12-23,Active
EMP2761,Pari Banerjee,Female,27,Married,Bachelor's Degree,Operations,Process Associate,Entry,Bengaluru,2024-05-29,Active
EMP2762,Isha Nair,Female,46,Single,Bachelor's Degree,Customer Support,Customer Support Manager,Manager,Chennai,2013-09-08,Active
EMP2763,Deepak Shah,Male,29,Single,Bachelor's Degree,IT,Data Scientist,Senior,Bengaluru,2019-04-26,Active
EMP2764,Amit Chatterjee,Male,48,Married,High School,Sales,Sales Manager,Manager,Mumbai,2020-09-04,Active
EMP2765,Rajesh Patel,Male,30,Married,Bachelor's Degree,IT,Data Analyst,Mid,Bengaluru,2025-03-14,Active
EMP2766,Aditya Agarwal,Male,31,Divorced,High School,Customer Support,Technical Support Engineer,Mid,Pune,2021-06-28,Active
EMP2767,Deepak Jain,Male,36,Married,Master's Degree,Sales,Senior Sales Executive,Mid,Mumbai,2025-02-12,Active
EMP2768,Anil Menon,Male,34,Married,Master's Degree,Operations,Operations Analyst,Mid,Gurugram,2021-12-31,Exited
EMP2769,Myra Menon,Female,31,Married,Bachelor's Degree,Marketing,Content Strategist,Mid,Kolkata,2020-09-07,Exited
EMP2770,Yash Saxena,Male,30,Married,Bachelor's Degree,Procurement,Senior Procurement Analyst,Senior,Chennai,2020-10-18,Active
EMP2771,Anjali Das,Female,36,Single,Diploma,IT,Senior Software Engineer,Senior,Mumbai,2016-12-02,Active
EMP2772,Riya Ghosh,Female,46,Single,Master's Degree,Marketing,Brand Manager,Manager,Hyderabad,2022-06-25,Active
EMP2773,Meera Chawla,Female,22,Single,Diploma,Customer Support,Customer Support Associate,Entry,Mumbai,2025-09-18,Active
EMP2774,Rajesh Mehta,Male,28,Single,Bachelor's Degree,IT,Data Analyst,Mid,Pune,2022-02-15,Exited
EMP2775,Reyansh Ghosh,Male,26,Married,Bachelor's Degree,Operations,Process Associate,Entry,Pune,2025-08-05,Active
EMP2776,Deepak Khan,Male,23,Married,Master's Degree,Sales,Sales Executive,Entry,Chennai,2025-04-19,Active
EMP2777,Isha Bhatt,Female,33,Married,Bachelor's Degree,HR,Senior HR Generalist,Senior,Mumbai,2021-05-28,Active
EMP2778,Ajay Rana,Male,27,Married,Diploma,Finance,Accountant,Mid,Bengaluru,2022-03-17,Active
EMP2779,Aarav Das,Male,44,Married,Bachelor's Degree,IT,Data Scientist,Senior,Gurugram,2023-03-25,Active
EMP2780,Priya Choudhary,Female,25,Married,Bachelor's Degree,IT,Software Engineer I,Entry,Hyderabad,2024-11-22,Active
EMP2781,Kiara Das,Female,47,Single,Master's Degree,IT,VP of Engineering,Director,Hyderabad,2010-06-02,Active
EMP2782,Saanvi Sharma,Female,50,Single,Bachelor's Degree,IT,IT Director,Director,Gurugram,2023-11-24,Exited
EMP2783,Karan Rana,Male,36,Married,Bachelor's Degree,HR,HR Generalist,Mid,Bengaluru,2019-07-31,Active
EMP2784,Kiara Shah,Female,37,Single,Master's Degree,Sales,Sales Manager,Manager,Delhi NCR,2014-08-10,Active
EMP2785,Krishna Mathur,Male,25,Single,High School,IT,Software Engineer I,Entry,Noida,2024-09-12,Active
EMP2786,Manish Kulkarni,Male,42,Divorced,Bachelor's Degree,Operations,Senior Operations Analyst,Senior,Hyderabad,2020-12-28,Active
EMP2787,Pari Dutta,Female,35,Married,Bachelor's Degree,Operations,Operations Manager,Manager,Mumbai,2022-11-24,Active
EMP2788,Pari Mathur,Female,37,Single,Diploma,Finance,Financial Analyst Lead,Senior,Delhi NCR,2018-05-26,Active
EMP2789,Varun Choudhary,Male,42,Married,Master's Degree,Customer Support,Senior Technical Support Engineer,Senior,Delhi NCR,2022-10-21,Active
EMP2790,Gaurav Rana,Male,30,Married,Master's Degree,Sales,Business Development Executive,Mid,Kolkata,2021-09-20,Active
EMP2791,Nikhil Rastogi,Male,30,Divorced,Master's Degree,Marketing,Brand Strategist,Senior,Chennai,2022-11-22,Active
EMP2792,Riya Agarwal,Female,36,Married,High School,IT,DevOps Engineer,Senior,Hyderabad,2017-12-29,Active
EMP2793,Priya Kulkarni,Female,25,Single,Master's Degree,Operations,Operations Executive,Entry,Mumbai,2025-08-10,Active
EMP2794,Ishaan Patel,Male,28,Married,Diploma,Procurement,Procurement Executive,Entry,Bengaluru,2025-09-23,Active
EMP2795,Ishaan Sharma,Male,34,Married,Bachelor's Degree,Marketing,Brand Strategist,Senior,Bengaluru,2024-09-23,Active
EMP2796,Shalini Kumar,Female,25,Single,Bachelor's Degree,Finance,Accountant,Mid,Pune,2024-10-13,Active
EMP2797,Swati Menon,Female,34,Married,Bachelor's Degree,HR,Talent Acquisition Specialist,Mid,Hyderabad,2020-03-23,Active
EMP2798,Kabir Shah,Male,41,Married,Bachelor's Degree,Sales,Regional Sales Manager,Manager,Delhi NCR,2015-06-24,Active
EMP2799,Nisha Agarwal,Female,30,Divorced,Master's Degree,Operations,Senior Operations Analyst,Senior,Delhi NCR,2020-09-22,Exited
EMP2800,Sneha Kulkarni,Female,34,Divorced,Bachelor's Degree,Marketing,Content Strategist,Mid,Pune,2024-04-29,Active
EMP2801,Ajay Kulkarni,Male,25,Single,Bachelor's Degree,Procurement,Vendor Coordinator,Mid,Noida,2024-01-08,Active
EMP2802,Kavya Chawla,Female,34,Married,Master's Degree,Finance,Senior Finance Analyst,Mid,Noida,2023-12-01,Active
EMP2803,Preeti Mathur,Female,39,Single,Bachelor's Degree,IT,Data Scientist,Senior,Gurugram,2019-05-31,Active
EMP2804,Aditya Chawla,Male,25,Single,Master's Degree,HR,HR Generalist,Mid,Pune,2025-09-21,Exited
EMP2805,Pari Ghosh,Female,31,Single,PhD,IT,Software Engineer II,Mid,Hyderabad,2024-02-15,Active
EMP2806,Meera Mehta,Female,37,Married,Bachelor's Degree,IT,Senior Software Engineer,Senior,Bengaluru,2016-04-14,Active
EMP2807,Aarav Khan,Male,36,Single,Bachelor's Degree,Sales,Senior Business Development Manager,Senior,Hyderabad,2011-05-18,Active
EMP2808,Gaurav Nair,Male,40,Married,High School,Operations,Operations Team Lead,Senior,Kolkata,2022-08-17,Exited
EMP2809,Isha Nair,Female,23,Single,Master's Degree,IT,Software Engineer I,Entry,Pune,2025-09-11,Exited
EMP2810,Vikram Das,Male,44,Single,Diploma,IT,Data Scientist,Senior,Pune,2013-12-31,Exited
EMP2811,Anil Choudhary,Male,29,Single,Bachelor's Degree,IT,Systems Administrator,Mid,Mumbai,2021-09-09,Active
EMP2812,Rahul Malhotra,Male,27,Single,Bachelor's Degree,Customer Support,Customer Support Associate,Entry,Delhi NCR,2024-04-22,Active
EMP2813,Kavya Sharma,Female,42,Single,Bachelor's Degree,Operations,Senior Operations Analyst,Senior,Chennai,2018-08-14,Active
EMP2814,Rey Saxena,Other,32,Married,Bachelor's Degree,IT,DevOps Engineer,Senior,Bengaluru,2019-11-21,Exited
EMP2815,Kavya Patel,Female,27,Single,High School,IT,Systems Administrator,Mid,Noida,2023-03-12,Active
EMP2816,Saanvi Singh,Female,29,Divorced,Master's Degree,Finance,Financial Analyst Lead,Senior,Pune,2019-03-12,Active
EMP2817,Sanjay Das,Male,22,Single,Master's Degree,Sales,Inside Sales Representative,Entry,Hyderabad,2025-08-15,Exited
EMP2818,Varun Chatterjee,Male,24,Single,Bachelor's Degree,HR,Talent Acquisition Associate,Entry,Mumbai,2025-05-26,Active
EMP2819,Pooja Rastogi,Female,27,Married,Master's Degree,Sales,Business Development Executive,Mid,Mumbai,2020-09-04,Active
EMP2820,Siddharth Verma,Male,36,Married,High School,Customer Support,Senior Support Associate,Mid,Bengaluru,2025-01-01,Active
EMP2821,Aadhya Patel,Female,36,Single,Bachelor's Degree,Sales,Senior Business Development Manager,Senior,Bengaluru,2022-03-07,Active
EMP2822,Gaurav Sharma,Male,40,Single,Bachelor's Degree,Operations,Process Excellence Manager,Manager,Delhi NCR,2011-05-21,Active
EMP2823,Aditya Saxena,Male,36,Married,Bachelor's Degree,IT,Senior Software Engineer,Senior,Gurugram,2013-01-03,Active
EMP2824,Isha Rana,Female,23,Single,Bachelor's Degree,Customer Support,Technical Support Associate,Entry,Delhi NCR,2025-05-27,Active
EMP2825,Reyansh Kulkarni,Male,26,Single,Bachelor's Degree,Procurement,Vendor Coordinator,Mid,Pune,2023-04-25,Active
EMP2826,Arjun Desai,Male,22,Single,Bachelor's Degree,Operations,Operations Executive,Entry,Mumbai,2025-08-10,Active
EMP2827,Vihaan Dutta,Male,32,Married,Bachelor's Degree,Sales,Key Account Manager,Senior,Chennai,2021-04-27,Active
EMP2828,Dhruv Kumar,Male,26,Married,Bachelor's Degree,IT,QA Engineer,Entry,Chennai,2023-06-06,Exited
EMP2829,Yash Gupta,Male,32,Married,Master's Degree,Marketing,Content Strategist,Mid,Hyderabad,2020-12-27,Active
EMP2830,Swati Agarwal,Female,31,Married,Bachelor's Degree,Operations,Operations Team Lead,Senior,Bengaluru,2023-03-20,Exited
EMP2831,Rajesh Kumar,Male,29,Married,Bachelor's Degree,IT,Data Scientist,Senior,Delhi NCR,2018-07-31,Exited
EMP2832,Preeti Joshi,Female,27,Single,High School,Sales,Inside Sales Representative,Entry,Bengaluru,2025-03-18,Exited
EMP2833,Dhruv Joshi,Male,26,Married,Master's Degree,Sales,Sales Executive,Entry,Noida,2024-11-22,Exited
EMP2834,Ishaan Das,Male,37,Divorced,Bachelor's Degree,Marketing,Senior Marketing Specialist,Senior,Hyderabad,2019-04-19,Active
EMP2835,Arjun Kapoor,Male,36,Single,Diploma,Operations,Operations Analyst,Mid,Bengaluru,2023-09-19,Active
EMP2836,Kavya Mukherjee,Female,24,Married,Bachelor's Degree,HR,Talent Acquisition Associate,Entry,Noida,2025-04-16,Active
EMP2837,Vidya Rao,Female,41,Single,Bachelor's Degree,HR,Talent Acquisition Manager,Manager,Hyderabad,2017-04-21,Active
EMP2838,Rekha Bose,Female,29,Married,Bachelor's Degree,IT,Data Analyst,Mid,Bengaluru,2021-10-10,Active
EMP2839,Aarav Naidu,Male,30,Married,High School,Sales,Senior Sales Executive,Mid,Noida,2022-10-23,Active
EMP2840,Anika Verma,Female,29,Married,Master's Degree,IT,Software Engineer I,Entry,Bengaluru,2025-08-13,Active
EMP2841,Pallavi Rao,Female,30,Single,Bachelor's Degree,Marketing,Digital Marketing Specialist,Mid,Pune,2024-07-12,Exited
EMP2842,Kiara Reddy,Female,27,Single,Master's Degree,Sales,Sales Executive,Entry,Pune,2023-09-13,Active
EMP2843,Arjun Gupta,Male,26,Single,Bachelor's Degree,Sales,Inside Sales Representative,Entry,Bengaluru,2025-09-13,Active
EMP2844,Pallavi Gupta,Female,30,Married,Bachelor's Degree,IT,Software Engineer II,Mid,Bengaluru,2021-04-15,Active
EMP2845,Anil Nair,Male,27,Single,Master's Degree,IT,Software Engineer II,Mid,Bengaluru,2022-03-22,Exited
EMP2846,Rekha Yadav,Female,40,Single,Master's Degree,HR,HR Manager,Manager,Pune,2015-01-05,Active
EMP2847,Siddharth Yadav,Male,45,Married,Master's Degree,IT,IT Project Manager,Manager,Kolkata,2009-04-26,Active
EMP2848,Ishaan Saxena,Male,26,Married,Bachelor's Degree,IT,QA Engineer,Entry,Gurugram,2025-02-05,Active
EMP2849,Reyansh Ghosh,Male,26,Married,Bachelor's Degree,Operations,Operations Executive,Entry,Gurugram,2025-04-25,Exited
EMP2850,Rekha Naidu,Female,39,Married,Master's Degree,Sales,Senior Business Development Manager,Senior,Delhi NCR,2014-08-10,Active
EMP2851,Ishaan Pandey,Male,39,Married,Bachelor's Degree,Sales,Sales Director,Director,Gurugram,2018-11-17,Active
EMP2852,Gaurav Chawla,Male,37,Single,High School,Sales,Sales Manager,Manager,Mumbai,2018-11-28,Active
EMP2853,Anil Pandey,Male,23,Single,Bachelor's Degree,Marketing,Digital Marketing Associate,Entry,Kolkata,2024-10-10,Active
EMP2854,Swati Pandey,Female,22,Single,Bachelor's Degree,Sales,Inside Sales Representative,Entry,Delhi NCR,2025-09-22,Active
EMP2855,Arjun Trivedi,Male,24,Single,Bachelor's Degree,Operations,Process Associate,Entry,Delhi NCR,2025-07-03,Active
EMP2856,Pari Choudhary,Female,43,Married,Master's Degree,Customer Support,Support Team Lead,Senior,Bengaluru,2019-10-30,Exited
EMP2857,Kabir Mehta,Male,33,Single,High School,Operations,Operations Analyst,Mid,Gurugram,2023-05-26,Active
EMP2858,Kiara Reddy,Female,30,Single,Bachelor's Degree,Sales,Business Development Executive,Mid,Pune,2021-07-06,Active
EMP2859,Sneha Pillai,Female,33,Single,Master's Degree,Operations,Senior Process Associate,Mid,Gurugram,2020-08-15,Active
EMP2860,Pooja Reddy,Female,23,Single,Master's Degree,Sales,Inside Sales Representative,Entry,Noida,2025-07-30,Exited
EMP2861,Isha Nair,Female,34,Single,Master's Degree,Sales,Business Development Executive,Mid,Bengaluru,2024-04-17,Exited
EMP2862,Deepak Sharma,Male,28,Married,Master's Degree,Finance,Accounts Executive,Entry,Pune,2025-04-26,Active
EMP2863,Vivaan Das,Male,38,Single,Diploma,Sales,Senior Business Development Manager,Senior,Chennai,2021-06-28,Active
EMP2864,Pooja Mathur,Female,31,Single,Bachelor's Degree,IT,Data Scientist,Senior,Bengaluru,2022-04-30,Active
EMP2865,Amit Mukherjee,Male,32,Married,Master's Degree,Sales,Senior Business Development Manager,Senior,Gurugram,2018-07-03,Active
EMP2866,Deepak Shah,Male,29,Married,Bachelor's Degree,IT,IT Support Engineer,Entry,Hyderabad,2025-09-10,Active
EMP2867,Preeti Pillai,Female,31,Married,Bachelor's Degree,Sales,Senior Business Development Manager,Senior,Mumbai,2018-06-04,Active
EMP2868,Rohan Das,Male,41,Single,Master's Degree,Finance,Senior Accountant,Senior,Chennai,2015-05-17,Active
EMP2869,Aarav Kulkarni,Male,26,Married,Bachelor's Degree,Customer Support,Technical Support Associate,Entry,Delhi NCR,2024-07-11,Exited
EMP2870,Riya Jain,Female,25,Married,Bachelor's Degree,IT,Software Engineer I,Entry,Pune,2025-08-17,Active
EMP2871,Manish Verma,Male,30,Widowed,Bachelor's Degree,HR,HR Generalist,Mid,Gurugram,2025-09-13,Active
EMP2872,Gaurav Agarwal,Male,29,Married,Bachelor's Degree,Sales,Sales Executive,Entry,Hyderabad,2025-03-10,Active
EMP2873,Rajesh Verma,Male,22,Single,Diploma,IT,IT Support Engineer,Entry,Bengaluru,2025-08-07,Active
EMP2874,Anil Malhotra,Male,23,Single,PhD,IT,Software Engineer I,Entry,Delhi NCR,2025-04-28,Active
EMP2875,Neha Khan,Female,26,Single,Bachelor's Degree,IT,QA Engineer,Entry,Noida,2025-04-29,Active
EMP2876,Meera Dutta,Female,35,Married,Bachelor's Degree,IT,Data Analyst,Mid,Gurugram,2021-07-10,Active
EMP2877,Ajay Mehta,Male,32,Married,Diploma,IT,Software Engineer II,Mid,Mumbai,2023-10-10,Active
EMP2878,Yash Pandey,Male,28,Single,Diploma,Sales,Sales Executive,Entry,Bengaluru,2024-09-04,Active
EMP2879,Sai Saxena,Male,33,Single,Diploma,Finance,Senior Accountant,Senior,Bengaluru,2021-06-05,Active
EMP2880,Dhruv Bose,Male,23,Single,Diploma,IT,IT Support Engineer,Entry,Hyderabad,2024-08-04,Exited
EMP2881,Pari Kumar,Female,26,Single,Bachelor's Degree,IT,QA Engineer,Entry,Kolkata,2025-09-06,Active
EMP2882,Priya Joshi,Female,27,Married,High School,IT,IT Support Engineer,Entry,Mumbai,2025-09-12,Active
EMP2883,Siddharth Mehta,Male,36,Married,Bachelor's Degree,Finance,Financial Analyst Lead,Senior,Noida,2019-10-27,Active
EMP2884,Anjali Sharma,Female,56,Single,Bachelor's Degree,Sales,VP of Sales,Director,Bengaluru,2018-02-14,Active
EMP2885,Ira Kulkarni,Female,27,Single,Bachelor's Degree,Finance,Senior Finance Analyst,Mid,Mumbai,2021-06-28,Active
EMP2886,Krishna Menon,Male,23,Single,Bachelor's Degree,IT,IT Support Engineer,Entry,Hyderabad,2025-02-05,Active
EMP2887,Isha Shah,Female,23,Single,Bachelor's Degree,IT,IT Support Engineer,Entry,Kolkata,2024-10-27,Active
EMP2888,Shalini Yadav,Female,25,Single,Bachelor's Degree,Customer Support,Customer Support Associate,Entry,Bengaluru,2025-07-11,Exited
EMP2889,Yash Kapoor,Male,38,Single,Bachelor's Degree,IT,IT Project Manager,Manager,Bengaluru,2024-10-21,Active
EMP2890,Kabir Rana,Male,26,Married,Bachelor's Degree,IT,Software Engineer I,Entry,Bengaluru,2024-11-27,Active
EMP2891,Anjali Saxena,Female,59,Married,Master's Degree,IT,VP of Engineering,Director,Bengaluru,2017-07-29,Active
EMP2892,Pari Bose,Female,34,Single,Bachelor's Degree,Procurement,Vendor Coordinator,Mid,Hyderabad,2024-05-23,Exited
EMP2893,Divya Rastogi,Female,30,Single,Bachelor's Degree,HR,Talent Acquisition Specialist,Mid,Kolkata,2022-07-05,Exited
EMP2894,Ajay Rao,Male,41,Single,Bachelor's Degree,HR,Talent Acquisition Manager,Manager,Chennai,2024-08-07,Active
EMP2895,Aadhya Gupta,Female,22,Single,High School,Procurement,Procurement Executive,Entry,Delhi NCR,2025-07-02,Active
EMP2896,Manish Dutta,Male,35,Single,Bachelor's Degree,IT,Data Scientist,Senior,Noida,2020-04-16,Exited
EMP2897,Aarav Iyer,Male,29,Married,Master's Degree,Procurement,Purchase Associate,Entry,Pune,2024-09-11,Active
EMP2898,Rahul Mukherjee,Male,46,Married,Master's Degree,IT,Technical Lead,Manager,Chennai,2016-04-28,Active
EMP2899,Diya Ghosh,Female,31,Single,Bachelor's Degree,HR,HR Generalist,Mid,Hyderabad,2024-04-19,Active
EMP2900,Rekha Mehta,Female,22,Married,Bachelor's Degree,Sales,Sales Executive,Entry,Pune,2025-06-27,Active
EMP2901,Saanvi Shah,Female,41,Single,PhD,Sales,Senior Business Development Manager,Senior,Bengaluru,2017-10-11,Active
EMP2902,Sai Joshi,Male,25,Single,Master's Degree,Customer Support,Customer Support Associate,Entry,Chennai,2025-09-03,Active
EMP2903,Vihaan Banerjee,Male,27,Single,Bachelor's Degree,IT,QA Engineer,Entry,Hyderabad,2024-05-23,Active
EMP2904,Diya Malhotra,Female,32,Single,Bachelor's Degree,Procurement,Senior Procurement Analyst,Senior,Hyderabad,2020-01-29,Active
EMP2905,Rahul Reddy,Male,26,Single,Master's Degree,Sales,Senior Sales Executive,Mid,Hyderabad,2022-01-11,Active
EMP2906,Vivaan Kapoor,Male,46,Single,Bachelor's Degree,HR,HR Manager,Manager,Mumbai,2018-01-10,Active
EMP2907,Riya Nair,Female,35,Single,Bachelor's Degree,Procurement,Procurement Analyst,Mid,Mumbai,2021-09-19,Active
EMP2908,Ira Ghosh,Female,33,Divorced,Bachelor's Degree,IT,Data Analyst,Mid,Gurugram,2023-06-04,Active
EMP2909,Kavya Rao,Female,23,Single,Bachelor's Degree,Customer Support,Technical Support Associate,Entry,Noida,2025-04-17,Active
EMP2910,Aryan Patel,Male,22,Divorced,High School,Finance,Accounts Executive,Entry,Gurugram,2025-04-20,Active
EMP2911,Harsh Trivedi,Male,59,Single,Master's Degree,Operations,Operations Director,Director,Mumbai,2021-11-24,Active
EMP2912,Rohan Shah,Male,26,Married,Bachelor's Degree,IT,QA Engineer,Entry,Mumbai,2025-07-01,Active
EMP2913,Arjun Pandey,Male,25,Single,Bachelor's Degree,Finance,Senior Finance Analyst,Mid,Kolkata,2025-02-06,Exited
EMP2914,Harsh Kumar,Male,27,Single,Master's Degree,Operations,Process Associate,Entry,Pune,2024-08-01,Active
EMP2915,Manish Shah,Male,27,Single,Bachelor's Degree,Sales,Inside Sales Representative,Entry,Hyderabad,2024-12-01,Active
EMP2916,Rekha Singh,Female,35,Single,Bachelor's Degree,IT,Systems Administrator,Mid,Delhi NCR,2020-11-28,Active
EMP2917,Aditya Chawla,Male,31,Single,Bachelor's Degree,IT,DevOps Engineer,Senior,Gurugram,2022-12-05,Active
EMP2918,Varun Mukherjee,Male,30,Married,Bachelor's Degree,Customer Support,Support Team Lead,Senior,Chennai,2022-09-14,Active
EMP2919,Harsh Shah,Male,44,Married,Bachelor's Degree,IT,Technical Lead,Manager,Pune,2021-01-04,Active
EMP2920,Kiara Bhatt,Female,29,Single,Master's Degree,Operations,Process Associate,Entry,Mumbai,2025-06-02,Active
EMP2921,Siddharth Mukherjee,Male,32,Married,Bachelor's Degree,Procurement,Vendor Coordinator,Mid,Delhi NCR,2025-08-07,Active
EMP2922,Sanjay Saxena,Male,25,Single,Diploma,IT,QA Engineer,Entry,Gurugram,2024-03-06,Active
EMP2923,Vihaan Rana,Male,33,Single,Bachelor's Degree,IT,Senior Software Engineer,Senior,Bengaluru,2020-10-14,Active
EMP2924,Arjun Bhatt,Male,22,Single,Bachelor's Degree,Operations,Process Associate,Entry,Chennai,2025-09-21,Exited
EMP2925,Pooja Joshi,Female,30,Single,Bachelor's Degree,IT,Systems Administrator,Mid,Bengaluru,2020-02-10,Active
EMP2926,Vihaan Chatterjee,Male,28,Single,PhD,HR,HR Executive,Entry,Hyderabad,2023-09-06,Active
EMP2927,Aarav Mathur,Male,29,Single,Bachelor's Degree,Operations,Operations Team Lead,Senior,Gurugram,2023-03-21,Active
EMP2928,Myra Kapoor,Female,35,Single,High School,HR,HR Business Partner,Senior,Bengaluru,2021-09-05,Active
EMP2929,Reyansh Patel,Male,47,Married,Bachelor's Degree,Sales,Regional Sales Manager,Manager,Bengaluru,2018-10-12,Active
EMP2930,Neha Mathur,Female,29,Married,Bachelor's Degree,Operations,Process Associate,Entry,Chennai,2025-09-22,Exited
EMP2931,Rahul Mathur,Male,48,Widowed,Bachelor's Degree,HR,HR Director,Director,Delhi NCR,2003-11-16,Active
EMP2932,Nisha Menon,Female,29,Single,Diploma,IT,Software Engineer I,Entry,Chennai,2025-08-02,Active
EMP2933,Harsh Chatterjee,Male,23,Single,Bachelor's Degree,Finance,Accounts Executive,Entry,Bengaluru,2025-09-13,Exited
EMP2934,Amit Malhotra,Male,28,Married,Master's Degree,Customer Support,Customer Support Associate,Entry,Bengaluru,2025-03-18,Active
EMP2935,Nikhil Yadav,Male,29,Married,High School,Operations,Operations Executive,Entry,Hyderabad,2022-10-21,Active
EMP2936,Sam Kapoor,Other,30,Single,Bachelor's Degree,Sales,Senior Sales Executive,Mid,Bengaluru,2024-04-26,Active
EMP2937,Manish Chatterjee,Male,27,Married,PhD,Sales,Inside Sales Representative,Entry,Pune,2025-09-07,Exited
EMP2938,Preeti Das,Female,34,Divorced,Bachelor's Degree,IT,Systems Administrator,Mid,Kolkata,2022-08-10,Active
EMP2939,Ira Chatterjee,Female,40,Single,Bachelor's Degree,IT,Senior Software Engineer,Senior,Pune,2022-07-04,Active
EMP2940,Rajesh Rao,Male,39,Divorced,Bachelor's Degree,IT,Data Scientist,Senior,Gurugram,2018-06-24,Active
EMP2941,Arjun Saxena,Male,34,Single,Bachelor's Degree,Procurement,Senior Procurement Analyst,Senior,Delhi NCR,2021-07-11,Active
EMP2942,Reyansh Rao,Male,34,Married,Bachelor's Degree,IT,Software Engineer II,Mid,Bengaluru,2022-02-09,Active
EMP2943,Navya Mukherjee,Female,22,Single,Bachelor's Degree,Marketing,Digital Marketing Associate,Entry,Hyderabad,2025-03-13,Exited
EMP2944,Saanvi Yadav,Female,44,Married,Master's Degree,IT,DevOps Engineer,Senior,Delhi NCR,2021-03-20,Exited
EMP2945,Vihaan Pillai,Male,28,Single,High School,Sales,Sales Executive,Entry,Bengaluru,2024-09-20,Active
EMP2946,Reyansh Singh,Male,26,Married,Bachelor's Degree,Sales,Sales Executive,Entry,Pune,2024-07-01,Active
EMP2947,Ananya Khan,Female,22,Single,Bachelor's Degree,Sales,Inside Sales Representative,Entry,Gurugram,2025-09-20,Active
EMP2948,Varun Iyer,Male,34,Single,Master's Degree,Marketing,Senior Marketing Specialist,Senior,Hyderabad,2023-02-09,Active
EMP2949,Sai Chawla,Male,34,Married,Bachelor's Degree,Customer Support,Senior Support Associate,Mid,Hyderabad,2022-07-12,Active
EMP2950,Dhruv Gupta,Male,43,Single,Bachelor's Degree,Customer Support,Support Team Lead,Senior,Gurugram,2013-04-30,Active
EMP2951,Arjun Pillai,Male,36,Married,Bachelor's Degree,IT,Data Analyst,Mid,Pune,2025-05-22,Exited
EMP2952,Shreya Jain,Female,29,Widowed,High School,Marketing,Content Strategist,Mid,Mumbai,2024-09-20,Exited
EMP2953,Myra Banerjee,Female,25,Single,High School,IT,Software Engineer II,Mid,Bengaluru,2024-03-25,Active
EMP2954,Krishna Bhatt,Male,27,Widowed,Bachelor's Degree,Customer Support,Customer Support Associate,Entry,Noida,2025-06-06,Active
EMP2955,Rohan Mehta,Male,29,Single,Bachelor's Degree,Finance,Accountant,Mid,Delhi NCR,2024-08-07,Active
EMP2956,Nisha Choudhary,Female,35,Married,Master's Degree,Sales,Key Account Manager,Senior,Kolkata,2015-01-01,Active
EMP2957,Rahul Iyer,Male,30,Married,Master's Degree,IT,Data Analyst,Mid,Gurugram,2023-05-25,Active
EMP2958,Aditya Saxena,Male,23,Divorced,Bachelor's Degree,IT,QA Engineer,Entry,Delhi NCR,2025-06-29,Active
EMP2959,Yash Desai,Male,35,Single,Master's Degree,IT,Data Scientist,Senior,Delhi NCR,2024-03-12,Active
EMP2960,Ananya Kapoor,Female,27,Widowed,Diploma,Customer Support,Technical Support Associate,Entry,Hyderabad,2023-10-15,Active
EMP2961,Kiara Gupta,Female,29,Married,Master's Degree,Marketing,Digital Marketing Associate,Entry,Pune,2025-09-06,Active
EMP2962,Myra Kapoor,Female,26,Married,Bachelor's Degree,Procurement,Purchase Associate,Entry,Gurugram,2025-09-19,Active
EMP2963,Dhruv Choudhary,Male,31,Married,Bachelor's Degree,IT,Software Engineer II,Mid,Mumbai,2024-10-29,Active
EMP2964,Sunita Kumar,Female,23,Single,High School,HR,Talent Acquisition Associate,Entry,Kolkata,2024-12-26,Active
EMP2965,Ishaan Malhotra,Male,31,Single,Bachelor's Degree,IT,Senior Software Engineer,Senior,Mumbai,2020-04-29,Active
EMP2966,Pari Reddy,Female,24,Single,Bachelor's Degree,Finance,Accounts Executive,Entry,Bengaluru,2025-03-17,Active
EMP2967,Deepak Mehta,Male,40,Married,Bachelor's Degree,Sales,Key Account Manager,Senior,Bengaluru,2012-04-18,Active
EMP2968,Vihaan Pandey,Male,29,Married,Master's Degree,Sales,Inside Sales Representative,Entry,Bengaluru,2024-02-16,Active
EMP2969,Amit Iyer,Male,36,Married,Master's Degree,Finance,Accountant,Mid,Chennai,2022-09-04,Active
EMP2970,Deepak Shah,Male,30,Married,Bachelor's Degree,IT,Senior Software Engineer,Senior,Hyderabad,2018-07-30,Active
EMP2971,Rajesh Kulkarni,Male,26,Married,Bachelor's Degree,Sales,Senior Sales Executive,Mid,Noida,2024-09-06,Active
EMP2972,Nisha Pandey,Female,23,Single,Master's Degree,Operations,Process Associate,Entry,Pune,2024-10-16,Active
EMP2973,Anjali Gupta,Female,33,Single,Bachelor's Degree,IT,Data Analyst,Mid,Chennai,2019-09-08,Active
EMP2974,Shalini Iyer,Female,55,Married,Bachelor's Degree,Customer Support,Customer Support Director,Director,Mumbai,2015-02-06,Exited
EMP2975,Krishna Menon,Male,44,Single,Master's Degree,Finance,VP of Finance,Director,Noida,2022-10-15,Active
EMP2976,Ishaan Desai,Male,29,Divorced,Bachelor's Degree,Marketing,Marketing Executive,Entry,Gurugram,2023-09-24,Active
EMP2977,Vivaan Joshi,Male,43,Divorced,Bachelor's Degree,Operations,Senior Operations Analyst,Senior,Hyderabad,2021-04-26,Active
EMP2978,Kabir Jain,Male,30,Married,Bachelor's Degree,Operations,Operations Analyst,Mid,Delhi NCR,2020-08-18,Active
EMP2979,Amit Rastogi,Male,24,Single,Bachelor's Degree,Operations,Operations Executive,Entry,Hyderabad,2025-08-16,Active
EMP2980,Myra Khan,Female,37,Married,Master's Degree,Customer Support,Support Team Lead,Senior,Bengaluru,2022-12-31,Active
EMP2981,Neha Chatterjee,Female,27,Single,Master's Degree,HR,HR Generalist,Mid,Hyderabad,2021-05-21,Active
EMP2982,Vikram Nair,Male,34,Married,Master's Degree,IT,Systems Administrator,Mid,Hyderabad,2023-06-25,Active
EMP2983,Nisha Kumar,Female,36,Widowed,Bachelor's Degree,IT,Data Scientist,Senior,Mumbai,2019-07-10,Exited
EMP2984,Rekha Iyer,Female,29,Married,Master's Degree,HR,Talent Acquisition Associate,Entry,Delhi NCR,2024-09-10,Active
EMP2985,Deepak Mukherjee,Male,35,Divorced,Bachelor's Degree,IT,Senior Software Engineer,Senior,Kolkata,2024-03-10,Active
EMP2986,Isha Bose,Female,32,Single,Bachelor's Degree,IT,Systems Administrator,Mid,Mumbai,2022-02-17,Active
EMP2987,Vihaan Chatterjee,Male,26,Married,Bachelor's Degree,IT,Software Engineer I,Entry,Gurugram,2025-02-10,Active
EMP2988,Varun Iyer,Male,26,Married,Bachelor's Degree,Finance,Accountant,Mid,Mumbai,2025-02-03,Exited
EMP2989,Sam Agarwal,Other,58,Single,Master's Degree,IT,IT Director,Director,Pune,2015-10-28,Active
EMP2990,Saanvi Rana,Female,36,Married,Master's Degree,HR,Talent Acquisition Specialist,Mid,Pune,2020-01-04,Active
EMP2991,Harsh Patel,Male,27,Single,Bachelor's Degree,Marketing,Digital Marketing Associate,Entry,Chennai,2025-09-14,Active
EMP2992,Sai Saxena,Male,34,Married,Diploma,Marketing,Brand Strategist,Senior,Bengaluru,2020-09-21,Active
EMP2993,Divya Trivedi,Female,52,Single,Master's Degree,Sales,VP of Sales,Director,Hyderabad,2004-06-05,Active
EMP2994,Yash Pillai,Male,45,Single,Master's Degree,Finance,Finance Manager,Manager,Gurugram,2024-10-13,Active
EMP2995,Navya Ghosh,Female,35,Divorced,Bachelor's Degree,Finance,Senior Finance Analyst,Mid,Hyderabad,2024-01-11,Exited
EMP2996,Meera Menon,Female,27,Married,Bachelor's Degree,Sales,Business Development Executive,Mid,Bengaluru,2022-09-12,Active
EMP2997,Ishaan Kumar,Male,35,Married,Master's Degree,Operations,Senior Process Associate,Mid,Hyderabad,2025-03-17,Exited
EMP2998,Divya Menon,Female,31,Divorced,High School,IT,Data Scientist,Senior,Bengaluru,2022-06-28,Exited
EMP2999,Sneha Reddy,Female,48,Married,Bachelor's Degree,Procurement,Procurement Manager,Manager,Hyderabad,2011-12-24,Exited
EMP3000,Preeti Naidu,Female,38,Married,Master's Degree,IT,Senior Software Engineer,Senior,Hyderabad,2019-09-21,Active
